# -*- coding: utf-8 -*-

# Resource object code
#
# Created by: The Resource Compiler for PyQt5 (Qt v5.15.14)
#
# WARNING! All changes made in this file will be lost!

from PyQt5 import QtCore

qt_resource_data = b"\
\x00\x00\x05\xaa\
\x23\
\x23\x23\x23\x20\x56\x61\x72\x69\x61\x74\x69\x6f\x6e\x20\x4e\x43\
\x30\x30\x31\x35\x32\x36\x20\x6e\x75\x63\x6c\x65\x6f\x74\x69\x64\
\x65\x20\x70\x6f\x73\x69\x74\x69\x6f\x6e\x20\x36\x34\x37\x0a\x0a\
\x54\x68\x65\x20\x6e\x75\x63\x6c\x65\x6f\x74\x69\x64\x65\x20\x76\
\x61\x72\x69\x61\x74\x69\x6f\x6e\x20\x41\x36\x34\x37\x47\x20\x6f\
\x66\x20\x74\x68\x65\x20\x48\x50\x56\x31\x36\x20\x45\x37\x20\x67\
\x65\x6e\x65\x20\x69\x6e\x64\x75\x63\x65\x73\x20\x74\x68\x65\x20\
\x61\x6d\x69\x6e\x6f\x20\x61\x63\x69\x64\x20\x63\x68\x61\x6e\x67\
\x65\x20\x4e\x32\x39\x53\x2e\x20\x52\x65\x63\x65\x6e\x74\x20\x73\
\x74\x75\x64\x69\x65\x73\x20\x68\x61\x76\x65\x20\x72\x65\x76\x65\
\x61\x6c\x65\x64\x20\x74\x68\x61\x74\x20\x74\x68\x65\x20\x4e\x32\
\x39\x53\x20\x69\x73\x20\x6d\x6f\x72\x65\x20\x66\x72\x65\x71\x75\
\x65\x6e\x74\x6c\x79\x20\x64\x65\x74\x65\x63\x74\x65\x64\x20\x69\
\x6e\x20\x48\x53\x49\x4c\x73\x20\x61\x6e\x64\x20\x63\x65\x72\x76\
\x69\x63\x61\x6c\x20\x63\x61\x6e\x63\x65\x72\x20\x69\x6e\x63\x69\
\x64\x65\x6e\x63\x65\x73\x20\x69\x6e\x20\x70\x61\x74\x69\x65\x6e\
\x74\x73\x20\x66\x72\x6f\x6d\x20\x4b\x6f\x72\x65\x61\x2c\x20\x43\
\x68\x69\x6e\x61\x20\x61\x6e\x64\x20\x53\x68\x61\x6e\x67\x68\x61\
\x69\x20\x28\x5b\x31\x5d\x28\x29\x2d\x5b\x34\x5d\x28\x29\x29\x2e\
\x0a\x0a\x23\x23\x23\x23\x20\x43\x69\x74\x61\x74\x69\x6f\x6e\x73\
\x0a\x0a\x2a\x20\x5b\x31\x5d\x20\x20\x5a\x68\x6f\x75\x2c\x20\x5a\
\x2e\x2c\x20\x65\x74\x20\x61\x6c\x2e\x20\x28\x32\x30\x31\x39\x29\
\x20\x48\x75\x6d\x61\x6e\x20\x70\x61\x70\x69\x6c\x6c\x6f\x6d\x61\
\x76\x69\x72\x75\x73\x20\x74\x79\x70\x65\x20\x31\x36\x20\x45\x36\
\x20\x61\x6e\x64\x20\x45\x37\x20\x67\x65\x6e\x65\x20\x76\x61\x72\
\x69\x61\x74\x69\x6f\x6e\x73\x20\x61\x73\x73\x6f\x63\x69\x61\x74\
\x65\x64\x20\x77\x69\x74\x68\x20\x63\x65\x72\x76\x69\x63\x61\x6c\
\x20\x63\x61\x6e\x63\x65\x72\x20\x69\x6e\x20\x61\x20\x48\x61\x6e\
\x20\x43\x68\x69\x6e\x65\x73\x65\x20\x70\x6f\x70\x75\x6c\x61\x74\
\x69\x6f\x6e\x2e\x20\x49\x6e\x66\x65\x63\x74\x20\x47\x65\x6e\x65\
\x74\x20\x45\x76\x6f\x6c\x20\x37\x33\x2c\x20\x31\x33\x2d\x32\x30\
\x20\x20\x0a\x0a\x09\x2a\x2a\x50\x4d\x49\x44\x3a\x20\x33\x30\x39\
\x38\x31\x38\x38\x30\x2a\x2a\x20\x5b\x50\x75\x62\x6d\x65\x64\x20\
\x6c\x69\x6e\x6b\x5d\x28\x68\x74\x74\x70\x73\x3a\x2f\x2f\x70\x75\
\x62\x6d\x65\x64\x2e\x6e\x63\x62\x69\x2e\x6e\x6c\x6d\x2e\x6e\x69\
\x68\x2e\x67\x6f\x76\x2f\x33\x30\x39\x38\x31\x38\x38\x30\x2f\x29\
\x0a\x0a\x2a\x20\x5b\x32\x5d\x20\x20\x5a\x68\x61\x6f\x2c\x20\x4a\
\x2e\x2c\x20\x65\x74\x20\x61\x6c\x2e\x20\x28\x32\x30\x31\x39\x29\
\x20\x50\x68\x79\x6c\x6f\x67\x65\x6e\x79\x20\x61\x6e\x64\x20\x70\
\x6f\x6c\x79\x6d\x6f\x72\x70\x68\x69\x73\x6d\x20\x69\x6e\x20\x74\
\x68\x65\x20\x45\x36\x20\x61\x6e\x64\x20\x45\x37\x20\x6f\x66\x20\
\x68\x75\x6d\x61\x6e\x20\x70\x61\x70\x69\x6c\x6c\x6f\x6d\x61\x76\
\x69\x72\x75\x73\x3a\x20\x61\x6c\x70\x68\x61\x2d\x39\x20\x28\x48\
\x50\x56\x31\x36\x2c\x20\x33\x31\x2c\x20\x33\x33\x2c\x20\x35\x32\
\x2c\x20\x35\x38\x29\x2c\x20\x61\x6c\x70\x68\x61\x2d\x35\x20\x28\
\x48\x50\x56\x35\x31\x29\x2c\x20\x61\x6c\x70\x68\x61\x2d\x36\x20\
\x28\x48\x50\x56\x35\x33\x2c\x20\x36\x36\x29\x2c\x20\x61\x6c\x70\
\x68\x61\x2d\x37\x20\x28\x48\x50\x56\x31\x38\x2c\x20\x33\x39\x2c\
\x20\x35\x39\x2c\x20\x36\x38\x29\x20\x61\x6e\x64\x20\x61\x6c\x70\
\x68\x61\x2d\x31\x30\x20\x28\x48\x50\x56\x36\x2c\x20\x34\x34\x29\
\x20\x69\x6e\x20\x77\x6f\x6d\x65\x6e\x20\x66\x72\x6f\x6d\x20\x53\
\x68\x61\x6e\x67\x68\x61\x69\x2e\x20\x49\x6e\x66\x65\x63\x74\x20\
\x41\x67\x65\x6e\x74\x20\x43\x61\x6e\x63\x65\x72\x20\x31\x34\x2c\
\x20\x33\x38\x20\x20\x0a\x09\x0a\x09\x2a\x2a\x50\x4d\x49\x44\x3a\
\x20\x33\x31\x38\x33\x32\x30\x38\x37\x2a\x2a\x20\x5b\x50\x75\x62\
\x6d\x65\x64\x20\x6c\x69\x6e\x6b\x5d\x28\x68\x74\x74\x70\x73\x3a\
\x2f\x2f\x70\x75\x62\x6d\x65\x64\x2e\x6e\x63\x62\x69\x2e\x6e\x6c\
\x6d\x2e\x6e\x69\x68\x2e\x67\x6f\x76\x2f\x33\x31\x38\x33\x32\x30\
\x38\x37\x2f\x29\x0a\x0a\x2a\x20\x5b\x33\x5d\x20\x20\x53\x6f\x6e\
\x67\x2c\x20\x59\x2e\x53\x2e\x2c\x20\x65\x74\x20\x61\x6c\x2e\x20\
\x28\x31\x39\x39\x37\x29\x20\x4d\x61\x6a\x6f\x72\x20\x73\x65\x71\
\x75\x65\x6e\x63\x65\x20\x76\x61\x72\x69\x61\x6e\x74\x73\x20\x69\
\x6e\x20\x45\x37\x20\x67\x65\x6e\x65\x20\x6f\x66\x20\x68\x75\x6d\
\x61\x6e\x20\x70\x61\x70\x69\x6c\x6c\x6f\x6d\x61\x76\x69\x72\x75\
\x73\x20\x74\x79\x70\x65\x20\x31\x36\x20\x66\x72\x6f\x6d\x20\x63\
\x65\x72\x76\x69\x63\x61\x6c\x20\x63\x61\x6e\x63\x65\x72\x6f\x75\
\x73\x20\x61\x6e\x64\x20\x6e\x6f\x6e\x63\x61\x6e\x63\x65\x72\x6f\
\x75\x73\x20\x6c\x65\x73\x69\x6f\x6e\x73\x20\x6f\x66\x20\x4b\x6f\
\x72\x65\x61\x6e\x20\x77\x6f\x6d\x65\x6e\x2e\x20\x47\x79\x6e\x65\
\x63\x6f\x6c\x20\x4f\x6e\x63\x6f\x6c\x20\x36\x36\x28\x32\x29\x2c\
\x20\x32\x37\x35\x2d\x38\x31\x20\x20\x0a\x09\x0a\x09\x2a\x2a\x50\
\x4d\x49\x44\x3a\x20\x39\x32\x36\x34\x35\x37\x36\x2a\x2a\x20\x5b\
\x50\x75\x62\x6d\x65\x64\x20\x6c\x69\x6e\x6b\x5d\x28\x68\x74\x74\
\x70\x73\x3a\x2f\x2f\x70\x75\x62\x6d\x65\x64\x2e\x6e\x63\x62\x69\
\x2e\x6e\x6c\x6d\x2e\x6e\x69\x68\x2e\x67\x6f\x76\x2f\x39\x32\x36\
\x34\x35\x37\x36\x2f\x29\x0a\x0a\x2a\x20\x5b\x34\x5d\x20\x20\x46\
\x75\x6a\x69\x6e\x61\x67\x61\x2c\x20\x59\x2e\x2c\x20\x65\x74\x20\
\x61\x6c\x2e\x20\x28\x31\x39\x39\x34\x29\x20\x53\x65\x71\x75\x65\
\x6e\x63\x65\x20\x76\x61\x72\x69\x61\x74\x69\x6f\x6e\x20\x6f\x66\
\x20\x68\x75\x6d\x61\x6e\x20\x70\x61\x70\x69\x6c\x6c\x6f\x6d\x61\
\x76\x69\x72\x75\x73\x20\x74\x79\x70\x65\x20\x31\x36\x20\x45\x37\
\x20\x69\x6e\x20\x70\x72\x65\x69\x6e\x76\x61\x73\x69\x76\x65\x20\
\x61\x6e\x64\x20\x69\x6e\x76\x61\x73\x69\x76\x65\x20\x63\x65\x72\
\x76\x69\x63\x61\x6c\x20\x6e\x65\x6f\x70\x6c\x61\x73\x69\x61\x73\
\x2e\x20\x56\x69\x72\x75\x73\x20\x47\x65\x6e\x65\x73\x20\x39\x28\
\x31\x29\x2c\x20\x38\x35\x2d\x39\x32\x20\x20\x0a\x09\x0a\x09\x2a\
\x2a\x50\x4d\x49\x44\x3a\x20\x37\x38\x37\x31\x37\x36\x35\x2a\x2a\
\x20\x5b\x50\x75\x62\x6d\x65\x64\x20\x6c\x69\x6e\x6b\x5d\x28\x68\
\x74\x74\x70\x73\x3a\x2f\x2f\x70\x75\x62\x6d\x65\x64\x2e\x6e\x63\
\x62\x69\x2e\x6e\x6c\x6d\x2e\x6e\x69\x68\x2e\x67\x6f\x76\x2f\x37\
\x38\x37\x31\x37\x36\x35\x2f\x29\x0a\
\x00\x00\x07\x12\
\x23\
\x23\x23\x23\x20\x56\x61\x72\x69\x61\x74\x69\x6f\x6e\x20\x4e\x43\
\x30\x30\x31\x35\x32\x36\x20\x6e\x75\x63\x6c\x65\x6f\x74\x69\x64\
\x65\x20\x70\x6f\x73\x69\x74\x69\x6f\x6e\x20\x37\x34\x39\x0a\x0a\
\x54\x68\x65\x20\x6e\x75\x63\x6c\x65\x6f\x74\x69\x64\x65\x20\x76\
\x61\x72\x69\x61\x74\x69\x6f\x6e\x20\x43\x37\x34\x39\x54\x20\x6f\
\x66\x20\x74\x68\x65\x20\x48\x50\x56\x31\x36\x20\x45\x37\x20\x67\
\x65\x6e\x65\x20\x69\x6e\x64\x75\x63\x65\x73\x20\x74\x68\x65\x20\
\x61\x6d\x69\x6e\x6f\x20\x61\x63\x69\x64\x20\x63\x68\x61\x6e\x67\
\x65\x20\x53\x36\x33\x46\x20\x69\x6e\x20\x74\x68\x65\x20\x45\x37\
\x20\x6f\x6e\x63\x6f\x70\x72\x6f\x74\x65\x69\x6e\x2e\x20\x0a\x41\
\x20\x72\x65\x63\x65\x6e\x74\x20\x61\x6e\x61\x6c\x79\x73\x69\x73\
\x20\x69\x6e\x20\x48\x61\x6e\x20\x43\x68\x69\x6e\x65\x73\x65\x20\
\x70\x6f\x70\x75\x6c\x61\x74\x69\x6f\x6e\x20\x72\x65\x76\x65\x61\
\x6c\x65\x64\x20\x74\x68\x61\x74\x20\x74\x68\x65\x72\x65\x20\x69\
\x73\x20\x73\x74\x72\x6f\x6e\x67\x20\x72\x65\x6c\x61\x74\x69\x6f\
\x6e\x73\x68\x69\x70\x20\x62\x65\x74\x77\x65\x65\x6e\x20\x53\x36\
\x33\x46\x20\x61\x6e\x64\x20\x63\x65\x72\x76\x69\x63\x61\x6c\x20\
\x63\x61\x6e\x63\x65\x72\x20\x72\x69\x73\x6b\x20\x28\x5b\x31\x5d\
\x28\x29\x29\x2e\x20\x0a\x54\x68\x65\x20\x64\x69\x73\x74\x72\x69\
\x62\x75\x74\x69\x6f\x6e\x20\x6f\x66\x20\x53\x36\x33\x46\x20\x64\
\x69\x66\x66\x65\x72\x73\x20\x61\x6d\x6f\x6e\x67\x20\x73\x74\x75\
\x64\x69\x65\x73\x20\x69\x6e\x63\x6c\x75\x64\x69\x6e\x67\x20\x31\
\x34\x2e\x33\x25\x20\x66\x6f\x72\x20\x53\x69\x63\x68\x75\x61\x6e\
\x20\x69\x6e\x20\x63\x65\x6e\x74\x72\x61\x6c\x20\x43\x68\x69\x6e\
\x61\x20\x28\x5b\x32\x5d\x28\x29\x29\x20\x35\x39\x2e\x35\xe2\x80\
\x8a\x25\x20\x66\x6f\x72\x20\x4b\x6f\x72\x65\x61\x20\x28\x5b\x33\
\x5d\x28\x29\x29\x2c\x20\x30\x2e\x39\xe2\x80\x8a\x25\x20\x66\x6f\
\x72\x20\x47\x65\x72\x6d\x61\x6e\x79\x20\x28\x5b\x34\x5d\x28\x29\
\x29\x20\x61\x6e\x64\x20\x33\x36\x2e\x34\xe2\x80\x8a\x25\x20\x66\
\x6f\x72\x20\x54\x61\x6e\x7a\x61\x6e\x69\x61\x20\x28\x5b\x35\x5d\
\x28\x29\x29\x0a\x0a\x23\x23\x23\x23\x20\x43\x69\x74\x61\x74\x69\
\x6f\x6e\x73\x0a\x0a\x2a\x20\x5b\x31\x5d\x20\x20\x5a\x68\x6f\x75\
\x2c\x20\x5a\x2e\x2c\x20\x65\x74\x20\x61\x6c\x2e\x20\x28\x32\x30\
\x31\x39\x29\x20\x48\x75\x6d\x61\x6e\x20\x70\x61\x70\x69\x6c\x6c\
\x6f\x6d\x61\x76\x69\x72\x75\x73\x20\x74\x79\x70\x65\x20\x31\x36\
\x20\x45\x36\x20\x61\x6e\x64\x20\x45\x37\x20\x67\x65\x6e\x65\x20\
\x76\x61\x72\x69\x61\x74\x69\x6f\x6e\x73\x20\x61\x73\x73\x6f\x63\
\x69\x61\x74\x65\x64\x20\x77\x69\x74\x68\x20\x63\x65\x72\x76\x69\
\x63\x61\x6c\x20\x63\x61\x6e\x63\x65\x72\x20\x69\x6e\x20\x61\x20\
\x48\x61\x6e\x20\x43\x68\x69\x6e\x65\x73\x65\x20\x70\x6f\x70\x75\
\x6c\x61\x74\x69\x6f\x6e\x2e\x20\x49\x6e\x66\x65\x63\x74\x20\x47\
\x65\x6e\x65\x74\x20\x45\x76\x6f\x6c\x20\x37\x33\x2c\x20\x31\x33\
\x2d\x32\x30\x20\x20\x0a\x09\x0a\x09\x2a\x2a\x50\x4d\x49\x44\x3a\
\x20\x33\x30\x39\x38\x31\x38\x38\x30\x2a\x2a\x20\x5b\x50\x75\x62\
\x6d\x65\x64\x20\x6c\x69\x6e\x6b\x5d\x28\x68\x74\x74\x70\x73\x3a\
\x2f\x2f\x70\x75\x62\x6d\x65\x64\x2e\x6e\x63\x62\x69\x2e\x6e\x6c\
\x6d\x2e\x6e\x69\x68\x2e\x67\x6f\x76\x2f\x33\x30\x39\x38\x31\x38\
\x38\x30\x2f\x29\x0a\x0a\x2a\x20\x5b\x32\x5d\x20\x20\x53\x74\x65\
\x70\x68\x65\x6e\x2c\x20\x41\x2e\x4c\x2e\x2c\x20\x65\x74\x20\x61\
\x6c\x2e\x20\x28\x32\x30\x30\x30\x29\x20\x41\x6e\x61\x6c\x79\x73\
\x69\x73\x20\x6f\x66\x20\x6d\x75\x74\x61\x74\x69\x6f\x6e\x73\x20\
\x69\x6e\x20\x74\x68\x65\x20\x55\x52\x52\x20\x61\x6e\x64\x20\x45\
\x36\x2f\x45\x37\x20\x6f\x6e\x63\x6f\x67\x65\x6e\x65\x73\x20\x6f\
\x66\x20\x48\x50\x56\x20\x31\x36\x20\x63\x65\x72\x76\x69\x63\x61\
\x6c\x20\x63\x61\x6e\x63\x65\x72\x20\x69\x73\x6f\x6c\x61\x74\x65\
\x73\x20\x66\x72\x6f\x6d\x20\x63\x65\x6e\x74\x72\x61\x6c\x20\x43\
\x68\x69\x6e\x61\x2e\x20\x49\x6e\x74\x20\x4a\x20\x43\x61\x6e\x63\
\x65\x72\x20\x38\x36\x28\x35\x29\x2c\x20\x36\x39\x35\x2d\x37\x30\
\x31\x20\x20\x20\x20\x0a\x09\x0a\x09\x2a\x2a\x50\x4d\x49\x44\x3a\
\x20\x31\x30\x37\x39\x37\x32\x39\x33\x2a\x2a\x20\x5b\x50\x75\x62\
\x6d\x65\x64\x20\x6c\x69\x6e\x6b\x5d\x28\x68\x74\x74\x70\x73\x3a\
\x2f\x2f\x70\x75\x62\x6d\x65\x64\x2e\x6e\x63\x62\x69\x2e\x6e\x6c\
\x6d\x2e\x6e\x69\x68\x2e\x67\x6f\x76\x2f\x31\x30\x37\x39\x37\x32\
\x39\x33\x2f\x29\x0a\x0a\x2a\x20\x5b\x33\x5d\x20\x20\x53\x6f\x6e\
\x67\x2c\x20\x59\x2e\x53\x2e\x2c\x20\x65\x74\x20\x61\x6c\x2e\x20\
\x28\x31\x39\x39\x37\x29\x20\x4d\x61\x6a\x6f\x72\x20\x73\x65\x71\
\x75\x65\x6e\x63\x65\x20\x76\x61\x72\x69\x61\x6e\x74\x73\x20\x69\
\x6e\x20\x45\x37\x20\x67\x65\x6e\x65\x20\x6f\x66\x20\x68\x75\x6d\
\x61\x6e\x20\x70\x61\x70\x69\x6c\x6c\x6f\x6d\x61\x76\x69\x72\x75\
\x73\x20\x74\x79\x70\x65\x20\x31\x36\x20\x66\x72\x6f\x6d\x20\x63\
\x65\x72\x76\x69\x63\x61\x6c\x20\x63\x61\x6e\x63\x65\x72\x6f\x75\
\x73\x20\x61\x6e\x64\x20\x6e\x6f\x6e\x63\x61\x6e\x63\x65\x72\x6f\
\x75\x73\x20\x6c\x65\x73\x69\x6f\x6e\x73\x20\x6f\x66\x20\x4b\x6f\
\x72\x65\x61\x6e\x20\x77\x6f\x6d\x65\x6e\x2e\x20\x47\x79\x6e\x65\
\x63\x6f\x6c\x20\x4f\x6e\x63\x6f\x6c\x20\x36\x36\x28\x32\x29\x2c\
\x20\x32\x37\x35\x2d\x38\x31\x20\x20\x0a\x09\x0a\x09\x2a\x2a\x50\
\x4d\x49\x44\x3a\x20\x39\x32\x36\x34\x35\x37\x36\x2a\x2a\x20\x5b\
\x50\x75\x62\x6d\x65\x64\x20\x6c\x69\x6e\x6b\x5d\x28\x68\x74\x74\
\x70\x73\x3a\x2f\x2f\x70\x75\x62\x6d\x65\x64\x2e\x6e\x63\x62\x69\
\x2e\x6e\x6c\x6d\x2e\x6e\x69\x68\x2e\x67\x6f\x76\x2f\x39\x32\x36\
\x34\x35\x37\x36\x2f\x29\x0a\x0a\x2a\x20\x5b\x34\x5d\x20\x20\x4e\
\x69\x6e\x64\x6c\x2c\x20\x49\x2e\x2c\x20\x65\x74\x20\x61\x6c\x2e\
\x20\x28\x31\x39\x39\x39\x29\x20\x55\x6e\x69\x66\x6f\x72\x6d\x20\
\x64\x69\x73\x74\x72\x69\x62\x75\x74\x69\x6f\x6e\x20\x6f\x66\x20\
\x48\x50\x56\x20\x31\x36\x20\x45\x36\x20\x61\x6e\x64\x20\x45\x37\
\x20\x76\x61\x72\x69\x61\x6e\x74\x73\x20\x69\x6e\x20\x70\x61\x74\
\x69\x65\x6e\x74\x73\x20\x77\x69\x74\x68\x20\x6e\x6f\x72\x6d\x61\
\x6c\x20\x68\x69\x73\x74\x6f\x6c\x6f\x67\x79\x2c\x20\x63\x65\x72\
\x76\x69\x63\x61\x6c\x20\x69\x6e\x74\x72\x61\x2d\x65\x70\x69\x74\
\x68\x65\x6c\x69\x61\x6c\x20\x6e\x65\x6f\x70\x6c\x61\x73\x69\x61\
\x20\x61\x6e\x64\x20\x63\x65\x72\x76\x69\x63\x61\x6c\x20\x63\x61\
\x6e\x63\x65\x72\x2e\x20\x49\x6e\x74\x20\x4a\x20\x43\x61\x6e\x63\
\x65\x72\x20\x38\x32\x28\x32\x29\x2c\x20\x32\x30\x33\x2d\x37\x20\
\x20\x20\x20\x0a\x09\x0a\x09\x2a\x2a\x50\x4d\x49\x44\x3a\x20\x31\
\x30\x33\x38\x39\x37\x35\x33\x2a\x2a\x20\x5b\x50\x75\x62\x6d\x65\
\x64\x20\x6c\x69\x6e\x6b\x5d\x28\x68\x74\x74\x70\x73\x3a\x2f\x2f\
\x70\x75\x62\x6d\x65\x64\x2e\x6e\x63\x62\x69\x2e\x6e\x6c\x6d\x2e\
\x6e\x69\x68\x2e\x67\x6f\x76\x2f\x31\x30\x33\x38\x39\x37\x35\x33\
\x2f\x29\x0a\x0a\x2a\x20\x5b\x35\x5d\x20\x20\x45\x73\x63\x68\x6c\
\x65\x2c\x20\x44\x2e\x2c\x20\x65\x74\x20\x61\x6c\x2e\x20\x28\x31\
\x39\x39\x32\x29\x20\x47\x65\x6f\x67\x72\x61\x70\x68\x69\x63\x61\
\x6c\x20\x64\x65\x70\x65\x6e\x64\x65\x6e\x63\x65\x20\x6f\x66\x20\
\x73\x65\x71\x75\x65\x6e\x63\x65\x20\x76\x61\x72\x69\x61\x74\x69\
\x6f\x6e\x20\x69\x6e\x20\x74\x68\x65\x20\x45\x37\x20\x67\x65\x6e\
\x65\x20\x6f\x66\x20\x68\x75\x6d\x61\x6e\x20\x70\x61\x70\x69\x6c\
\x6c\x6f\x6d\x61\x76\x69\x72\x75\x73\x20\x74\x79\x70\x65\x20\x31\
\x36\x2e\x20\x4a\x20\x47\x65\x6e\x20\x56\x69\x72\x6f\x6c\x20\x37\
\x33\x20\x28\x20\x50\x74\x20\x37\x29\x2c\x20\x31\x38\x32\x39\x2d\
\x33\x32\x20\x0a\x09\x0a\x09\x2a\x2a\x50\x4d\x49\x44\x3a\x20\x31\
\x33\x32\x31\x32\x31\x36\x2a\x2a\x20\x5b\x50\x75\x62\x6d\x65\x64\
\x20\x6c\x69\x6e\x6b\x5d\x28\x68\x74\x74\x70\x73\x3a\x2f\x2f\x70\
\x75\x62\x6d\x65\x64\x2e\x6e\x63\x62\x69\x2e\x6e\x6c\x6d\x2e\x6e\
\x69\x68\x2e\x67\x6f\x76\x2f\x31\x33\x32\x31\x32\x31\x36\x2f\x29\
\x0a\
\x00\x00\x04\x45\
\x23\
\x23\x23\x23\x20\x56\x61\x72\x69\x61\x74\x69\x6f\x6e\x20\x4e\x43\
\x30\x30\x31\x35\x32\x36\x20\x6e\x75\x63\x6c\x65\x6f\x74\x69\x64\
\x65\x20\x70\x6f\x73\x69\x74\x69\x6f\x6e\x20\x31\x34\x35\x0a\x0a\
\x54\x68\x65\x20\x6e\x75\x63\x6c\x65\x6f\x74\x69\x64\x65\x20\x76\
\x61\x72\x69\x61\x74\x69\x6f\x6e\x73\x20\x47\x31\x34\x35\x54\x20\
\x61\x6e\x64\x20\x43\x33\x33\x35\x54\x20\x6f\x66\x20\x74\x68\x65\
\x20\x48\x50\x56\x31\x36\x20\x45\x36\x20\x67\x65\x6e\x65\x20\x6c\
\x65\x61\x64\x20\x74\x6f\x20\x74\x68\x65\x20\x61\x6d\x69\x6e\x6f\
\x20\x61\x63\x69\x64\x20\x73\x75\x62\x73\x74\x69\x74\x75\x74\x69\
\x6f\x6e\x20\x51\x31\x34\x48\x2c\x20\x61\x6e\x64\x20\x48\x37\x38\
\x59\x2c\x20\x72\x65\x73\x70\x65\x63\x74\x69\x76\x65\x6c\x79\x2e\
\x20\x42\x6f\x74\x68\x20\x73\x65\x71\x75\x65\x6e\x63\x65\x20\x6d\
\x75\x74\x61\x74\x69\x6f\x6e\x73\x20\x61\x72\x65\x20\x64\x65\x74\
\x65\x63\x74\x65\x64\x20\x69\x6e\x20\x44\x20\x76\x61\x72\x69\x61\
\x6e\x74\x20\x6c\x69\x6e\x65\x61\x67\x65\x2e\x20\x0a\x49\x74\x20\
\x68\x61\x73\x20\x62\x65\x65\x6e\x20\x70\x72\x6f\x70\x6f\x73\x65\
\x64\x20\x74\x68\x61\x74\x20\x51\x31\x34\x48\x2c\x20\x48\x37\x38\
\x59\x20\x61\x6c\x6f\x6e\x67\x20\x77\x69\x74\x68\x20\x4c\x38\x33\
\x56\x20\x70\x72\x6f\x76\x69\x64\x65\x20\x45\x36\x20\x6f\x6e\x63\
\x6f\x70\x72\x6f\x74\x65\x69\x6e\x20\x61\x20\x73\x69\x67\x6e\x69\
\x66\x69\x63\x61\x6e\x74\x20\x73\x65\x6c\x65\x63\x74\x69\x76\x65\
\x20\x61\x64\x76\x61\x6e\x74\x61\x67\x65\x20\x69\x6e\x20\x69\x6d\
\x6d\x6f\x72\x74\x61\x6c\x69\x7a\x61\x74\x69\x6f\x6e\x20\x61\x6e\
\x64\x20\x74\x72\x61\x6e\x73\x66\x6f\x72\x6d\x61\x74\x69\x6f\x6e\
\x20\x63\x61\x70\x61\x63\x69\x74\x79\x20\x6f\x76\x65\x72\x20\x74\
\x68\x65\x20\x70\x72\x6f\x74\x6f\x74\x79\x70\x65\x20\x76\x69\x72\
\x61\x6c\x20\x6f\x6e\x63\x6f\x70\x72\x6f\x74\x65\x69\x6e\x20\x28\
\x5b\x31\x5d\x28\x29\x2c\x5b\x32\x5d\x28\x29\x29\x2e\x20\x20\x0a\
\x0a\x23\x23\x23\x23\x20\x43\x69\x74\x61\x74\x69\x6f\x6e\x73\x0a\
\x0a\x2a\x20\x5b\x31\x5d\x20\x20\x4e\x69\x63\x63\x6f\x6c\x69\x2c\
\x20\x53\x2e\x2c\x20\x65\x74\x20\x61\x6c\x2e\x20\x28\x32\x30\x31\
\x32\x29\x20\x54\x68\x65\x20\x41\x73\x69\x61\x6e\x2d\x41\x6d\x65\
\x72\x69\x63\x61\x6e\x20\x45\x36\x20\x76\x61\x72\x69\x61\x6e\x74\
\x20\x70\x72\x6f\x74\x65\x69\x6e\x20\x6f\x66\x20\x68\x75\x6d\x61\
\x6e\x20\x70\x61\x70\x69\x6c\x6c\x6f\x6d\x61\x76\x69\x72\x75\x73\
\x20\x31\x36\x20\x61\x6c\x6f\x6e\x65\x20\x69\x73\x20\x73\x75\x66\
\x66\x69\x63\x69\x65\x6e\x74\x20\x74\x6f\x20\x70\x72\x6f\x6d\x6f\
\x74\x65\x20\x69\x6d\x6d\x6f\x72\x74\x61\x6c\x69\x7a\x61\x74\x69\
\x6f\x6e\x2c\x20\x74\x72\x61\x6e\x73\x66\x6f\x72\x6d\x61\x74\x69\
\x6f\x6e\x2c\x20\x61\x6e\x64\x20\x6d\x69\x67\x72\x61\x74\x69\x6f\
\x6e\x20\x6f\x66\x20\x70\x72\x69\x6d\x61\x72\x79\x20\x68\x75\x6d\
\x61\x6e\x20\x66\x6f\x72\x65\x73\x6b\x69\x6e\x20\x6b\x65\x72\x61\
\x74\x69\x6e\x6f\x63\x79\x74\x65\x73\x2e\x20\x4a\x20\x56\x69\x72\
\x6f\x6c\x20\x38\x36\x28\x32\x32\x29\x2c\x20\x31\x32\x33\x38\x34\
\x2d\x39\x36\x2e\x0a\x0a\x09\x2a\x2a\x50\x4d\x49\x44\x3a\x20\x32\
\x32\x39\x35\x31\x38\x33\x39\x2a\x2a\x20\x5b\x50\x75\x62\x6d\x65\
\x64\x20\x6c\x69\x6e\x6b\x5d\x28\x68\x74\x74\x70\x73\x3a\x2f\x2f\
\x70\x75\x62\x6d\x65\x64\x2e\x6e\x63\x62\x69\x2e\x6e\x6c\x6d\x2e\
\x6e\x69\x68\x2e\x67\x6f\x76\x2f\x32\x32\x39\x35\x31\x38\x33\x39\
\x2f\x29\x0a\x0a\x2a\x20\x5b\x32\x5d\x20\x20\x43\x75\x6e\x69\x6e\
\x67\x68\x61\x6d\x65\x2c\x20\x53\x2e\x2c\x20\x65\x74\x20\x61\x6c\
\x2e\x20\x28\x32\x30\x31\x37\x29\x20\x54\x77\x6f\x20\x63\x6f\x6d\
\x6d\x6f\x6e\x20\x76\x61\x72\x69\x61\x6e\x74\x73\x20\x6f\x66\x20\
\x68\x75\x6d\x61\x6e\x20\x70\x61\x70\x69\x6c\x6c\x6f\x6d\x61\x76\
\x69\x72\x75\x73\x20\x74\x79\x70\x65\x20\x31\x36\x20\x45\x36\x20\
\x64\x69\x66\x66\x65\x72\x65\x6e\x74\x69\x61\x6c\x6c\x79\x20\x64\
\x65\x72\x65\x67\x75\x6c\x61\x74\x65\x20\x73\x75\x67\x61\x72\x20\
\x6d\x65\x74\x61\x62\x6f\x6c\x69\x73\x6d\x20\x61\x6e\x64\x20\x68\
\x79\x70\x6f\x78\x69\x61\x20\x73\x69\x67\x6e\x61\x6c\x6c\x69\x6e\
\x67\x20\x69\x6e\x20\x70\x65\x72\x6d\x69\x73\x73\x69\x76\x65\x20\
\x68\x75\x6d\x61\x6e\x20\x6b\x65\x72\x61\x74\x69\x6e\x6f\x63\x79\
\x74\x65\x73\x2e\x20\x4a\x20\x47\x65\x6e\x20\x56\x69\x72\x6f\x6c\
\x20\x39\x38\x28\x39\x29\x2c\x20\x32\x33\x31\x30\x2d\x31\x39\x2e\
\x20\x20\x0a\x0a\x20\x20\x20\x20\x2a\x2a\x50\x4d\x49\x44\x3a\x20\
\x32\x38\x38\x35\x37\x30\x33\x35\x2a\x2a\x20\x5b\x50\x75\x62\x6d\
\x65\x64\x20\x6c\x69\x6e\x6b\x5d\x28\x68\x74\x74\x70\x73\x3a\x2f\
\x2f\x70\x75\x62\x6d\x65\x64\x2e\x6e\x63\x62\x69\x2e\x6e\x6c\x6d\
\x2e\x6e\x69\x68\x2e\x67\x6f\x76\x2f\x32\x38\x38\x35\x37\x30\x33\
\x35\x2f\x29\x0a\
\x00\x00\x04\x43\
\x23\
\x23\x23\x23\x20\x56\x61\x72\x69\x61\x74\x69\x6f\x6e\x20\x4e\x43\
\x30\x30\x31\x35\x32\x36\x20\x6e\x75\x63\x6c\x65\x6f\x74\x69\x64\
\x65\x20\x70\x6f\x73\x69\x74\x69\x6f\x6e\x20\x33\x33\x35\x0a\x0a\
\x54\x68\x65\x20\x6e\x75\x63\x6c\x65\x6f\x74\x69\x64\x65\x20\x76\
\x61\x72\x69\x61\x74\x69\x6f\x6e\x73\x20\x47\x31\x34\x35\x54\x20\
\x61\x6e\x64\x20\x43\x33\x33\x35\x54\x20\x6f\x66\x20\x74\x68\x65\
\x20\x48\x50\x56\x31\x36\x20\x45\x36\x20\x67\x65\x6e\x65\x20\x6c\
\x65\x61\x64\x20\x74\x6f\x20\x74\x68\x65\x20\x61\x6d\x69\x6e\x6f\
\x20\x61\x63\x69\x64\x20\x73\x75\x62\x73\x74\x69\x74\x75\x74\x69\
\x6f\x6e\x20\x51\x31\x34\x48\x2c\x20\x61\x6e\x64\x20\x48\x37\x38\
\x59\x2c\x20\x72\x65\x73\x70\x65\x63\x74\x69\x76\x65\x6c\x79\x2e\
\x20\x42\x6f\x74\x68\x20\x73\x65\x71\x75\x65\x6e\x63\x65\x20\x6d\
\x75\x74\x61\x74\x69\x6f\x6e\x73\x20\x61\x72\x65\x20\x64\x65\x74\
\x65\x63\x74\x65\x64\x20\x69\x6e\x20\x44\x20\x76\x61\x72\x69\x61\
\x6e\x74\x20\x6c\x69\x6e\x65\x61\x67\x65\x2e\x20\x0a\x49\x74\x20\
\x68\x61\x73\x20\x62\x65\x65\x6e\x20\x70\x72\x6f\x70\x6f\x73\x65\
\x64\x20\x74\x68\x61\x74\x20\x51\x31\x34\x48\x2c\x20\x48\x37\x38\
\x59\x20\x61\x6c\x6f\x6e\x67\x20\x77\x69\x74\x68\x20\x4c\x38\x33\
\x56\x20\x70\x72\x6f\x76\x69\x64\x65\x20\x45\x36\x20\x6f\x6e\x63\
\x6f\x70\x72\x6f\x74\x65\x69\x6e\x20\x61\x20\x73\x69\x67\x6e\x69\
\x66\x69\x63\x61\x6e\x74\x20\x73\x65\x6c\x65\x63\x74\x69\x76\x65\
\x20\x61\x64\x76\x61\x6e\x74\x61\x67\x65\x20\x69\x6e\x20\x69\x6d\
\x6d\x6f\x72\x74\x61\x6c\x69\x7a\x61\x74\x69\x6f\x6e\x20\x61\x6e\
\x64\x20\x74\x72\x61\x6e\x73\x66\x6f\x72\x6d\x61\x74\x69\x6f\x6e\
\x20\x63\x61\x70\x61\x63\x69\x74\x79\x20\x6f\x76\x65\x72\x20\x74\
\x68\x65\x20\x70\x72\x6f\x74\x6f\x74\x79\x70\x65\x20\x76\x69\x72\
\x61\x6c\x20\x6f\x6e\x63\x6f\x70\x72\x6f\x74\x65\x69\x6e\x20\x28\
\x5b\x31\x5d\x28\x29\x2c\x5b\x32\x5d\x28\x29\x29\x2e\x0a\x0a\x23\
\x23\x23\x23\x20\x43\x69\x74\x61\x74\x69\x6f\x6e\x73\x0a\x0a\x2a\
\x20\x5b\x31\x5d\x20\x20\x4e\x69\x63\x63\x6f\x6c\x69\x2c\x20\x53\
\x2e\x2c\x20\x65\x74\x20\x61\x6c\x2e\x20\x28\x32\x30\x31\x32\x29\
\x20\x54\x68\x65\x20\x41\x73\x69\x61\x6e\x2d\x41\x6d\x65\x72\x69\
\x63\x61\x6e\x20\x45\x36\x20\x76\x61\x72\x69\x61\x6e\x74\x20\x70\
\x72\x6f\x74\x65\x69\x6e\x20\x6f\x66\x20\x68\x75\x6d\x61\x6e\x20\
\x70\x61\x70\x69\x6c\x6c\x6f\x6d\x61\x76\x69\x72\x75\x73\x20\x31\
\x36\x20\x61\x6c\x6f\x6e\x65\x20\x69\x73\x20\x73\x75\x66\x66\x69\
\x63\x69\x65\x6e\x74\x20\x74\x6f\x20\x70\x72\x6f\x6d\x6f\x74\x65\
\x20\x69\x6d\x6d\x6f\x72\x74\x61\x6c\x69\x7a\x61\x74\x69\x6f\x6e\
\x2c\x20\x74\x72\x61\x6e\x73\x66\x6f\x72\x6d\x61\x74\x69\x6f\x6e\
\x2c\x20\x61\x6e\x64\x20\x6d\x69\x67\x72\x61\x74\x69\x6f\x6e\x20\
\x6f\x66\x20\x70\x72\x69\x6d\x61\x72\x79\x20\x68\x75\x6d\x61\x6e\
\x20\x66\x6f\x72\x65\x73\x6b\x69\x6e\x20\x6b\x65\x72\x61\x74\x69\
\x6e\x6f\x63\x79\x74\x65\x73\x2e\x20\x4a\x20\x56\x69\x72\x6f\x6c\
\x20\x38\x36\x28\x32\x32\x29\x2c\x20\x31\x32\x33\x38\x34\x2d\x39\
\x36\x2e\x0a\x0a\x09\x2a\x2a\x50\x4d\x49\x44\x3a\x20\x32\x32\x39\
\x35\x31\x38\x33\x39\x2a\x2a\x20\x5b\x50\x75\x62\x6d\x65\x64\x20\
\x6c\x69\x6e\x6b\x5d\x28\x68\x74\x74\x70\x73\x3a\x2f\x2f\x70\x75\
\x62\x6d\x65\x64\x2e\x6e\x63\x62\x69\x2e\x6e\x6c\x6d\x2e\x6e\x69\
\x68\x2e\x67\x6f\x76\x2f\x32\x32\x39\x35\x31\x38\x33\x39\x2f\x29\
\x0a\x0a\x2a\x20\x5b\x32\x5d\x20\x20\x43\x75\x6e\x69\x6e\x67\x68\
\x61\x6d\x65\x2c\x20\x53\x2e\x2c\x20\x65\x74\x20\x61\x6c\x2e\x20\
\x28\x32\x30\x31\x37\x29\x20\x54\x77\x6f\x20\x63\x6f\x6d\x6d\x6f\
\x6e\x20\x76\x61\x72\x69\x61\x6e\x74\x73\x20\x6f\x66\x20\x68\x75\
\x6d\x61\x6e\x20\x70\x61\x70\x69\x6c\x6c\x6f\x6d\x61\x76\x69\x72\
\x75\x73\x20\x74\x79\x70\x65\x20\x31\x36\x20\x45\x36\x20\x64\x69\
\x66\x66\x65\x72\x65\x6e\x74\x69\x61\x6c\x6c\x79\x20\x64\x65\x72\
\x65\x67\x75\x6c\x61\x74\x65\x20\x73\x75\x67\x61\x72\x20\x6d\x65\
\x74\x61\x62\x6f\x6c\x69\x73\x6d\x20\x61\x6e\x64\x20\x68\x79\x70\
\x6f\x78\x69\x61\x20\x73\x69\x67\x6e\x61\x6c\x6c\x69\x6e\x67\x20\
\x69\x6e\x20\x70\x65\x72\x6d\x69\x73\x73\x69\x76\x65\x20\x68\x75\
\x6d\x61\x6e\x20\x6b\x65\x72\x61\x74\x69\x6e\x6f\x63\x79\x74\x65\
\x73\x2e\x20\x4a\x20\x47\x65\x6e\x20\x56\x69\x72\x6f\x6c\x20\x39\
\x38\x28\x39\x29\x2c\x20\x32\x33\x31\x30\x2d\x31\x39\x2e\x20\x20\
\x0a\x0a\x20\x20\x20\x20\x2a\x2a\x50\x4d\x49\x44\x3a\x20\x32\x38\
\x38\x35\x37\x30\x33\x35\x2a\x2a\x20\x5b\x50\x75\x62\x6d\x65\x64\
\x20\x6c\x69\x6e\x6b\x5d\x28\x68\x74\x74\x70\x73\x3a\x2f\x2f\x70\
\x75\x62\x6d\x65\x64\x2e\x6e\x63\x62\x69\x2e\x6e\x6c\x6d\x2e\x6e\
\x69\x68\x2e\x67\x6f\x76\x2f\x32\x38\x38\x35\x37\x30\x33\x35\x2f\
\x29\x0a\
\x00\x00\x0c\xa2\
\x23\
\x23\x23\x23\x20\x56\x61\x72\x69\x61\x74\x69\x6f\x6e\x20\x4e\x43\
\x30\x30\x31\x35\x32\x36\x20\x6e\x75\x63\x6c\x65\x6f\x74\x69\x64\
\x65\x20\x70\x6f\x73\x69\x74\x69\x6f\x6e\x20\x33\x35\x30\x0a\x54\
\x68\x65\x20\x6e\x75\x63\x6c\x65\x6f\x74\x69\x64\x65\x20\x76\x61\
\x72\x69\x61\x74\x69\x6f\x6e\x20\x54\x33\x35\x30\x47\x20\x6c\x65\
\x61\x64\x73\x20\x74\x6f\x20\x74\x68\x65\x20\x61\x6d\x69\x6e\x6f\
\x20\x61\x63\x69\x64\x20\x73\x75\x62\x73\x74\x69\x74\x75\x74\x69\
\x6f\x6e\x20\x4c\x38\x33\x56\x20\x69\x6e\x20\x74\x68\x65\x20\x45\
\x36\x20\x6f\x6e\x63\x6f\x70\x72\x6f\x74\x65\x69\x6e\x20\x28\x5b\
\x31\x5d\x28\x23\x63\x69\x74\x61\x74\x69\x6f\x6e\x73\x29\x2d\x5b\
\x35\x5d\x28\x23\x63\x69\x74\x61\x74\x69\x6f\x6e\x73\x29\x29\x2e\
\x20\x54\x68\x65\x20\x70\x6f\x73\x69\x74\x69\x6f\x6e\x20\x33\x35\
\x30\x20\x68\x61\x73\x20\x62\x65\x65\x6e\x20\x66\x6f\x75\x6e\x64\
\x20\x74\x6f\x20\x62\x65\x20\x70\x6f\x6c\x79\x6d\x6f\x72\x70\x68\
\x69\x63\x20\x54\x2f\x47\x20\x69\x6e\x20\x48\x50\x56\x31\x36\x20\
\x41\x20\x6c\x69\x6e\x65\x61\x67\x65\x2c\x20\x6d\x6f\x6e\x6f\x6d\
\x6f\x72\x70\x68\x69\x63\x20\x54\x20\x69\x6e\x20\x48\x50\x56\x31\
\x36\x20\x42\x20\x61\x6e\x64\x20\x43\x20\x6c\x69\x6e\x65\x61\x67\
\x65\x73\x20\x61\x6e\x64\x20\x6d\x6f\x6e\x6f\x6d\x6f\x72\x70\x68\
\x69\x63\x20\x47\x20\x69\x6e\x20\x48\x50\x56\x31\x36\x20\x44\x20\
\x6c\x69\x6e\x65\x61\x67\x65\x2e\x20\x20\x0a\x54\x68\x65\x20\x45\
\x36\x20\x6f\x6e\x63\x6f\x70\x72\x6f\x74\x65\x69\x6e\x20\x77\x69\
\x74\x68\x20\x4c\x38\x33\x56\x20\x66\x61\x63\x69\x6c\x69\x74\x61\
\x74\x65\x73\x20\x74\x68\x65\x20\x74\x72\x61\x6e\x73\x66\x6f\x72\
\x6d\x61\x74\x69\x6f\x6e\x20\x6f\x66\x20\x68\x75\x6d\x61\x6e\x20\
\x6b\x65\x72\x61\x74\x69\x6e\x6f\x63\x79\x74\x65\x73\x20\x6d\x6f\
\x72\x65\x20\x65\x66\x66\x65\x63\x74\x69\x76\x65\x6c\x79\x20\x74\
\x68\x61\x6e\x20\x70\x72\x6f\x74\x6f\x74\x79\x70\x65\x20\x45\x36\
\x20\x6f\x6e\x63\x6f\x67\x65\x6e\x65\x20\x61\x6e\x64\x20\x63\x68\
\x61\x6e\x67\x65\x73\x20\x74\x68\x65\x20\x65\x78\x70\x72\x65\x73\
\x73\x69\x6f\x6e\x20\x70\x72\x6f\x66\x69\x6c\x65\x20\x6f\x66\x20\
\x63\x65\x72\x76\x69\x63\x61\x6c\x20\x63\x61\x72\x63\x69\x6e\x6f\
\x6d\x61\x20\x43\x33\x33\x41\x20\x63\x65\x6c\x6c\x73\x20\x2e\x20\
\x54\x68\x65\x20\x4c\x38\x33\x56\x20\x68\x61\x73\x20\x62\x65\x65\
\x6e\x20\x61\x73\x73\x6f\x63\x69\x61\x74\x65\x64\x20\x77\x69\x74\
\x68\x20\x73\x65\x76\x65\x72\x65\x20\x64\x79\x73\x70\x6c\x61\x73\
\x69\x61\x20\x61\x6e\x64\x20\x63\x65\x72\x76\x69\x63\x61\x6c\x20\
\x63\x61\x6e\x63\x65\x72\x20\x64\x65\x76\x65\x6c\x6f\x70\x6d\x65\
\x6e\x74\x20\x69\x6e\x20\x73\x65\x76\x65\x72\x61\x6c\x20\x67\x65\
\x6f\x67\x72\x61\x70\x68\x69\x63\x20\x61\x72\x65\x61\x73\x20\x69\
\x6e\x63\x6c\x75\x64\x69\x6e\x67\x20\x43\x65\x6e\x74\x72\x61\x6c\
\x2f\x53\x6f\x75\x74\x68\x20\x41\x6d\x65\x72\x69\x63\x61\x20\x61\
\x6e\x64\x20\x76\x61\x72\x69\x6f\x75\x73\x20\x63\x6f\x75\x6e\x74\
\x72\x69\x65\x73\x20\x69\x6e\x20\x45\x75\x72\x6f\x70\x65\x20\x28\
\x5b\x35\x5d\x28\x29\x2d\x5b\x39\x5d\x28\x29\x29\x2e\x0a\x0a\x23\
\x23\x23\x23\x20\x43\x69\x74\x61\x74\x69\x6f\x6e\x73\x0a\x0a\x2a\
\x20\x5b\x31\x5d\x20\x20\x4e\x69\x63\x63\x6f\x6c\x69\x2c\x20\x53\
\x2e\x2c\x20\x65\x74\x20\x61\x6c\x2e\x20\x28\x32\x30\x31\x32\x29\
\x20\x54\x68\x65\x20\x41\x73\x69\x61\x6e\x2d\x41\x6d\x65\x72\x69\
\x63\x61\x6e\x20\x45\x36\x20\x76\x61\x72\x69\x61\x6e\x74\x20\x70\
\x72\x6f\x74\x65\x69\x6e\x20\x6f\x66\x20\x68\x75\x6d\x61\x6e\x20\
\x70\x61\x70\x69\x6c\x6c\x6f\x6d\x61\x76\x69\x72\x75\x73\x20\x31\
\x36\x20\x61\x6c\x6f\x6e\x65\x20\x69\x73\x20\x73\x75\x66\x66\x69\
\x63\x69\x65\x6e\x74\x20\x74\x6f\x20\x70\x72\x6f\x6d\x6f\x74\x65\
\x20\x69\x6d\x6d\x6f\x72\x74\x61\x6c\x69\x7a\x61\x74\x69\x6f\x6e\
\x2c\x20\x74\x72\x61\x6e\x73\x66\x6f\x72\x6d\x61\x74\x69\x6f\x6e\
\x2c\x20\x61\x6e\x64\x20\x6d\x69\x67\x72\x61\x74\x69\x6f\x6e\x20\
\x6f\x66\x20\x70\x72\x69\x6d\x61\x72\x79\x20\x68\x75\x6d\x61\x6e\
\x20\x66\x6f\x72\x65\x73\x6b\x69\x6e\x20\x6b\x65\x72\x61\x74\x69\
\x6e\x6f\x63\x79\x74\x65\x73\x2e\x20\x4a\x20\x56\x69\x72\x6f\x6c\
\x20\x38\x36\x28\x32\x32\x29\x2c\x20\x31\x32\x33\x38\x34\x2d\x39\
\x36\x2e\x0a\x0a\x09\x2a\x2a\x50\x4d\x49\x44\x3a\x20\x32\x32\x39\
\x35\x31\x38\x33\x39\x2a\x2a\x20\x5b\x50\x75\x62\x6d\x65\x64\x20\
\x6c\x69\x6e\x6b\x5d\x28\x68\x74\x74\x70\x73\x3a\x2f\x2f\x70\x75\
\x62\x6d\x65\x64\x2e\x6e\x63\x62\x69\x2e\x6e\x6c\x6d\x2e\x6e\x69\
\x68\x2e\x67\x6f\x76\x2f\x32\x32\x39\x35\x31\x38\x33\x39\x2f\x29\
\x0a\x0a\x2a\x20\x5b\x32\x5d\x20\x20\x43\x75\x6e\x69\x6e\x67\x68\
\x61\x6d\x65\x2c\x20\x53\x2e\x2c\x20\x65\x74\x20\x61\x6c\x2e\x20\
\x28\x32\x30\x31\x37\x29\x20\x54\x77\x6f\x20\x63\x6f\x6d\x6d\x6f\
\x6e\x20\x76\x61\x72\x69\x61\x6e\x74\x73\x20\x6f\x66\x20\x68\x75\
\x6d\x61\x6e\x20\x70\x61\x70\x69\x6c\x6c\x6f\x6d\x61\x76\x69\x72\
\x75\x73\x20\x74\x79\x70\x65\x20\x31\x36\x20\x45\x36\x20\x64\x69\
\x66\x66\x65\x72\x65\x6e\x74\x69\x61\x6c\x6c\x79\x20\x64\x65\x72\
\x65\x67\x75\x6c\x61\x74\x65\x20\x73\x75\x67\x61\x72\x20\x6d\x65\
\x74\x61\x62\x6f\x6c\x69\x73\x6d\x20\x61\x6e\x64\x20\x68\x79\x70\
\x6f\x78\x69\x61\x20\x73\x69\x67\x6e\x61\x6c\x6c\x69\x6e\x67\x20\
\x69\x6e\x20\x70\x65\x72\x6d\x69\x73\x73\x69\x76\x65\x20\x68\x75\
\x6d\x61\x6e\x20\x6b\x65\x72\x61\x74\x69\x6e\x6f\x63\x79\x74\x65\
\x73\x2e\x20\x4a\x20\x47\x65\x6e\x20\x56\x69\x72\x6f\x6c\x20\x39\
\x38\x28\x39\x29\x2c\x20\x32\x33\x31\x30\x2d\x31\x39\x2e\x20\x20\
\x0a\x0a\x20\x20\x20\x20\x2a\x2a\x50\x4d\x49\x44\x3a\x20\x32\x38\
\x38\x35\x37\x30\x33\x35\x2a\x2a\x20\x5b\x50\x75\x62\x6d\x65\x64\
\x20\x6c\x69\x6e\x6b\x5d\x28\x68\x74\x74\x70\x73\x3a\x2f\x2f\x70\
\x75\x62\x6d\x65\x64\x2e\x6e\x63\x62\x69\x2e\x6e\x6c\x6d\x2e\x6e\
\x69\x68\x2e\x67\x6f\x76\x2f\x32\x38\x38\x35\x37\x30\x33\x35\x2f\
\x29\x0a\x20\x20\x20\x20\x0a\x2a\x20\x5b\x33\x5d\x20\x20\x20\x54\
\x73\x61\x6b\x6f\x67\x69\x61\x6e\x6e\x69\x73\x2c\x20\x44\x2e\x2c\
\x20\x65\x74\x20\x61\x6c\x2e\x20\x28\x32\x30\x31\x33\x29\x20\x4d\
\x6f\x6c\x65\x63\x75\x6c\x61\x72\x20\x61\x6e\x64\x20\x65\x76\x6f\
\x6c\x75\x74\x69\x6f\x6e\x61\x72\x79\x20\x61\x6e\x61\x6c\x79\x73\
\x69\x73\x20\x6f\x66\x20\x48\x50\x56\x31\x36\x20\x45\x36\x20\x61\
\x6e\x64\x20\x45\x37\x20\x67\x65\x6e\x65\x73\x20\x69\x6e\x20\x47\
\x72\x65\x65\x6b\x20\x77\x6f\x6d\x65\x6e\x2e\x20\x4a\x20\x4d\x65\
\x64\x20\x4d\x69\x63\x72\x6f\x62\x69\x6f\x6c\x20\x36\x32\x28\x50\
\x74\x20\x31\x31\x29\x2c\x20\x31\x36\x38\x38\x2d\x39\x36\x20\x0a\
\x0a\x09\x2a\x2a\x50\x4d\x49\x44\x3a\x20\x32\x33\x39\x34\x36\x34\
\x37\x37\x2a\x2a\x20\x5b\x50\x75\x62\x6d\x65\x64\x20\x6c\x69\x6e\
\x6b\x5d\x28\x68\x74\x74\x70\x73\x3a\x2f\x2f\x70\x75\x62\x6d\x65\
\x64\x2e\x6e\x63\x62\x69\x2e\x6e\x6c\x6d\x2e\x6e\x69\x68\x2e\x67\
\x6f\x76\x2f\x32\x33\x39\x34\x36\x34\x37\x37\x2f\x29\x0a\x0a\x2a\
\x20\x5b\x34\x5d\x20\x20\x20\x4d\x6f\x73\x63\x68\x6f\x6e\x61\x73\
\x2c\x20\x47\x2e\x44\x2e\x2c\x20\x65\x74\x20\x61\x6c\x2e\x20\x28\
\x32\x30\x31\x37\x29\x20\x41\x73\x73\x6f\x63\x69\x61\x74\x69\x6f\
\x6e\x20\x6f\x66\x20\x63\x6f\x64\x6f\x6e\x20\x37\x32\x20\x70\x6f\
\x6c\x79\x6d\x6f\x72\x70\x68\x69\x73\x6d\x20\x6f\x66\x20\x70\x35\
\x33\x20\x77\x69\x74\x68\x20\x74\x68\x65\x20\x73\x65\x76\x65\x72\
\x69\x74\x79\x20\x6f\x66\x20\x63\x65\x72\x76\x69\x63\x61\x6c\x20\
\x64\x79\x73\x70\x6c\x61\x73\x69\x61\x2c\x20\x45\x36\x2d\x54\x33\
\x35\x30\x47\x20\x61\x6e\x64\x20\x48\x50\x56\x31\x36\x20\x76\x61\
\x72\x69\x61\x6e\x74\x20\x6c\x69\x6e\x65\x61\x67\x65\x73\x20\x69\
\x6e\x20\x48\x50\x56\x31\x36\x2d\x69\x6e\x66\x65\x63\x74\x65\x64\
\x20\x77\x6f\x6d\x65\x6e\x2e\x20\x4a\x20\x4d\x65\x64\x20\x4d\x69\
\x63\x72\x6f\x62\x69\x6f\x6c\x20\x36\x36\x28\x39\x29\x2c\x20\x31\
\x33\x35\x38\x2d\x36\x35\x20\x0a\x09\x0a\x09\x2a\x2a\x50\x4d\x49\
\x44\x3a\x20\x32\x38\x38\x35\x37\x37\x33\x39\x2a\x2a\x20\x5b\x50\
\x75\x62\x6d\x65\x64\x20\x6c\x69\x6e\x6b\x5d\x28\x68\x74\x74\x70\
\x73\x3a\x2f\x2f\x70\x75\x62\x6d\x65\x64\x2e\x6e\x63\x62\x69\x2e\
\x6e\x6c\x6d\x2e\x6e\x69\x68\x2e\x67\x6f\x76\x2f\x32\x38\x38\x35\
\x37\x37\x33\x39\x2f\x29\x0a\x0a\x0a\x2a\x20\x5b\x35\x5d\x20\x20\
\x20\x5a\x65\x68\x62\x65\x2c\x20\x49\x2e\x2c\x20\x65\x74\x20\x61\
\x6c\x2e\x20\x28\x32\x30\x30\x31\x29\x20\x48\x75\x6d\x61\x6e\x20\
\x70\x61\x70\x69\x6c\x6c\x6f\x6d\x61\x76\x69\x72\x75\x73\x20\x31\
\x36\x20\x45\x36\x20\x70\x6f\x6c\x79\x6d\x6f\x72\x70\x68\x69\x73\
\x6d\x73\x20\x69\x6e\x20\x63\x65\x72\x76\x69\x63\x61\x6c\x20\x6c\
\x65\x73\x69\x6f\x6e\x73\x20\x66\x72\x6f\x6d\x20\x64\x69\x66\x66\
\x65\x72\x65\x6e\x74\x20\x45\x75\x72\x6f\x70\x65\x61\x6e\x20\x70\
\x6f\x70\x75\x6c\x61\x74\x69\x6f\x6e\x73\x20\x61\x6e\x64\x20\x74\
\x68\x65\x69\x72\x20\x63\x6f\x72\x72\x65\x6c\x61\x74\x69\x6f\x6e\
\x20\x77\x69\x74\x68\x20\x68\x75\x6d\x61\x6e\x20\x6c\x65\x75\x6b\
\x6f\x63\x79\x74\x65\x20\x61\x6e\x74\x69\x67\x65\x6e\x20\x63\x6c\
\x61\x73\x73\x20\x49\x49\x20\x68\x61\x70\x6c\x6f\x74\x79\x70\x65\
\x73\x2e\x20\x49\x6e\x74\x20\x4a\x20\x43\x61\x6e\x63\x65\x72\x20\
\x39\x34\x28\x35\x29\x2c\x20\x37\x31\x31\x2d\x36\x20\x0a\x09\x0a\
\x09\x2a\x2a\x50\x4d\x49\x44\x3a\x20\x31\x31\x37\x34\x35\x34\x36\
\x37\x2a\x2a\x20\x5b\x50\x75\x62\x6d\x65\x64\x20\x6c\x69\x6e\x6b\
\x5d\x28\x68\x74\x74\x70\x73\x3a\x2f\x2f\x70\x75\x62\x6d\x65\x64\
\x2e\x6e\x63\x62\x69\x2e\x6e\x6c\x6d\x2e\x6e\x69\x68\x2e\x67\x6f\
\x76\x2f\x31\x31\x37\x34\x35\x34\x36\x37\x2f\x29\x0a\x0a\x2a\x20\
\x5b\x36\x5d\x20\x20\x20\x53\x69\x63\x68\x65\x72\x6f\x2c\x20\x4c\
\x2e\x20\x61\x6e\x64\x20\x56\x69\x6c\x6c\x61\x2c\x20\x4c\x2e\x4c\
\x2e\x20\x28\x32\x30\x30\x36\x29\x20\x45\x70\x69\x64\x65\x6d\x69\
\x6f\x6c\x6f\x67\x69\x63\x61\x6c\x20\x61\x6e\x64\x20\x66\x75\x6e\
\x63\x74\x69\x6f\x6e\x61\x6c\x20\x69\x6d\x70\x6c\x69\x63\x61\x74\
\x69\x6f\x6e\x73\x20\x6f\x66\x20\x6d\x6f\x6c\x65\x63\x75\x6c\x61\
\x72\x20\x76\x61\x72\x69\x61\x6e\x74\x73\x20\x6f\x66\x20\x68\x75\
\x6d\x61\x6e\x20\x70\x61\x70\x69\x6c\x6c\x6f\x6d\x61\x76\x69\x72\
\x75\x73\x2e\x20\x42\x72\x61\x7a\x20\x4a\x20\x4d\x65\x64\x20\x42\
\x69\x6f\x6c\x20\x52\x65\x73\x20\x33\x39\x28\x36\x29\x2c\x20\x37\
\x30\x37\x2d\x31\x37\x20\x0a\x09\x0a\x09\x2a\x2a\x50\x4d\x49\x44\
\x3a\x20\x31\x36\x37\x35\x31\x39\x37\x35\x2a\x2a\x20\x5b\x50\x75\
\x62\x6d\x65\x64\x20\x6c\x69\x6e\x6b\x5d\x28\x68\x74\x74\x70\x73\
\x3a\x2f\x2f\x70\x75\x62\x6d\x65\x64\x2e\x6e\x63\x62\x69\x2e\x6e\
\x6c\x6d\x2e\x6e\x69\x68\x2e\x67\x6f\x76\x2f\x31\x36\x37\x35\x31\
\x39\x37\x35\x2f\x29\x0a\x0a\x2a\x20\x5b\x37\x5d\x20\x20\x20\x5a\
\x61\x63\x61\x70\x61\x6c\x61\x2d\x47\x6f\x6d\x65\x7a\x2c\x20\x41\
\x2e\x45\x2e\x2c\x20\x65\x74\x20\x61\x6c\x2e\x20\x28\x32\x30\x31\
\x36\x29\x20\x43\x68\x61\x6e\x67\x65\x73\x20\x69\x6e\x20\x67\x6c\
\x6f\x62\x61\x6c\x20\x67\x65\x6e\x65\x20\x65\x78\x70\x72\x65\x73\
\x73\x69\x6f\x6e\x20\x70\x72\x6f\x66\x69\x6c\x65\x73\x20\x69\x6e\
\x64\x75\x63\x65\x64\x20\x62\x79\x20\x48\x50\x56\x20\x31\x36\x20\
\x45\x36\x20\x6f\x6e\x63\x6f\x70\x72\x6f\x74\x65\x69\x6e\x20\x76\
\x61\x72\x69\x61\x6e\x74\x73\x20\x69\x6e\x20\x63\x65\x72\x76\x69\
\x63\x61\x6c\x20\x63\x61\x72\x63\x69\x6e\x6f\x6d\x61\x20\x43\x33\
\x33\x2d\x41\x20\x63\x65\x6c\x6c\x73\x2e\x20\x56\x69\x72\x6f\x6c\
\x6f\x67\x79\x20\x34\x38\x38\x2c\x20\x31\x38\x37\x2d\x39\x35\x20\
\x20\x20\x20\x0a\x09\x0a\x09\x2a\x2a\x50\x4d\x49\x44\x3a\x20\x32\
\x36\x36\x35\x35\x32\x33\x36\x2a\x2a\x20\x5b\x50\x75\x62\x6d\x65\
\x64\x20\x6c\x69\x6e\x6b\x5d\x28\x68\x74\x74\x70\x73\x3a\x2f\x2f\
\x70\x75\x62\x6d\x65\x64\x2e\x6e\x63\x62\x69\x2e\x6e\x6c\x6d\x2e\
\x6e\x69\x68\x2e\x67\x6f\x76\x2f\x32\x36\x36\x35\x35\x32\x33\x36\
\x2f\x29\x0a\x0a\x2a\x20\x5b\x38\x5d\x20\x20\x20\x43\x6f\x72\x6e\
\x65\x74\x2c\x20\x49\x2e\x2c\x20\x65\x74\x20\x61\x6c\x2e\x20\x28\
\x32\x30\x31\x33\x29\x20\x48\x50\x56\x31\x36\x20\x67\x65\x6e\x65\
\x74\x69\x63\x20\x76\x61\x72\x69\x61\x74\x69\x6f\x6e\x20\x61\x6e\
\x64\x20\x74\x68\x65\x20\x64\x65\x76\x65\x6c\x6f\x70\x6d\x65\x6e\
\x74\x20\x6f\x66\x20\x63\x65\x72\x76\x69\x63\x61\x6c\x20\x63\x61\
\x6e\x63\x65\x72\x20\x77\x6f\x72\x6c\x64\x77\x69\x64\x65\x2e\x20\
\x42\x72\x20\x4a\x20\x43\x61\x6e\x63\x65\x72\x20\x31\x30\x38\x28\
\x31\x29\x2c\x20\x32\x34\x30\x2d\x34\x20\x20\x20\x0a\x09\x0a\x09\
\x2a\x2a\x50\x4d\x49\x44\x3a\x20\x32\x33\x31\x36\x39\x32\x37\x38\
\x2a\x2a\x20\x5b\x50\x75\x62\x6d\x65\x64\x20\x6c\x69\x6e\x6b\x5d\
\x28\x68\x74\x74\x70\x73\x3a\x2f\x2f\x70\x75\x62\x6d\x65\x64\x2e\
\x6e\x63\x62\x69\x2e\x6e\x6c\x6d\x2e\x6e\x69\x68\x2e\x67\x6f\x76\
\x2f\x32\x33\x31\x36\x39\x32\x37\x38\x2f\x29\x0a\x0a\x2a\x20\x5b\
\x39\x5d\x20\x20\x20\x47\x72\x6f\x64\x7a\x6b\x69\x2c\x20\x4d\x2e\
\x2c\x20\x65\x74\x20\x61\x6c\x2e\x20\x28\x32\x30\x30\x36\x29\x20\
\x49\x6e\x63\x72\x65\x61\x73\x65\x64\x20\x72\x69\x73\x6b\x20\x66\
\x6f\x72\x20\x63\x65\x72\x76\x69\x63\x61\x6c\x20\x64\x69\x73\x65\
\x61\x73\x65\x20\x70\x72\x6f\x67\x72\x65\x73\x73\x69\x6f\x6e\x20\
\x6f\x66\x20\x46\x72\x65\x6e\x63\x68\x20\x77\x6f\x6d\x65\x6e\x20\
\x69\x6e\x66\x65\x63\x74\x65\x64\x20\x77\x69\x74\x68\x20\x74\x68\
\x65\x20\x68\x75\x6d\x61\x6e\x20\x70\x61\x70\x69\x6c\x6c\x6f\x6d\
\x61\x76\x69\x72\x75\x73\x20\x74\x79\x70\x65\x20\x31\x36\x20\x45\
\x36\x2d\x33\x35\x30\x47\x20\x76\x61\x72\x69\x61\x6e\x74\x2e\x20\
\x43\x61\x6e\x63\x65\x72\x20\x45\x70\x69\x64\x65\x6d\x69\x6f\x6c\
\x20\x42\x69\x6f\x6d\x61\x72\x6b\x65\x72\x73\x20\x50\x72\x65\x76\
\x20\x31\x35\x28\x34\x29\x2c\x20\x38\x32\x30\x2d\x32\x20\x20\x20\
\x20\x0a\x09\x0a\x09\x2a\x2a\x50\x4d\x49\x44\x3a\x20\x31\x36\x36\
\x31\x34\x31\x33\x30\x2a\x2a\x20\x5b\x50\x75\x62\x6d\x65\x64\x20\
\x6c\x69\x6e\x6b\x5d\x28\x68\x74\x74\x70\x73\x3a\x2f\x2f\x70\x75\
\x62\x6d\x65\x64\x2e\x6e\x63\x62\x69\x2e\x6e\x6c\x6d\x2e\x6e\x69\
\x68\x2e\x67\x6f\x76\x2f\x31\x36\x36\x31\x34\x31\x33\x30\x2f\x29\
\x0a\
\x00\x00\x02\xa8\
\x23\
\x23\x23\x23\x20\x56\x61\x72\x69\x61\x74\x69\x6f\x6e\x20\x4e\x43\
\x30\x30\x31\x35\x32\x36\x20\x6e\x75\x63\x6c\x65\x6f\x74\x69\x64\
\x65\x20\x70\x6f\x73\x69\x74\x69\x6f\x6e\x20\x32\x38\x36\x30\x0a\
\x0a\x54\x68\x65\x20\x6e\x75\x63\x6c\x65\x6f\x74\x69\x64\x65\x20\
\x76\x61\x72\x69\x61\x74\x69\x6f\x6e\x20\x43\x32\x38\x36\x30\x41\
\x20\x72\x65\x73\x75\x6c\x74\x73\x20\x74\x6f\x20\x74\x68\x65\x20\
\x61\x6d\x69\x6e\x6f\x20\x61\x63\x69\x64\x20\x73\x75\x62\x73\x74\
\x69\x74\x75\x74\x69\x6f\x6e\x20\x48\x33\x35\x51\x20\x77\x68\x69\
\x63\x68\x20\x69\x73\x20\x70\x6f\x73\x69\x74\x69\x6f\x6e\x65\x64\
\x20\x69\x6e\x20\x74\x68\x65\x20\x74\x72\x61\x6e\x73\x61\x63\x74\
\x69\x76\x61\x74\x69\x6f\x6e\x20\x64\x6f\x6d\x61\x69\x6e\x20\x6f\
\x66\x20\x74\x68\x65\x20\x45\x32\x20\x70\x72\x6f\x74\x65\x69\x6e\
\x2e\x20\x0a\x54\x68\x65\x20\x48\x33\x35\x51\x20\x77\x61\x73\x20\
\x66\x6f\x75\x6e\x64\x20\x74\x6f\x20\x62\x65\x20\x73\x74\x72\x6f\
\x6e\x67\x6c\x79\x20\x61\x73\x73\x6f\x63\x69\x61\x74\x65\x64\x20\
\x77\x69\x74\x68\x20\x63\x65\x72\x76\x69\x63\x61\x6c\x20\x63\x61\
\x6e\x63\x65\x72\x20\x64\x65\x76\x65\x6c\x6f\x70\x6d\x65\x6e\x74\
\x20\x69\x6e\x20\x48\x61\x6e\x20\x43\x68\x69\x6e\x65\x73\x65\x20\
\x77\x6f\x6d\x65\x6e\x20\x28\x5b\x31\x5d\x28\x29\x29\x2e\x0a\x54\
\x68\x65\x20\x6d\x65\x63\x68\x61\x6e\x69\x73\x6d\x20\x74\x68\x61\
\x74\x20\x48\x33\x35\x51\x20\x69\x6e\x66\x6c\x75\x65\x6e\x63\x65\
\x73\x20\x74\x68\x65\x20\x66\x75\x6e\x63\x74\x69\x6f\x6e\x20\x6f\
\x66\x20\x74\x68\x65\x20\x45\x32\x20\x70\x72\x6f\x74\x65\x69\x6e\
\x20\x69\x73\x20\x72\x65\x71\x75\x69\x72\x65\x64\x20\x74\x6f\x20\
\x62\x65\x20\x66\x75\x72\x74\x68\x65\x72\x20\x69\x6e\x76\x65\x73\
\x74\x69\x67\x61\x74\x65\x64\x2e\x20\x20\x0a\x0a\x23\x23\x23\x23\
\x20\x43\x69\x74\x61\x74\x69\x6f\x6e\x73\x0a\x0a\x2a\x20\x5b\x31\
\x5d\x20\x20\x44\x61\x69\x2c\x20\x53\x2e\x2c\x20\x65\x74\x20\x61\
\x6c\x2e\x20\x28\x32\x30\x31\x38\x29\x20\x54\x68\x65\x20\x61\x73\
\x73\x6f\x63\x69\x61\x74\x69\x6f\x6e\x20\x6f\x66\x20\x68\x75\x6d\
\x61\x6e\x20\x70\x61\x70\x69\x6c\x6c\x6f\x6d\x61\x76\x69\x72\x75\
\x73\x20\x74\x79\x70\x65\x20\x31\x36\x20\x45\x32\x20\x76\x61\x72\
\x69\x61\x74\x69\x6f\x6e\x73\x20\x77\x69\x74\x68\x20\x63\x65\x72\
\x76\x69\x63\x61\x6c\x20\x63\x61\x6e\x63\x65\x72\x20\x69\x6e\x20\
\x61\x20\x48\x61\x6e\x20\x43\x68\x69\x6e\x65\x73\x65\x20\x70\x6f\
\x70\x75\x6c\x61\x74\x69\x6f\x6e\x2e\x20\x49\x6e\x66\x65\x63\x74\
\x20\x47\x65\x6e\x65\x74\x20\x45\x76\x6f\x6c\x20\x36\x34\x2c\x20\
\x32\x34\x31\x2d\x34\x38\x20\x0a\x09\x0a\x09\x2a\x2a\x50\x4d\x49\
\x44\x3a\x20\x33\x30\x30\x30\x38\x34\x32\x32\x2a\x2a\x20\x5b\x50\
\x75\x62\x6d\x65\x64\x20\x6c\x69\x6e\x6b\x5d\x28\x68\x74\x74\x70\
\x73\x3a\x2f\x2f\x70\x75\x62\x6d\x65\x64\x2e\x6e\x63\x62\x69\x2e\
\x6e\x6c\x6d\x2e\x6e\x69\x68\x2e\x67\x6f\x76\x2f\x33\x30\x30\x30\
\x38\x34\x32\x32\x2f\x29\x0a\
\x00\x00\x07\x83\
\x23\
\x23\x23\x23\x20\x56\x61\x72\x69\x61\x74\x69\x6f\x6e\x20\x4e\x43\
\x30\x30\x31\x35\x32\x36\x20\x6e\x75\x63\x6c\x65\x6f\x74\x69\x64\
\x65\x20\x70\x6f\x73\x69\x74\x69\x6f\x6e\x20\x33\x34\x31\x30\x0a\
\x0a\x54\x68\x65\x20\x6e\x75\x63\x6c\x65\x6f\x74\x69\x64\x65\x20\
\x76\x61\x72\x69\x61\x74\x69\x6f\x6e\x20\x43\x33\x34\x31\x30\x54\
\x20\x74\x68\x61\x74\x20\x69\x73\x20\x64\x65\x74\x65\x63\x74\x65\
\x64\x20\x69\x6e\x20\x48\x50\x56\x31\x36\x20\x45\x32\x20\x67\x65\
\x6e\x65\x20\x6c\x65\x61\x64\x73\x20\x74\x6f\x20\x74\x68\x65\x20\
\x61\x6d\x69\x6e\x6f\x20\x61\x63\x69\x64\x20\x73\x75\x62\x73\x74\
\x69\x74\x75\x74\x69\x6f\x6e\x20\x50\x32\x31\x39\x53\x20\x69\x6e\
\x20\x74\x68\x65\x20\x68\x69\x6e\x67\x65\x20\x72\x65\x67\x69\x6f\
\x6e\x20\x6f\x66\x20\x76\x69\x72\x61\x6c\x20\x70\x72\x6f\x74\x65\
\x69\x6e\x2e\x20\x0a\x54\x68\x65\x20\x50\x32\x31\x39\x53\x20\x69\
\x73\x20\x65\x78\x74\x65\x6e\x73\x69\x76\x65\x6c\x79\x20\x64\x69\
\x73\x74\x72\x69\x62\x75\x74\x65\x64\x20\x61\x6d\x6f\x6e\x67\x20\
\x61\x6c\x6c\x20\x48\x50\x56\x31\x36\x20\x76\x61\x72\x69\x61\x6e\
\x74\x20\x6c\x69\x6e\x65\x61\x67\x65\x73\x20\x61\x6e\x64\x20\x69\
\x74\x20\x68\x61\x73\x20\x62\x65\x65\x6e\x20\x73\x74\x72\x6f\x6e\
\x67\x6c\x79\x20\x61\x73\x73\x6f\x63\x69\x61\x74\x65\x64\x20\x77\
\x69\x74\x68\x20\x73\x65\x76\x65\x72\x65\x20\x63\x65\x72\x76\x69\
\x63\x61\x6c\x20\x64\x79\x73\x70\x6c\x61\x73\x69\x61\x20\x61\x6e\
\x64\x20\x63\x65\x72\x76\x69\x63\x61\x6c\x20\x63\x61\x6e\x63\x65\
\x72\x20\x64\x65\x76\x65\x6c\x6f\x70\x6d\x65\x6e\x74\x20\x28\x5b\
\x31\x5d\x28\x23\x63\x69\x74\x61\x74\x69\x6f\x6e\x73\x29\x2d\x5b\
\x34\x5d\x28\x23\x63\x69\x74\x61\x74\x69\x6f\x6e\x73\x29\x29\x2e\
\x20\x0a\x49\x74\x20\x68\x61\x73\x20\x62\x65\x65\x6e\x20\x61\x6e\
\x74\x69\x63\x69\x70\x61\x74\x65\x64\x20\x74\x68\x61\x74\x20\x74\
\x68\x65\x20\x74\x75\x6d\x6f\x72\x69\x67\x65\x6e\x69\x63\x20\x61\
\x62\x69\x6c\x69\x74\x79\x20\x6f\x66\x20\x50\x32\x31\x39\x53\x20\
\x69\x73\x20\x65\x6d\x65\x72\x67\x65\x64\x20\x64\x75\x65\x20\x74\
\x6f\x20\x73\x74\x72\x75\x63\x74\x75\x72\x61\x6c\x20\x63\x68\x61\
\x6e\x67\x65\x73\x20\x74\x68\x61\x74\x20\x69\x74\x20\x69\x6e\x64\
\x75\x63\x65\x73\x20\x69\x6e\x20\x74\x68\x65\x20\x68\x69\x6e\x67\
\x65\x20\x72\x65\x67\x69\x6f\x6e\x20\x6f\x66\x20\x74\x68\x65\x20\
\x45\x32\x20\x70\x72\x6f\x74\x65\x69\x6e\x2e\x20\x0a\x49\x6e\x20\
\x70\x61\x72\x74\x69\x63\x75\x6c\x61\x72\x2c\x20\x69\x74\x20\x68\
\x61\x73\x20\x62\x65\x65\x6e\x20\x70\x72\x6f\x70\x6f\x73\x65\x64\
\x20\x74\x68\x61\x74\x20\x74\x68\x65\x20\x50\x32\x31\x39\x53\x20\
\x6d\x61\x79\x20\x63\x68\x61\x6e\x67\x65\x20\x74\x68\x65\x20\x74\
\x68\x72\x65\x65\x2d\x64\x69\x6d\x65\x6e\x73\x69\x6f\x6e\x61\x6c\
\x20\x73\x74\x72\x75\x63\x74\x75\x72\x65\x20\x6f\x66\x20\x45\x32\
\x20\x70\x72\x6f\x74\x65\x69\x6e\x2c\x20\x74\x68\x75\x73\x20\x6d\
\x6f\x64\x69\x66\x79\x69\x6e\x67\x20\x74\x68\x65\x20\x6c\x69\x6e\
\x6b\x20\x62\x65\x74\x77\x65\x65\x6e\x20\x4e\x2d\x74\x65\x72\x6d\
\x69\x6e\x61\x6c\x20\x74\x72\x61\x6e\x73\x61\x63\x74\x69\x76\x61\
\x74\x69\x6f\x6e\x20\x64\x6f\x6d\x61\x69\x6e\x20\x61\x6e\x64\x20\
\x44\x4e\x41\x20\x62\x69\x6e\x64\x69\x6e\x67\x20\x64\x6f\x6d\x61\
\x69\x6e\x20\x28\x5b\x31\x5d\x28\x29\x2d\x5b\x34\x5d\x28\x29\x29\
\x2e\x0a\x0a\x23\x23\x23\x23\x20\x43\x69\x74\x61\x74\x69\x6f\x6e\
\x73\x0a\x0a\x2a\x20\x5b\x31\x5d\x20\x20\x47\x72\x61\x68\x61\x6d\
\x2c\x20\x44\x2e\x41\x2e\x20\x61\x6e\x64\x20\x48\x65\x72\x72\x69\
\x6e\x67\x74\x6f\x6e\x2c\x20\x43\x2e\x53\x2e\x20\x28\x32\x30\x30\
\x30\x29\x20\x48\x50\x56\x2d\x31\x36\x20\x45\x32\x20\x67\x65\x6e\
\x65\x20\x64\x69\x73\x72\x75\x70\x74\x69\x6f\x6e\x20\x61\x6e\x64\
\x20\x73\x65\x71\x75\x65\x6e\x63\x65\x20\x76\x61\x72\x69\x61\x74\
\x69\x6f\x6e\x20\x69\x6e\x20\x43\x49\x4e\x20\x33\x20\x6c\x65\x73\
\x69\x6f\x6e\x73\x20\x61\x6e\x64\x20\x69\x6e\x76\x61\x73\x69\x76\
\x65\x20\x73\x71\x75\x61\x6d\x6f\x75\x73\x20\x63\x65\x6c\x6c\x20\
\x63\x61\x72\x63\x69\x6e\x6f\x6d\x61\x73\x20\x6f\x66\x20\x74\x68\
\x65\x20\x63\x65\x72\x76\x69\x78\x3a\x20\x72\x65\x6c\x61\x74\x69\
\x6f\x6e\x20\x74\x6f\x20\x6e\x75\x6d\x65\x72\x69\x63\x61\x6c\x20\
\x63\x68\x72\x6f\x6d\x6f\x73\x6f\x6d\x65\x20\x61\x62\x6e\x6f\x72\
\x6d\x61\x6c\x69\x74\x69\x65\x73\x2e\x20\x4d\x6f\x6c\x20\x50\x61\
\x74\x68\x6f\x6c\x20\x35\x33\x28\x34\x29\x2c\x20\x32\x30\x31\x2d\
\x36\x20\x0a\x09\x0a\x09\x2a\x2a\x50\x4d\x49\x44\x3a\x20\x31\x31\
\x30\x34\x30\x39\x34\x33\x2a\x2a\x20\x5b\x50\x75\x62\x6d\x65\x64\
\x20\x6c\x69\x6e\x6b\x5d\x28\x68\x74\x74\x70\x73\x3a\x2f\x2f\x70\
\x75\x62\x6d\x65\x64\x2e\x6e\x63\x62\x69\x2e\x6e\x6c\x6d\x2e\x6e\
\x69\x68\x2e\x67\x6f\x76\x2f\x31\x31\x30\x34\x30\x39\x34\x33\x2f\
\x29\x0a\x0a\x2a\x20\x5b\x32\x5d\x20\x20\x54\x73\x61\x6b\x6f\x67\
\x69\x61\x6e\x6e\x69\x73\x2c\x20\x44\x2e\x2c\x20\x65\x74\x20\x61\
\x6c\x2e\x20\x28\x32\x30\x31\x32\x29\x20\x53\x65\x71\x75\x65\x6e\
\x63\x65\x20\x76\x61\x72\x69\x61\x74\x69\x6f\x6e\x20\x61\x6e\x61\
\x6c\x79\x73\x69\x73\x20\x6f\x66\x20\x74\x68\x65\x20\x45\x32\x20\
\x67\x65\x6e\x65\x20\x6f\x66\x20\x68\x75\x6d\x61\x6e\x20\x70\x61\
\x70\x69\x6c\x6c\x6f\x6d\x61\x20\x76\x69\x72\x75\x73\x20\x74\x79\
\x70\x65\x20\x31\x36\x20\x69\x6e\x20\x63\x65\x72\x76\x69\x63\x61\
\x6c\x20\x6c\x65\x73\x69\x6f\x6e\x73\x20\x66\x72\x6f\x6d\x20\x77\
\x6f\x6d\x65\x6e\x20\x69\x6e\x20\x47\x72\x65\x65\x63\x65\x2e\x20\
\x41\x72\x63\x68\x20\x56\x69\x72\x6f\x6c\x20\x31\x35\x37\x28\x35\
\x29\x2c\x20\x38\x32\x35\x2d\x33\x32\x20\x0a\x09\x0a\x09\x2a\x2a\
\x50\x4d\x49\x44\x3a\x20\x32\x32\x32\x39\x34\x34\x34\x35\x2a\x2a\
\x20\x5b\x50\x75\x62\x6d\x65\x64\x20\x6c\x69\x6e\x6b\x5d\x28\x68\
\x74\x74\x70\x73\x3a\x2f\x2f\x70\x75\x62\x6d\x65\x64\x2e\x6e\x63\
\x62\x69\x2e\x6e\x6c\x6d\x2e\x6e\x69\x68\x2e\x67\x6f\x76\x2f\x32\
\x32\x32\x39\x34\x34\x34\x35\x2f\x29\x0a\x0a\x2a\x20\x5b\x33\x5d\
\x20\x20\x4b\x61\x68\x6c\x61\x2c\x20\x53\x2e\x2c\x20\x65\x74\x20\
\x61\x6c\x2e\x20\x28\x32\x30\x31\x34\x29\x20\x53\x65\x71\x75\x65\
\x6e\x63\x65\x20\x76\x61\x72\x69\x61\x74\x69\x6f\x6e\x20\x69\x6e\
\x20\x74\x68\x65\x20\x45\x32\x2d\x62\x69\x6e\x64\x69\x6e\x67\x20\
\x64\x6f\x6d\x61\x69\x6e\x20\x6f\x66\x20\x48\x50\x56\x31\x36\x20\
\x61\x6e\x64\x20\x62\x69\x6f\x6c\x6f\x67\x69\x63\x61\x6c\x20\x66\
\x75\x6e\x63\x74\x69\x6f\x6e\x20\x65\x76\x61\x6c\x75\x61\x74\x69\
\x6f\x6e\x20\x69\x6e\x20\x54\x75\x6e\x69\x73\x69\x61\x6e\x20\x63\
\x65\x72\x76\x69\x63\x61\x6c\x20\x63\x61\x6e\x63\x65\x72\x73\x2e\
\x20\x42\x69\x6f\x6d\x65\x64\x20\x52\x65\x73\x20\x49\x6e\x74\x20\
\x32\x30\x31\x34\x2c\x20\x36\x33\x39\x33\x32\x31\x20\x20\x0a\x09\
\x0a\x09\x2a\x2a\x50\x4d\x49\x44\x3a\x20\x32\x35\x30\x33\x32\x32\
\x32\x31\x2a\x2a\x20\x5b\x50\x75\x62\x6d\x65\x64\x20\x6c\x69\x6e\
\x6b\x5d\x28\x68\x74\x74\x70\x73\x3a\x2f\x2f\x70\x75\x62\x6d\x65\
\x64\x2e\x6e\x63\x62\x69\x2e\x6e\x6c\x6d\x2e\x6e\x69\x68\x2e\x67\
\x6f\x76\x2f\x32\x35\x30\x33\x32\x32\x32\x31\x2f\x29\x0a\x0a\x2a\
\x20\x5b\x34\x5d\x20\x20\x45\x72\x69\x6b\x73\x73\x6f\x6e\x2c\x20\
\x41\x2e\x2c\x20\x65\x74\x20\x61\x6c\x2e\x20\x28\x31\x39\x39\x39\
\x29\x20\x48\x75\x6d\x61\x6e\x20\x70\x61\x70\x69\x6c\x6c\x6f\x6d\
\x61\x76\x69\x72\x75\x73\x20\x74\x79\x70\x65\x20\x31\x36\x20\x76\
\x61\x72\x69\x61\x6e\x74\x20\x6c\x69\x6e\x65\x61\x67\x65\x73\x20\
\x63\x68\x61\x72\x61\x63\x74\x65\x72\x69\x7a\x65\x64\x20\x62\x79\
\x20\x6e\x75\x63\x6c\x65\x6f\x74\x69\x64\x65\x20\x73\x65\x71\x75\
\x65\x6e\x63\x65\x20\x61\x6e\x61\x6c\x79\x73\x69\x73\x20\x6f\x66\
\x20\x74\x68\x65\x20\x45\x35\x20\x63\x6f\x64\x69\x6e\x67\x20\x73\
\x65\x67\x6d\x65\x6e\x74\x20\x61\x6e\x64\x20\x74\x68\x65\x20\x45\
\x32\x20\x68\x69\x6e\x67\x65\x20\x72\x65\x67\x69\x6f\x6e\x2e\x20\
\x4a\x20\x47\x65\x6e\x20\x56\x69\x72\x6f\x6c\x20\x38\x30\x20\x28\
\x20\x50\x74\x20\x33\x29\x2c\x20\x35\x39\x35\x2d\x36\x30\x30\x20\
\x20\x20\x0a\x09\x0a\x09\x2a\x2a\x50\x4d\x49\x44\x3a\x20\x31\x30\
\x30\x39\x31\x39\x39\x37\x2a\x2a\x20\x5b\x50\x75\x62\x6d\x65\x64\
\x20\x6c\x69\x6e\x6b\x5d\x28\x68\x74\x74\x70\x73\x3a\x2f\x2f\x70\
\x75\x62\x6d\x65\x64\x2e\x6e\x63\x62\x69\x2e\x6e\x6c\x6d\x2e\x6e\
\x69\x68\x2e\x67\x6f\x76\x2f\x31\x30\x30\x39\x31\x39\x39\x37\x2f\
\x29\x0a\
\x00\x00\x05\x56\
\x23\
\x23\x23\x23\x20\x56\x61\x72\x69\x61\x74\x69\x6f\x6e\x20\x4e\x43\
\x30\x30\x31\x35\x32\x36\x20\x6e\x75\x63\x6c\x65\x6f\x74\x69\x64\
\x65\x20\x70\x6f\x73\x69\x74\x69\x6f\x6e\x20\x33\x36\x38\x34\x0a\
\x0a\x54\x68\x65\x20\x6e\x75\x63\x6c\x65\x6f\x74\x69\x64\x65\x20\
\x6d\x75\x74\x61\x74\x69\x6f\x6e\x20\x43\x33\x36\x38\x34\x41\x20\
\x6f\x66\x20\x74\x68\x65\x20\x45\x32\x20\x67\x65\x6e\x65\x20\x69\
\x6e\x64\x75\x63\x65\x73\x20\x74\x68\x65\x20\x61\x6d\x69\x6e\x6f\
\x20\x61\x63\x69\x64\x20\x73\x75\x62\x73\x74\x69\x74\x75\x74\x69\
\x6f\x6e\x20\x54\x33\x31\x30\x4b\x20\x74\x68\x61\x74\x20\x69\x73\
\x20\x70\x6f\x73\x69\x74\x69\x6f\x6e\x65\x64\x20\x69\x6e\x20\x74\
\x68\x65\x20\x44\x4e\x41\x20\x62\x69\x6e\x64\x69\x6e\x67\x20\x64\
\x6f\x6d\x61\x69\x6e\x20\x6f\x66\x20\x74\x68\x65\x20\x48\x50\x56\
\x31\x36\x20\x45\x32\x20\x70\x72\x6f\x74\x65\x69\x6e\x2e\x20\x0a\
\x41\x20\x72\x65\x63\x65\x6e\x74\x20\x73\x74\x75\x64\x79\x20\x68\
\x61\x73\x20\x73\x75\x67\x67\x65\x73\x74\x65\x64\x20\x74\x68\x61\
\x74\x20\x74\x68\x65\x20\x54\x33\x31\x30\x4b\x20\x69\x73\x20\x61\
\x73\x73\x6f\x63\x69\x61\x74\x65\x64\x20\x77\x69\x74\x68\x20\x63\
\x65\x72\x76\x69\x63\x61\x6c\x20\x63\x61\x6e\x63\x65\x72\x20\x72\
\x69\x73\x6b\x20\x69\x6e\x20\x54\x75\x6e\x69\x73\x69\x61\x6e\x20\
\x70\x61\x74\x69\x65\x6e\x74\x73\x2e\x20\x0a\x54\x68\x65\x20\x61\
\x6d\x69\x6e\x6f\x20\x61\x63\x69\x64\x20\x6d\x75\x74\x61\x74\x69\
\x6f\x6e\x20\x54\x33\x31\x30\x4b\x20\x6d\x69\x67\x68\x74\x20\x63\
\x6f\x6e\x73\x74\x72\x61\x69\x6e\x74\x20\x74\x68\x65\x20\x45\x32\
\x20\x66\x75\x6e\x63\x74\x69\x6f\x6e\x20\x61\x73\x20\x74\x72\x61\
\x6e\x73\x63\x72\x69\x70\x74\x69\x6f\x6e\x20\x73\x75\x70\x70\x72\
\x65\x73\x73\x6f\x72\x2c\x20\x74\x68\x75\x73\x20\x69\x6e\x66\x6c\
\x75\x65\x6e\x63\x69\x6e\x67\x20\x74\x68\x65\x20\x65\x78\x70\x72\
\x65\x73\x73\x69\x6f\x6e\x20\x6f\x66\x20\x76\x69\x72\x61\x6c\x20\
\x6f\x6e\x63\x6f\x67\x65\x6e\x65\x73\x20\x45\x36\x20\x61\x6e\x64\
\x20\x45\x37\x20\x28\x5b\x31\x5d\x28\x29\x29\x2e\x20\x20\x0a\x54\
\x68\x65\x20\x6e\x75\x63\x6c\x65\x6f\x74\x69\x64\x65\x20\x76\x61\
\x72\x69\x61\x74\x69\x6f\x6e\x20\x43\x32\x38\x36\x30\x41\x20\x72\
\x65\x73\x75\x6c\x74\x73\x20\x74\x6f\x20\x74\x68\x65\x20\x61\x6d\
\x69\x6e\x6f\x20\x61\x63\x69\x64\x20\x73\x75\x62\x73\x74\x69\x74\
\x75\x74\x69\x6f\x6e\x20\x48\x33\x35\x51\x20\x77\x68\x69\x63\x68\
\x20\x69\x73\x20\x70\x6f\x73\x69\x74\x69\x6f\x6e\x65\x64\x20\x69\
\x6e\x20\x74\x68\x65\x20\x74\x72\x61\x6e\x73\x61\x63\x74\x69\x76\
\x61\x74\x69\x6f\x6e\x20\x64\x6f\x6d\x61\x69\x6e\x20\x6f\x66\x20\
\x74\x68\x65\x20\x45\x32\x20\x70\x72\x6f\x74\x65\x69\x6e\x2e\x0a\
\x54\x68\x65\x20\x48\x33\x35\x51\x20\x77\x61\x73\x20\x66\x6f\x75\
\x6e\x64\x20\x74\x6f\x20\x62\x65\x20\x73\x74\x72\x6f\x6e\x67\x6c\
\x79\x20\x61\x73\x73\x6f\x63\x69\x61\x74\x65\x64\x20\x77\x69\x74\
\x68\x20\x63\x65\x72\x76\x69\x63\x61\x6c\x20\x63\x61\x6e\x63\x65\
\x72\x20\x64\x65\x76\x65\x6c\x6f\x70\x6d\x65\x6e\x74\x20\x69\x6e\
\x20\x48\x61\x6e\x20\x43\x68\x69\x6e\x65\x73\x65\x20\x77\x6f\x6d\
\x65\x6e\x20\x28\x5b\x32\x5d\x28\x29\x29\x2e\x20\x0a\x54\x68\x65\
\x20\x6d\x65\x63\x68\x61\x6e\x69\x73\x6d\x20\x74\x68\x61\x74\x20\
\x48\x33\x35\x51\x20\x69\x6e\x66\x6c\x75\x65\x6e\x63\x65\x73\x20\
\x74\x68\x65\x20\x66\x75\x6e\x63\x74\x69\x6f\x6e\x20\x6f\x66\x20\
\x74\x68\x65\x20\x45\x32\x20\x70\x72\x6f\x74\x65\x69\x6e\x20\x69\
\x73\x20\x72\x65\x71\x75\x69\x72\x65\x64\x20\x74\x6f\x20\x62\x65\
\x20\x66\x75\x72\x74\x68\x65\x72\x20\x69\x6e\x76\x65\x73\x74\x69\
\x67\x61\x74\x65\x64\x2e\x0a\x0a\x23\x23\x23\x23\x20\x43\x69\x74\
\x61\x74\x69\x6f\x6e\x73\x0a\x0a\x2a\x20\x5b\x31\x5d\x20\x20\x4b\
\x61\x68\x6c\x61\x2c\x20\x53\x2e\x2c\x20\x65\x74\x20\x61\x6c\x2e\
\x20\x28\x32\x30\x31\x34\x29\x20\x53\x65\x71\x75\x65\x6e\x63\x65\
\x20\x76\x61\x72\x69\x61\x74\x69\x6f\x6e\x20\x69\x6e\x20\x74\x68\
\x65\x20\x45\x32\x2d\x62\x69\x6e\x64\x69\x6e\x67\x20\x64\x6f\x6d\
\x61\x69\x6e\x20\x6f\x66\x20\x48\x50\x56\x31\x36\x20\x61\x6e\x64\
\x20\x62\x69\x6f\x6c\x6f\x67\x69\x63\x61\x6c\x20\x66\x75\x6e\x63\
\x74\x69\x6f\x6e\x20\x65\x76\x61\x6c\x75\x61\x74\x69\x6f\x6e\x20\
\x69\x6e\x20\x54\x75\x6e\x69\x73\x69\x61\x6e\x20\x63\x65\x72\x76\
\x69\x63\x61\x6c\x20\x63\x61\x6e\x63\x65\x72\x73\x2e\x20\x42\x69\
\x6f\x6d\x65\x64\x20\x52\x65\x73\x20\x49\x6e\x74\x20\x32\x30\x31\
\x34\x2c\x20\x36\x33\x39\x33\x32\x31\x20\x20\x0a\x0a\x09\x2a\x2a\
\x50\x4d\x49\x44\x3a\x20\x32\x35\x30\x33\x32\x32\x32\x31\x2a\x2a\
\x20\x5b\x50\x75\x62\x6d\x65\x64\x20\x6c\x69\x6e\x6b\x5d\x28\x68\
\x74\x74\x70\x73\x3a\x2f\x2f\x70\x75\x62\x6d\x65\x64\x2e\x6e\x63\
\x62\x69\x2e\x6e\x6c\x6d\x2e\x6e\x69\x68\x2e\x67\x6f\x76\x2f\x32\
\x35\x30\x33\x32\x32\x32\x31\x2f\x29\x0a\x0a\x2a\x20\x5b\x32\x5d\
\x20\x20\x44\x61\x69\x2c\x20\x53\x2e\x2c\x20\x65\x74\x20\x61\x6c\
\x2e\x20\x28\x32\x30\x31\x38\x29\x20\x54\x68\x65\x20\x61\x73\x73\
\x6f\x63\x69\x61\x74\x69\x6f\x6e\x20\x6f\x66\x20\x68\x75\x6d\x61\
\x6e\x20\x70\x61\x70\x69\x6c\x6c\x6f\x6d\x61\x76\x69\x72\x75\x73\
\x20\x74\x79\x70\x65\x20\x31\x36\x20\x45\x32\x20\x76\x61\x72\x69\
\x61\x74\x69\x6f\x6e\x73\x20\x77\x69\x74\x68\x20\x63\x65\x72\x76\
\x69\x63\x61\x6c\x20\x63\x61\x6e\x63\x65\x72\x20\x69\x6e\x20\x61\
\x20\x48\x61\x6e\x20\x43\x68\x69\x6e\x65\x73\x65\x20\x70\x6f\x70\
\x75\x6c\x61\x74\x69\x6f\x6e\x2e\x20\x49\x6e\x66\x65\x63\x74\x20\
\x47\x65\x6e\x65\x74\x20\x45\x76\x6f\x6c\x20\x36\x34\x2c\x20\x32\
\x34\x31\x2d\x34\x38\x20\x0a\x0a\x09\x2a\x2a\x50\x4d\x49\x44\x3a\
\x20\x33\x30\x30\x30\x38\x34\x32\x32\x2a\x2a\x20\x5b\x50\x75\x62\
\x6d\x65\x64\x20\x6c\x69\x6e\x6b\x5d\x28\x68\x74\x74\x70\x73\x3a\
\x2f\x2f\x70\x75\x62\x6d\x65\x64\x2e\x6e\x63\x62\x69\x2e\x6e\x6c\
\x6d\x2e\x6e\x69\x68\x2e\x67\x6f\x76\x2f\x33\x30\x30\x30\x38\x34\
\x32\x32\x2f\x29\x0a\
\x00\x00\x05\x6b\
\x23\
\x23\x23\x23\x20\x56\x61\x72\x69\x61\x74\x69\x6f\x6e\x20\x4e\x43\
\x30\x30\x31\x35\x32\x36\x20\x6e\x75\x63\x6c\x65\x6f\x74\x69\x64\
\x65\x20\x70\x6f\x73\x69\x74\x69\x6f\x6e\x20\x34\x30\x34\x32\x0a\
\x0a\x54\x68\x65\x20\x6e\x75\x63\x6c\x65\x6f\x74\x69\x64\x65\x20\
\x70\x6f\x73\x69\x74\x69\x6f\x6e\x20\x34\x30\x34\x32\x20\x6f\x66\
\x20\x74\x68\x65\x20\x48\x50\x56\x31\x36\x20\x45\x35\x20\x67\x65\
\x6e\x65\x20\x69\x73\x20\x68\x69\x67\x68\x6c\x79\x20\x70\x6f\x6c\
\x79\x6d\x6f\x72\x70\x68\x69\x63\x20\x61\x6e\x64\x20\x6c\x65\x61\
\x64\x73\x20\x74\x6f\x20\x20\x64\x69\x66\x66\x65\x72\x65\x6e\x74\
\x20\x61\x6d\x69\x6e\x6f\x20\x61\x63\x69\x64\x20\x73\x75\x62\x73\
\x74\x69\x74\x75\x74\x69\x6f\x6e\x73\x20\x61\x74\x20\x70\x6f\x73\
\x69\x74\x69\x6f\x6e\x20\x36\x35\x20\x28\x49\x36\x35\x29\x20\x6f\
\x66\x20\x74\x68\x65\x20\x76\x69\x72\x61\x6c\x20\x70\x72\x6f\x74\
\x65\x69\x6e\x2e\x20\x0a\x54\x68\x65\x20\x76\x61\x72\x69\x61\x62\
\x69\x6c\x69\x74\x79\x20\x6f\x66\x20\x70\x6f\x73\x69\x74\x69\x6f\
\x6e\x20\x34\x30\x34\x32\x20\x64\x69\x66\x66\x65\x72\x73\x20\x61\
\x6d\x6f\x6e\x67\x20\x74\x68\x65\x20\x48\x50\x56\x31\x36\x20\x76\
\x61\x72\x69\x61\x6e\x74\x20\x6c\x69\x6e\x65\x61\x67\x65\x73\x2c\
\x20\x73\x69\x6e\x63\x65\x20\x69\x6e\x20\x74\x68\x65\x20\x41\x20\
\x61\x6e\x64\x20\x44\x20\x76\x61\x72\x69\x61\x6e\x74\x20\x6c\x69\
\x6e\x65\x61\x67\x65\x73\x20\x69\x73\x20\x66\x6f\x75\x6e\x64\x20\
\x61\x73\x20\x41\x34\x30\x34\x32\x47\x20\x28\x49\x36\x35\x56\x29\
\x2c\x20\x69\x6e\x20\x43\x20\x76\x61\x72\x69\x61\x6e\x74\x20\x6c\
\x69\x6e\x65\x61\x67\x65\x20\x69\x73\x20\x64\x65\x74\x65\x63\x74\
\x65\x64\x20\x61\x73\x20\x41\x34\x30\x34\x32\x47\x2f\x43\x20\x28\
\x49\x36\x35\x56\x2f\x4c\x29\x20\x61\x6e\x64\x20\x69\x6e\x20\x42\
\x20\x6c\x69\x6e\x65\x61\x67\x65\x20\x69\x74\x20\x69\x73\x20\x61\
\x64\x64\x72\x65\x73\x73\x65\x64\x20\x61\x73\x20\x41\x34\x30\x34\
\x32\x47\x2f\x54\x20\x28\x49\x36\x35\x56\x29\x20\x28\x5b\x31\x5d\
\x28\x29\x2c\x5b\x32\x5d\x28\x29\x29\x2e\x20\x0a\x52\x65\x73\x65\
\x61\x72\x63\x68\x20\x73\x74\x75\x64\x69\x65\x73\x20\x68\x61\x76\
\x65\x20\x72\x65\x76\x65\x61\x6c\x65\x64\x20\x74\x68\x61\x74\x20\
\x74\x68\x65\x20\x72\x65\x73\x70\x65\x63\x74\x69\x76\x65\x20\x6d\
\x75\x74\x61\x74\x69\x6f\x6e\x20\x69\x73\x20\x65\x78\x63\x6c\x75\
\x73\x69\x76\x65\x6c\x79\x20\x64\x65\x74\x65\x63\x74\x65\x64\x20\
\x69\x6e\x20\x61\x64\x76\x61\x6e\x63\x65\x64\x20\x63\x65\x72\x76\
\x69\x63\x61\x6c\x20\x64\x79\x73\x70\x6c\x61\x73\x69\x61\x20\x61\
\x6e\x64\x20\x63\x65\x72\x76\x69\x63\x61\x6c\x20\x63\x61\x6e\x63\
\x65\x72\x20\x63\x61\x73\x65\x73\x20\x28\x5b\x31\x5d\x28\x29\x2c\
\x20\x5b\x32\x5d\x28\x29\x29\x2e\x0a\x4d\x6f\x72\x65\x6f\x76\x65\
\x72\x2c\x20\x69\x74\x20\x68\x61\x73\x20\x62\x65\x65\x6e\x20\x70\
\x72\x6f\x70\x6f\x73\x65\x64\x20\x74\x68\x61\x74\x20\x74\x68\x65\
\x20\x61\x6d\x69\x6e\x6f\x20\x61\x63\x69\x64\x20\x76\x61\x72\x69\
\x61\x62\x69\x6c\x69\x74\x79\x20\x61\x74\x20\x70\x6f\x73\x69\x74\
\x69\x6f\x6e\x20\x36\x35\x20\x6f\x66\x20\x45\x35\x20\x70\x72\x6f\
\x74\x65\x69\x6e\x20\x69\x73\x20\x61\x73\x73\x6f\x63\x69\x61\x74\
\x65\x64\x20\x77\x69\x74\x68\x20\x76\x69\x72\x61\x6c\x20\x70\x65\
\x72\x73\x69\x73\x74\x65\x6e\x63\x65\x20\x61\x6e\x64\x20\x69\x6e\
\x63\x72\x65\x61\x73\x65\x64\x20\x76\x69\x72\x61\x6c\x20\x74\x75\
\x6d\x6f\x72\x69\x67\x65\x6e\x69\x63\x69\x74\x79\x20\x28\x5b\x31\
\x5d\x28\x29\x29\x2e\x0a\x0a\x23\x23\x23\x23\x20\x43\x69\x74\x61\
\x74\x69\x6f\x6e\x73\x0a\x0a\x2a\x20\x5b\x31\x5d\x20\x20\x45\x72\
\x69\x6b\x73\x73\x6f\x6e\x2c\x20\x41\x2e\x2c\x20\x65\x74\x20\x61\
\x6c\x2e\x20\x28\x31\x39\x39\x39\x29\x20\x48\x75\x6d\x61\x6e\x20\
\x70\x61\x70\x69\x6c\x6c\x6f\x6d\x61\x76\x69\x72\x75\x73\x20\x74\
\x79\x70\x65\x20\x31\x36\x20\x76\x61\x72\x69\x61\x6e\x74\x20\x6c\
\x69\x6e\x65\x61\x67\x65\x73\x20\x63\x68\x61\x72\x61\x63\x74\x65\
\x72\x69\x7a\x65\x64\x20\x62\x79\x20\x6e\x75\x63\x6c\x65\x6f\x74\
\x69\x64\x65\x20\x73\x65\x71\x75\x65\x6e\x63\x65\x20\x61\x6e\x61\
\x6c\x79\x73\x69\x73\x20\x6f\x66\x20\x74\x68\x65\x20\x45\x35\x20\
\x63\x6f\x64\x69\x6e\x67\x20\x73\x65\x67\x6d\x65\x6e\x74\x20\x61\
\x6e\x64\x20\x74\x68\x65\x20\x45\x32\x20\x68\x69\x6e\x67\x65\x20\
\x72\x65\x67\x69\x6f\x6e\x2e\x20\x4a\x20\x47\x65\x6e\x20\x56\x69\
\x72\x6f\x6c\x20\x38\x30\x20\x28\x20\x50\x74\x20\x33\x29\x2c\x20\
\x35\x39\x35\x2d\x36\x30\x30\x20\x20\x20\x0a\x0a\x09\x2a\x2a\x50\
\x4d\x49\x44\x3a\x20\x31\x30\x30\x39\x31\x39\x39\x37\x2a\x2a\x20\
\x5b\x50\x75\x62\x6d\x65\x64\x20\x6c\x69\x6e\x6b\x5d\x28\x68\x74\
\x74\x70\x73\x3a\x2f\x2f\x70\x75\x62\x6d\x65\x64\x2e\x6e\x63\x62\
\x69\x2e\x6e\x6c\x6d\x2e\x6e\x69\x68\x2e\x67\x6f\x76\x2f\x31\x30\
\x30\x39\x31\x39\x39\x37\x2f\x29\x0a\x0a\x2a\x20\x5b\x32\x5d\x20\
\x20\x50\x6c\x65\x73\x61\x2c\x20\x41\x2e\x2c\x20\x65\x74\x20\x61\
\x6c\x2e\x20\x28\x32\x30\x31\x34\x29\x20\x4d\x6f\x6c\x65\x63\x75\
\x6c\x61\x72\x20\x76\x61\x72\x69\x61\x6e\x74\x73\x20\x6f\x66\x20\
\x68\x75\x6d\x61\x6e\x20\x70\x61\x70\x69\x6c\x6c\x6f\x6d\x61\x20\
\x76\x69\x72\x75\x73\x20\x31\x36\x20\x45\x32\x2c\x20\x45\x34\x2c\
\x20\x45\x35\x2c\x20\x45\x36\x20\x61\x6e\x64\x20\x45\x37\x20\x67\
\x65\x6e\x65\x73\x20\x61\x73\x73\x6f\x63\x69\x61\x74\x65\x64\x20\
\x77\x69\x74\x68\x20\x63\x65\x72\x76\x69\x63\x61\x6c\x20\x6e\x65\
\x6f\x70\x6c\x61\x73\x69\x61\x20\x69\x6e\x20\x52\x6f\x6d\x61\x6e\
\x69\x61\x6e\x20\x70\x61\x74\x69\x65\x6e\x74\x73\x2e\x20\x41\x72\
\x63\x68\x20\x56\x69\x72\x6f\x6c\x20\x31\x35\x39\x28\x31\x32\x29\
\x2c\x20\x33\x33\x30\x35\x2d\x32\x30\x2e\x0a\x09\x0a\x09\x2a\x2a\
\x50\x4d\x49\x44\x3a\x20\x32\x35\x31\x34\x33\x32\x36\x33\x2a\x2a\
\x20\x5b\x50\x75\x62\x6d\x65\x64\x20\x6c\x69\x6e\x6b\x5d\x28\x68\
\x74\x74\x70\x73\x3a\x2f\x2f\x70\x75\x62\x6d\x65\x64\x2e\x6e\x63\
\x62\x69\x2e\x6e\x6c\x6d\x2e\x6e\x69\x68\x2e\x67\x6f\x76\x2f\x32\
\x35\x31\x34\x33\x32\x36\x33\x2f\x29\x0a\
\x00\x00\x12\x70\
\x89\
\x50\x4e\x47\x0d\x0a\x1a\x0a\x00\x00\x00\x0d\x49\x48\x44\x52\x00\
\x00\x02\x00\x00\x00\x02\x00\x08\x06\x00\x00\x00\xf4\x78\xd4\xfa\
\x00\x00\x00\x09\x70\x48\x59\x73\x00\x00\x0e\xc3\x00\x00\x0e\xc3\
\x01\xc7\x6f\xa8\x64\x00\x00\x00\x19\x74\x45\x58\x74\x53\x6f\x66\
\x74\x77\x61\x72\x65\x00\x77\x77\x77\x2e\x69\x6e\x6b\x73\x63\x61\
\x70\x65\x2e\x6f\x72\x67\x9b\xee\x3c\x1a\x00\x00\x11\xfd\x49\x44\
\x41\x54\x78\x9c\xed\xdd\x4f\xa8\xbe\x69\x5d\xc7\xf1\xcf\x25\x0e\
\x25\x34\x42\x4e\x81\x4d\x41\x31\x14\x24\x53\x12\x93\x03\x2d\xf2\
\x4f\xd8\x94\x99\x46\x6d\xa4\xdc\x18\xb9\x48\x09\x8c\x36\x69\xbb\
\x76\x39\xad\x24\x48\xda\x59\x06\x05\x5a\x03\xa1\x34\x34\xd3\x10\
\x56\x50\x50\xb8\xc8\x45\x41\x2e\x6c\xa5\x8b\x1a\x87\x20\x22\x24\
\xef\x16\xcf\x79\xec\xcc\x6f\xce\x9f\xe7\xcf\xfd\xdc\xd7\x7d\xdd\
\xdf\xd7\x6b\xeb\x78\x7e\xd7\x6a\x3e\xef\x73\x7e\x67\x9e\x6f\x9b\
\xa6\x29\x00\x40\x2d\xaf\xea\xfd\x00\x00\x60\x79\x02\x00\x00\x0a\
\x12\x00\x00\x50\x90\x00\x00\x80\x82\x04\x00\x00\x14\x24\x00\x00\
\xa0\x20\x01\x00\x00\x05\x09\x00\x00\x28\x48\x00\x00\x40\x41\x02\
\x00\x00\x0a\x12\x00\x00\x50\x90\x00\x00\x80\x82\x04\x00\x00\x14\
\x24\x00\x00\xa0\x20\x01\x00\x00\x05\x09\x00\x00\x28\x48\x00\x00\
\x40\x41\x02\x00\x00\x0a\x12\x00\x00\x50\x90\x00\x00\x80\x82\x04\
\x00\x00\x14\x24\x00\x00\xa0\x20\x01\x00\x00\x05\x09\x00\x00\x28\
\x48\x00\x00\x40\x41\x02\x00\x00\x0a\x12\x00\x00\x50\x90\x00\x00\
\x80\x82\x04\x00\x00\x14\x24\x00\x00\xa0\x20\x01\x00\x00\x05\x09\
\x00\x00\x28\x48\x00\x00\x40\x41\x02\x00\x00\x0a\x12\x00\x00\x50\
\x90\x00\x00\x80\x82\x04\x00\x00\x14\x24\x00\x00\xa0\x20\x01\x00\
\x00\x05\x09\x00\x00\x28\x48\x00\x00\x40\x41\x02\x00\x00\x0a\x12\
\x00\x00\x50\x90\x00\x00\x80\x82\x04\x00\x00\x14\x24\x00\x00\xa0\
\x20\x01\x00\x00\x05\x09\x00\x00\x28\x48\x00\x00\x40\x41\x02\x00\
\x00\x0a\x12\x00\x00\x50\x90\x00\x00\x80\x82\x04\x00\x00\x14\x24\
\x00\x00\xa0\x20\x01\x00\x00\x05\x09\x00\x00\x28\x48\x00\x00\x40\
\x41\x02\x00\x00\x0a\x12\x00\x00\x50\x90\x00\x00\x80\x82\x04\x00\
\x00\x14\x24\x00\x00\xa0\x20\x01\x00\x00\x05\x09\x00\x00\x28\x48\
\x00\x00\x40\x41\x02\x00\x00\x0a\x12\x00\x00\x50\x90\x00\x00\x80\
\x82\x04\x00\x00\x14\x24\x00\x00\xa0\x20\x01\x00\x00\x05\x09\x00\
\x00\x28\x48\x00\x00\x40\x41\x02\x00\x00\x0a\x12\x00\x00\x50\x90\
\x00\x00\x80\x82\x04\x00\x00\x14\x24\x00\x00\xa0\x20\x01\x00\x00\
\x05\x09\x00\x00\x28\x48\x00\x00\x40\x41\x02\x00\x00\x0a\x12\x00\
\x00\x50\x90\x00\x00\x80\x82\x04\x00\x00\x14\x24\x00\x00\xa0\x20\
\x01\x00\x00\x05\x09\x00\x00\x28\x48\x00\x00\x40\x41\x02\x00\x00\
\x0a\x12\x00\x00\x50\x90\x00\x00\x80\x82\x04\x00\x00\x14\x24\x00\
\x00\xa0\x20\x01\x00\x00\x05\x09\x00\x00\x28\x48\x00\x00\x40\x41\
\x02\x00\x00\x0a\x12\x00\x00\x50\x90\x00\x00\x80\x82\x04\x00\x00\
\x14\x24\x00\x00\xa0\x20\x01\x00\x00\x05\x09\x00\x00\x28\x48\x00\
\x00\x40\x41\x02\x00\x00\x0a\x12\x00\x00\x50\x90\x00\x00\x60\x08\
\xad\xb5\xef\xe8\xfd\x86\x2d\x11\x00\x00\xac\x5e\x6b\xed\x87\x92\
\x7c\xa1\xb5\xf6\xd1\xde\x6f\xd9\x0a\x01\x00\xc0\xaa\x5d\x8d\xff\
\x5f\x26\x79\x24\xc9\x87\x45\xc0\x3c\x04\x00\x00\xab\xf5\xc0\xf8\
\xef\x89\x80\x19\x08\x00\x00\x56\xe9\x96\xf1\xdf\x13\x01\x67\x12\
\x00\x00\xac\xce\x3d\xe3\xbf\x27\x02\xce\x20\x00\x00\x58\x95\x03\
\xc7\x7f\x4f\x04\x9c\x48\x00\x00\xb0\x1a\x47\x8e\xff\x9e\x08\x38\
\x81\x00\x00\x60\x15\x4e\x1c\xff\x3d\x11\x70\x24\x01\x00\x40\x77\
\x67\x8e\xff\x9e\x08\x38\x82\x00\x00\xa0\xab\x99\xc6\x7f\x4f\x04\
\x1c\x48\x00\x00\xd0\xcd\xcc\xe3\xbf\x27\x02\x0e\x20\x00\x00\xe8\
\xe2\x42\xe3\xbf\x27\x02\xee\x21\x00\x00\x58\xdc\x85\xc7\x7f\x4f\
\x04\xdc\x41\x00\x00\xb0\xa8\x85\xc6\x7f\x4f\x04\xdc\x42\x00\x00\
\xb0\x98\x85\xc7\x7f\x4f\x04\xdc\x40\x00\x00\xb0\x88\x4e\xe3\xbf\
\x27\x02\x1e\x20\x00\x00\xb8\xb8\xce\xe3\xbf\x27\x02\xae\x11\x00\
\x00\x5c\xd4\x4a\xc6\x7f\x4f\x04\x5c\x11\x00\x00\x5c\xcc\xca\xc6\
\x7f\x4f\x04\x44\x00\x00\x70\x21\x2b\x1d\xff\xbd\xf2\x11\x20\x00\
\x00\x98\xdd\xca\xc7\x7f\xaf\x74\x04\x08\x00\x00\x66\x35\xc8\xf8\
\xef\x95\x8d\x80\x36\x4d\x53\xef\x37\x00\xb0\x11\xad\xb5\x27\x92\
\x3c\x9f\xe4\x75\xbd\xdf\x72\x84\x17\x93\xfc\xc0\x34\x4d\x5f\xee\
\xfd\x90\x25\xf9\x09\x00\x00\xb3\xb8\xfa\xce\xff\xb9\x8c\x35\xfe\
\x2f\x25\x79\x47\xb5\xf1\x4f\x04\x00\x00\x33\x18\xec\xc7\xfe\x7b\
\x2f\x25\xf9\x89\x69\x9a\xfe\xa1\xf7\x43\x7a\x10\x00\x00\x9c\xc5\
\xf8\x8f\x49\x00\x00\x70\x32\xe3\x3f\x2e\x01\x00\xc0\x49\x8c\xff\
\xd8\x04\x00\x00\x47\x33\xfe\xe3\x13\x00\x00\x1c\xc5\xf8\x6f\x83\
\x00\x00\xe0\x60\xc6\x7f\x3b\x04\x00\x00\x07\x31\xfe\xdb\x22\x00\
\x00\xb8\x97\xf1\xdf\x1e\x01\x00\xc0\x9d\x8c\xff\x36\x09\x00\x00\
\x6e\x65\xfc\xb7\x4b\x00\x00\x70\x23\xe3\xbf\x6d\x02\x00\x80\x57\
\x30\xfe\xdb\x27\x00\x00\x78\x19\xe3\x5f\x83\x00\x00\xe0\x1b\x8c\
\x7f\x1d\x02\x00\x80\x24\xc6\xbf\x1a\x01\x00\x80\xf1\x2f\x48\x00\
\x00\x14\x67\xfc\x6b\x12\x00\x00\x85\x19\xff\xba\x04\x00\x40\x51\
\xc6\xbf\x36\x01\x00\x50\x90\xf1\x47\x00\x00\x14\x63\xfc\x49\x04\
\x00\x40\x29\xc6\x9f\x3d\x01\x00\x50\x84\xf1\xe7\x3a\x01\x00\x50\
\x80\xf1\xe7\x41\x02\x00\x60\xe3\x8c\x3f\x37\x11\x00\x00\x1b\x66\
\xfc\xb9\x8d\x00\x00\xd8\x28\xe3\xcf\x5d\x04\x00\xc0\x06\x19\x7f\
\xee\x23\x00\x00\x36\xc6\xf8\x73\x08\x01\x00\xb0\x21\xc6\x9f\x43\
\x09\x00\x80\x8d\x30\xfe\x1c\x43\x00\x00\x6c\x80\xf1\xe7\x58\x02\
\x00\x60\x70\xc6\x9f\x53\x08\x00\x80\x81\x19\x7f\x4e\x25\x00\x00\
\x06\x65\xfc\x39\x87\x00\x00\x18\x90\xf1\xe7\x5c\x02\x00\x60\x30\
\xc6\x9f\x39\x08\x00\x80\x81\x18\x7f\xe6\x22\x00\x00\x06\x61\xfc\
\x99\x93\x00\x00\x18\x80\xf1\x67\x6e\x02\x00\x60\xe5\x8c\x3f\x97\
\x20\x00\x00\x56\xcc\xf8\x73\x29\x02\x00\x60\xa5\x8c\x3f\x97\x24\
\x00\x00\x56\xc8\xf8\x73\x69\x02\x00\x60\x65\x8c\x3f\x4b\x10\x00\
\x00\x2b\x62\xfc\x59\x8a\x00\x00\x58\x09\xe3\xcf\x92\x04\x00\xc0\
\x0a\x18\x7f\x96\x26\x00\x00\x3a\x33\xfe\xf4\x20\x00\x00\x3a\x32\
\xfe\xf4\x22\x00\x00\x3a\x31\xfe\xf4\x24\x00\x00\x3a\x30\xfe\xf4\
\x26\x00\x00\x16\x66\xfc\x59\x03\x01\x00\xb0\x20\xe3\xcf\x5a\x08\
\x00\x80\x85\x18\x7f\xd6\x44\x00\x00\x2c\xc0\xf8\xb3\x36\x02\x00\
\xe0\xc2\x8c\x3f\x6b\x24\x00\x00\x2e\xc8\xf8\xb3\x56\x02\x00\xe0\
\x42\x8c\x3f\x6b\x26\x00\x00\x2e\xc0\xf8\xb3\x76\x02\x00\x60\x66\
\xc6\x9f\x11\x08\x00\x80\x19\x19\x7f\x46\x21\x00\x00\x66\x62\xfc\
\x19\x89\x00\x00\x98\x81\xf1\x67\x34\x02\x00\xe0\x4c\xc6\x9f\x11\
\x09\x00\x80\x33\x18\x7f\x46\x25\x00\x00\x4e\x64\xfc\x19\x99\x00\
\x00\x38\x81\xf1\x67\x74\x02\x00\xe0\x48\xc6\x9f\x2d\x10\x00\x00\
\x47\x30\xfe\x6c\x85\x00\x00\x38\x90\xf1\x67\x4b\x04\x00\xc0\x01\
\x8c\x3f\x5b\x23\x00\x00\xee\x61\xfc\xd9\x22\x01\x00\x70\x07\xe3\
\xcf\x56\x09\x00\x80\x5b\x18\x7f\xb6\x4c\x00\x00\xdc\xc0\xf8\xb3\
\x75\x02\x00\xe0\x01\xc6\x9f\x0a\x04\x00\xc0\x35\xc6\x9f\x2a\x04\
\x00\xc0\x15\xe3\x4f\x25\x02\x00\x20\xc6\x9f\x7a\x04\x00\x50\x9e\
\xf1\xa7\x22\x01\x00\x94\x66\xfc\xa9\x4a\x00\x00\x65\x19\x7f\x2a\
\x13\x00\x40\x49\xc6\x9f\xea\x04\x00\x50\x8e\xf1\x07\x01\x00\x14\
\x63\xfc\x61\x47\x00\x00\x65\x18\x7f\xf8\x7f\x02\x00\x28\xc1\xf8\
\xc3\xcb\x09\x00\x60\xf3\x8c\x3f\xbc\x92\x00\x00\x36\xcd\xf8\xc3\
\xcd\x04\x00\xb0\x59\xc6\x1f\x6e\x27\x00\x80\x4d\x32\xfe\x70\x37\
\x01\x00\x6c\x8e\xf1\x87\xfb\x09\x00\x60\x53\x8c\x3f\x1c\x46\x00\
\xcc\xa4\xb5\xf6\xd6\xd6\xda\x9b\x7a\xbf\x03\x2a\x6b\xad\x3d\x91\
\xe4\x85\x8c\x35\xfe\x2f\x26\x79\xbb\xf1\x67\x69\x02\x60\x06\xad\
\xb5\x27\x93\x7c\x26\xc9\x5f\xb5\xd6\x7e\xbc\xf7\x7b\xa0\xa2\xab\
\xef\xfc\x9f\x4b\xf2\xba\xde\x6f\x39\xc2\x4b\x49\xde\x31\x4d\xd3\
\xe7\x7b\x3f\x84\x7a\x04\xc0\x99\x5a\x6b\x8f\x27\x79\x36\xc9\xc3\
\x49\xbe\x25\xc9\x67\x5b\x6b\x3f\xdb\xf7\x55\x50\x8b\x1f\xfb\xc3\
\xf1\x04\xc0\x19\x5a\x6b\x8f\x65\xf7\x1d\xc7\xf5\x7f\xe9\x7c\x53\
\x92\x4f\xb7\xd6\xde\xd7\xe7\x55\x50\x8b\xf1\x87\xd3\x08\x80\x13\
\xb5\xd6\x1e\x4d\xf2\x7c\x92\x47\x6f\xf8\x9f\x5f\x9d\xe4\x13\xad\
\xb5\x0f\x2d\xfb\x2a\xa8\xc5\xf8\xc3\xe9\x04\xc0\x09\x5a\x6b\x8f\
\x64\xf7\x9d\xff\x63\x77\xfd\x63\x49\x3e\xd6\x5a\xfb\xf5\x65\x5e\
\x05\xb5\x18\x7f\x38\x8f\x00\x38\x52\x6b\xed\xe1\xec\xfe\xce\xff\
\xf1\x43\xfe\xf1\x24\x4f\xb7\xd6\x3e\x7a\xd9\x57\x41\x2d\xc6\x1f\
\xce\xd7\xa6\x69\xea\xfd\x86\x61\xb4\xd6\x5e\x93\xe4\xcf\x93\xbc\
\xed\x84\xff\xfb\xef\x25\xf9\x95\x69\x9a\xbe\x3e\xeb\xa3\xa0\x18\
\xe3\x0f\xf3\x10\x00\x07\x6a\xad\x3d\x94\xe4\x99\x24\xef\x3a\xe3\
\xcb\xfc\x51\x92\x5f\x9c\xa6\xe9\x6b\xf3\xbc\x0a\x6a\x31\xfe\x30\
\x1f\x7f\x05\x70\x80\xd6\xda\xab\x92\xfc\x41\xce\x1b\xff\x24\x79\
\x6f\x92\x67\xae\x7e\x92\x00\x1c\xc1\xf8\xc3\xbc\x04\xc0\x3d\x5a\
\x6b\x2d\xc9\xef\x26\xf9\x85\x99\xbe\xe4\xbb\x92\x3c\xdb\x5a\x7b\
\xed\x4c\x5f\x0f\x36\xcf\xf8\xc3\xfc\x04\xc0\xfd\x7e\x2b\xc9\x07\
\x66\xfe\x9a\x6f\x4d\xf2\x42\x6b\xed\xdb\x66\xfe\xba\xb0\x39\xc6\
\x1f\x2e\x43\x00\xdc\xa1\xb5\xf6\x1b\x49\x3e\x7c\xa1\x2f\xff\xa6\
\x24\x7f\xdd\x5a\xfb\xce\x0b\x7d\x7d\x18\x9e\xf1\x87\xcb\xf1\x4b\
\x80\xb7\x68\xad\x7d\x30\xc9\xc7\x17\xf8\xa3\xbe\x94\xe4\xa9\x69\
\x9a\xbe\xb8\xc0\x9f\x05\xc3\x30\xfe\x70\x59\x02\xe0\x06\xad\xb5\
\xf7\x26\xf9\xc3\x2c\xf7\x13\x92\xaf\x64\xf7\x2f\x8d\x2f\x2c\xf4\
\xe7\xc1\xaa\x19\x7f\xb8\x3c\x01\xf0\x80\xd6\xda\xbb\x93\xfc\x69\
\x92\x87\x16\xfe\xa3\xbf\x9a\xe4\x9d\xd3\x34\xfd\xfd\xc2\x7f\x2e\
\xac\x8a\xf1\x87\x65\xf8\x1d\x80\x6b\x5a\x6b\x3f\x96\xe4\x53\x59\
\x7e\xfc\x93\xe4\x5b\x93\x3c\xef\x9c\x30\x95\x19\x7f\x58\x8e\x00\
\xb8\xd2\x5a\x7b\x32\xc9\x9f\x25\xf9\xe6\x8e\xcf\x70\x4e\x98\xb2\
\x8c\x3f\x2c\x4b\x00\x24\x69\xad\x3d\x9e\xdd\xe7\xfb\x3f\xdc\xfb\
\x2d\x71\x4e\x98\x82\x8c\x3f\x2c\xaf\x7c\x00\xb4\xd6\x1e\xcb\xee\
\xb2\xdf\x9a\xfe\xc5\xe3\x9c\x30\x65\x18\x7f\xe8\xa3\x74\x00\xb4\
\xd6\x1e\x4d\xf2\x7c\x92\x47\x7b\xbf\xe5\x06\xce\x09\xb3\x79\xc6\
\x1f\xfa\x29\x1b\x00\xad\xb5\x47\xb2\xfb\xce\xff\xb1\xde\x6f\xb9\
\x83\x73\xc2\x6c\x96\xf1\x87\xbe\x4a\xfe\x67\x80\xad\xb5\x87\x93\
\xbc\x90\xe4\xc9\xde\x6f\x39\x82\x73\xc2\x6c\x86\xf1\x87\xfe\xaa\
\xfe\x04\xe0\x13\x19\x6b\xfc\x93\xdd\x3d\x82\x4f\xb6\xd6\x5e\xdd\
\xfb\x21\x70\x8e\xd6\xda\x13\xd9\x05\xf8\x48\xe3\xff\x62\x92\xb7\
\x1b\x7f\xb6\xa4\xea\x4f\x00\xbe\x3f\xbb\xbf\xfb\xff\xae\xde\x6f\
\x39\xc1\x67\x93\xbc\x67\x9a\xa6\xff\xee\xfd\x10\x38\x96\xef\xfc\
\x61\x3d\x4a\x06\x40\x92\xb4\xd6\xbe\x3b\xbb\x08\xf8\xbe\xde\x6f\
\x39\xc1\xe7\x92\xfc\xcc\x34\x4d\xff\xd9\xfb\x21\x70\x28\xe3\x0f\
\xeb\x52\x36\x00\x92\xa4\xb5\xf6\xfa\x24\x7f\x91\xe4\x8d\xbd\xdf\
\x72\x82\x7f\x4c\xf2\x53\xd3\x34\xfd\x7b\xef\x87\xc0\x7d\x8c\x3f\
\xac\x4f\xd5\xdf\x01\x48\x92\x4c\xd3\xf4\x95\x24\x6f\x4b\xf2\x77\
\x9d\x9f\x72\x0a\xe7\x84\x19\x82\xf1\x87\x75\x2a\x1d\x00\x49\x32\
\x4d\xd3\x57\x93\x3c\x95\xdd\x5f\x07\x8c\xe6\x0d\x49\xfe\xb6\xb5\
\xf6\xbd\xbd\x1f\x02\x37\x31\xfe\xb0\x5e\xe5\x03\x20\x49\xa6\x69\
\xfa\xaf\x24\xef\x4e\xf2\x4c\xef\xb7\x9c\xe0\x7b\x92\xfc\x4d\x6b\
\xed\x07\x7b\x3f\x04\xae\x33\xfe\xb0\x6e\x02\xe0\xca\x34\x4d\xff\
\x93\xe4\x3d\xd9\xfd\x27\x82\xa3\x79\x7d\x92\xcf\xb5\xd6\x7e\xa4\
\xf7\x43\x20\x31\xfe\x30\x02\x01\x70\xcd\x34\x4d\xff\x9b\xe4\xfd\
\x49\x3e\xd6\xfb\x2d\x27\x70\x4e\x98\x55\x30\xfe\x30\x06\x01\xf0\
\x80\x69\xe7\xd7\x92\x7c\xa4\xf7\x5b\x4e\xe0\x9c\x30\x5d\x19\x7f\
\x18\x87\x00\xb8\xc5\x34\x4d\x4f\x27\xf9\xd5\x24\xa3\xfd\x77\x92\
\xce\x09\xd3\x85\xf1\x87\xb1\x08\x80\x3b\x4c\xd3\xf4\x3b\xd9\x7d\
\x04\xef\x68\x9f\xbf\xef\x9c\x30\x8b\x32\xfe\x30\x9e\xd2\x1f\x04\
\x74\xa8\xd6\xda\xcf\x27\xf9\x64\x92\x87\x7a\xbf\xe5\x48\x53\x92\
\x8f\x4c\xd3\xf4\xdb\xbd\x1f\xc2\x76\x19\x7f\x18\x93\x00\x38\x50\
\x6b\xed\x9d\x49\xfe\x24\xc9\x6b\x7a\xbf\xe5\x04\x4f\x4f\xd3\x34\
\xe2\xef\x34\xb0\x72\xc6\x1f\xc6\x25\x00\x8e\xd0\x5a\x7b\x4b\x92\
\xcf\x24\x79\x6d\xef\xb7\x9c\xc0\x39\x61\x66\x65\xfc\x61\x6c\x02\
\xe0\x48\xad\xb5\x1f\x4e\xf2\x6c\x92\x6f\xef\xfd\x96\x13\xfc\x71\
\x92\xf7\x4d\xd3\xf4\xb5\xde\x0f\x61\x6c\xc6\x1f\xc6\x27\x00\x4e\
\xe0\x9c\x30\x95\x19\x7f\xd8\x06\x01\x70\x22\xe7\x84\xa9\xc8\xf8\
\xc3\x76\x08\x80\x33\x38\x27\x4c\x25\xc6\x1f\xb6\xc5\xe7\x00\x9c\
\xc1\x39\x61\xaa\x30\xfe\xb0\x3d\x02\xe0\x4c\xce\x09\xb3\x75\xc6\
\x1f\xb6\x49\x00\xcc\xc0\x39\x61\xb6\xca\xf8\xc3\x76\x09\x80\x99\
\x5c\x3b\x27\xfc\xfb\x9d\x9f\x72\x0a\xe7\x84\x79\x05\xe3\x0f\xdb\
\x26\x00\x66\x74\x75\x4e\xf8\x97\xe2\x9c\x30\x83\x33\xfe\xb0\x7d\
\x02\x60\x66\xce\x09\x33\x3a\xe3\x0f\x35\x08\x80\x0b\x71\x4e\x98\
\x11\x19\x7f\xa8\x43\x00\x5c\x90\x73\xc2\x8c\xc4\xf8\x43\x2d\x3e\
\x08\x68\x01\xce\x09\xb3\x76\xc6\x1f\xea\x11\x00\x0b\x71\x4e\x98\
\xb5\x32\xfe\x50\x93\x00\x58\x90\x73\xc2\xac\x8d\xf1\x87\xba\x04\
\xc0\xc2\x9c\x13\x66\x2d\x8c\x3f\xd4\x26\x00\x3a\x70\x4e\x98\xde\
\x8c\x3f\x20\x00\x3a\x71\x4e\x98\x5e\x8c\x3f\x90\x08\x80\xae\x9c\
\x13\x66\x69\xc6\x1f\xd8\xf3\x39\x00\x1d\x39\x27\xcc\x92\x8c\x3f\
\x70\x9d\x00\xe8\xcc\x39\x61\x96\x60\xfc\x81\x07\x09\x80\x15\x70\
\x4e\x98\x4b\x32\xfe\xc0\x4d\x04\xc0\x4a\x38\x27\xcc\x25\x18\x7f\
\xe0\x36\x02\x60\x45\x9c\x13\x66\x4e\xc6\x1f\xb8\x8b\x00\x58\x99\
\x8d\x9c\x13\xfe\xb9\xde\x0f\xa9\xce\xf8\x03\xf7\x11\x00\x2b\x35\
\xf8\x39\xe1\x4f\x39\x27\xdc\x8f\xf1\x07\x0e\x21\x00\x56\xec\xea\
\x9c\xf0\x07\xe3\x9c\x30\x07\x32\xfe\xc0\xa1\x7c\x10\xd0\x00\x9c\
\x13\xe6\x10\xc6\x1f\x38\x86\x00\x18\x84\x73\xc2\xdc\xc5\xf8\x03\
\xc7\x12\x00\x03\x71\x4e\x98\x9b\x18\x7f\xe0\x14\x02\x60\x30\xce\
\x09\x73\x9d\xf1\x07\x4e\x25\x00\x06\xe4\x9c\x30\x89\xf1\x07\xce\
\x23\x00\x06\xe5\x9c\x70\x6d\xc6\x1f\x38\x97\x00\x18\x98\x73\xc2\
\x35\x19\x7f\x60\x0e\x3e\x07\x60\x60\xce\x09\xd7\x63\xfc\x81\xb9\
\x08\x80\xc1\x39\x27\x5c\x87\xf1\x07\xe6\x24\x00\x36\xc0\x39\xe1\
\xed\x33\xfe\xc0\xdc\x04\xc0\x46\x38\x27\xbc\x5d\xc6\x1f\xb8\x04\
\x01\xb0\x21\xce\x09\x6f\x8f\xf1\x07\x2e\x45\x00\x6c\x8c\x73\xc2\
\xdb\x61\xfc\x81\x4b\x12\x00\x1b\xe5\x9c\xf0\xd8\x8c\x3f\x70\x69\
\x02\x60\xc3\x9c\x13\x1e\x93\xf1\x07\x96\xe0\x83\x80\x0a\x70\x4e\
\x78\x1c\xc6\x1f\x58\x8a\x00\x28\xc2\x39\xe1\xf5\x33\xfe\xc0\x92\
\x04\x40\x21\xce\x09\xaf\x97\xf1\x07\x96\x26\x00\x8a\x71\x4e\x78\
\x7d\x8c\x3f\xd0\x83\x00\x28\xc8\x39\xe1\xf5\x30\xfe\x40\x2f\x02\
\xa0\x28\xe7\x84\xfb\x33\xfe\x40\x4f\x02\xa0\x30\xe7\x84\xfb\x31\
\xfe\x40\x6f\x3e\x07\xa0\x30\xe7\x84\xfb\x30\xfe\xc0\x1a\x08\x80\
\xe2\x9c\x13\x5e\x96\xf1\x07\xd6\x42\x00\xe0\x9c\xf0\x42\x8c\x3f\
\xb0\x26\x02\x80\x24\xce\x09\x5f\x9a\xf1\x07\xd6\x46\x00\xf0\x0d\
\xce\x09\x5f\x86\xf1\x07\xd6\x48\x00\xf0\x32\xce\x09\xcf\xcb\xf8\
\x03\x6b\x25\x00\xb8\x91\x73\xc2\xe7\x33\xfe\xc0\x9a\x09\x00\x6e\
\xe5\x9c\xf0\xe9\x8c\x3f\xb0\x76\x3e\x08\x88\x7b\x39\x27\x7c\x1c\
\xe3\x0f\x8c\x40\x00\x70\x90\xd6\xda\x4f\x27\xf9\x74\x9c\x13\xbe\
\x93\xf1\x07\x46\x21\x00\x38\x98\x73\xc2\x77\x33\xfe\xc0\x48\x04\
\x00\x47\x71\x4e\xf8\x66\xc6\x1f\x18\x8d\x00\xe0\x68\xce\x09\xbf\
\x9c\xf1\x07\x46\x24\x00\x38\x89\x73\xc2\x3b\xc6\x1f\x18\x95\x00\
\xe0\x64\xd5\xcf\x09\x1b\x7f\x60\x64\x3e\x07\x80\x93\x55\x3e\x27\
\x6c\xfc\x81\xd1\x09\x00\xce\x52\xf1\x9c\xb0\xf1\x07\xb6\x40\x00\
\x70\xb6\x4a\xe7\x84\x8d\x3f\xb0\x15\x02\x80\x59\x54\x38\x27\x6c\
\xfc\x81\x2d\x11\x00\xcc\x66\xcb\xe7\x84\x8d\x3f\xb0\x35\x02\x80\
\x59\x6d\xf1\x9c\xb0\xf1\x07\xb6\x48\x00\x70\x11\x5b\x39\x27\x6c\
\xfc\x81\xad\xf2\x39\x00\x5c\x54\x6b\xed\x97\x93\x7c\x3c\xe3\xc5\
\xe6\xd7\x93\x3c\x9d\xe4\x03\xd9\xfd\xf5\xc0\x28\x5e\x4c\xf2\xd4\
\x34\x4d\x9f\xef\xfd\x10\x60\xdd\x04\x00\x17\x37\xf0\x39\xe1\xd1\
\xf8\xce\x1f\x38\x98\x00\x60\x11\x83\x9f\x13\x1e\x81\xf1\x07\x8e\
\x22\x00\x58\xcc\xe0\xe7\x84\xd7\xcc\xf8\x03\x47\x13\x00\x2c\x6a\
\xf0\x73\xc2\x6b\x64\xfc\x81\x93\x08\x00\x16\x37\xf8\x39\xe1\x35\
\x31\xfe\xc0\xc9\x46\xfb\xcd\x6c\x36\x60\x9a\xa6\x7f\x49\xf2\xa3\
\x49\xfe\xb5\xf7\x5b\x06\x66\xfc\x81\xb3\x08\x00\xba\x98\xa6\xe9\
\xdf\x92\xbc\x25\xc9\x3f\xf5\x7e\xcb\x80\x8c\x3f\x70\x36\x01\x40\
\x37\x83\x9f\x13\xee\xc5\xf8\x03\xb3\x10\x00\x74\x35\xf8\x39\xe1\
\xa5\x19\x7f\x60\x36\x02\x80\xee\x06\x3f\x27\xbc\x14\xe3\x0f\xcc\
\x4a\x00\xb0\x0a\x83\x9f\x13\xbe\x34\xe3\x0f\xcc\x4e\x00\xb0\x1a\
\x83\x9f\x13\xbe\x14\xe3\x0f\x5c\x84\x00\x60\x55\x06\x3f\x27\x3c\
\x37\xe3\x0f\x5c\x8c\x0f\x02\x62\xb5\x5a\x6b\x1f\xca\xee\xa7\x01\
\xad\xf7\x5b\x3a\x30\xfe\xc0\x45\x09\x00\x56\x6d\xe0\x73\xc2\xe7\
\x30\xfe\xc0\xc5\x09\x00\x56\xaf\xd8\x39\x61\xe3\x0f\x2c\x42\x00\
\x30\x84\x22\xe7\x84\x8d\x3f\xb0\x18\x01\xc0\x30\x36\x7e\x4e\xd8\
\xf8\x03\x8b\x12\x00\x0c\x65\xa3\xe7\x84\x8d\x3f\xb0\x38\x01\xc0\
\x70\x5a\x6b\x6f\x48\xf2\x5c\xb6\x71\x4e\xd8\xf8\x03\x5d\x54\xfa\
\xcd\x6a\x36\x62\x9a\xa6\x7f\x4e\xf2\xe6\x8c\x7f\x4e\xd8\xf8\x03\
\xdd\x08\x00\x86\x34\x4d\xd3\x97\x32\xf6\x39\x61\xe3\x0f\x74\x25\
\x00\x18\xd6\xc0\xe7\x84\x8d\x3f\xd0\x9d\x00\x60\x68\x03\x9e\x13\
\x36\xfe\xc0\x2a\x08\x00\x86\x37\xd0\x39\x61\xe3\x0f\xac\x86\x00\
\x60\x13\x06\x38\x27\x6c\xfc\x81\x55\x11\x00\x6c\xc6\x8a\xcf\x09\
\x1b\x7f\x60\x75\x04\x00\x9b\xb2\xc2\x73\xc2\xc6\x1f\x58\x25\x1f\
\x04\xc4\x66\xad\xe0\x9c\xb0\xf1\x07\x56\x4b\x00\xb0\x69\x1d\xcf\
\x09\x1b\x7f\x60\xd5\x04\x00\x9b\xd7\xe1\x9c\xb0\xf1\x07\x56\x4f\
\x00\x50\xc2\x82\xe7\x84\x8d\x3f\x30\x04\x01\x40\x19\x0b\x9c\x13\
\x36\xfe\xc0\x30\x04\x00\xa5\x5c\xf0\x9c\xb0\xf1\x07\x86\x22\x00\
\x28\xe7\x02\xe7\x84\x8d\x3f\x30\x1c\x9f\x03\x40\x39\xd7\xce\x09\
\x7f\x71\x86\x2f\x67\xfc\x81\x21\x09\x00\x4a\xba\x3a\x27\xfc\xe6\
\x9c\x77\x4e\xd8\xf8\x03\xc3\x12\x00\x94\x75\xe6\x39\x61\xe3\x0f\
\x0c\x4d\x00\x50\xda\x89\xe7\x84\x8d\x3f\x30\x3c\x01\x40\x79\x47\
\x9e\x13\x36\xfe\xc0\x26\x08\x00\xc8\xc1\xe7\x84\x8d\x3f\xb0\x19\
\x02\x00\xae\xdc\x73\x4e\xd8\xf8\x03\x9b\x22\x00\xe0\x9a\x5b\xce\
\x09\x1b\x7f\x60\x73\x7c\x10\x10\xdc\xe2\xea\x9c\xf0\x6f\x26\xf9\
\x49\xe3\x0f\x6c\x8d\x00\x80\x3b\xb4\xd6\x1e\x99\xa6\xe9\x3f\x7a\
\xbf\x03\x60\x6e\x02\x00\x00\x0a\xf2\x3b\x00\x00\x50\x90\x00\x00\
\x80\x82\x04\x00\x00\x14\x24\x00\x00\xa0\x20\x01\x00\x00\x05\x09\
\x00\x00\x28\x48\x00\x00\x40\x41\x02\x00\x00\x0a\x12\x00\x00\x50\
\x90\x00\x00\x80\x82\x04\x00\x00\x14\x24\x00\x00\xa0\x20\x01\x00\
\x00\x05\x09\x00\x00\x28\x48\x00\x00\x40\x41\x02\x00\x00\x0a\x12\
\x00\x00\x50\x90\x00\x00\x80\x82\x04\x00\x00\x14\x24\x00\x00\xa0\
\x20\x01\x00\x00\x05\x09\x00\x00\x28\x48\x00\x00\x40\x41\x02\x00\
\x00\x0a\x12\x00\x00\x50\x90\x00\x00\x80\x82\x04\x00\x00\x14\x24\
\x00\x00\xa0\x20\x01\x00\x00\x05\x09\x00\x00\x28\x48\x00\x00\x40\
\x41\x02\x00\x00\x0a\x12\x00\x00\x50\x90\x00\x00\x80\x82\x04\x00\
\x00\x14\x24\x00\x00\xa0\x20\x01\x00\x00\x05\x09\x00\x00\x28\x48\
\x00\x00\x40\x41\x02\x00\x00\x0a\x12\x00\x00\x50\x90\x00\x00\x80\
\x82\x04\x00\x00\x14\x24\x00\x00\xa0\x20\x01\x00\x00\x05\x09\x00\
\x00\x28\x48\x00\x00\x40\x41\x02\x00\x00\x0a\x12\x00\x00\x50\x90\
\x00\x00\x80\x82\x04\x00\x00\x14\x24\x00\x00\xa0\x20\x01\x00\x00\
\x05\x09\x00\x00\x28\x48\x00\x00\x40\x41\x02\x00\x00\x0a\x12\x00\
\x00\x50\x90\x00\x00\x80\x82\x04\x00\x00\x14\x24\x00\x00\xa0\x20\
\x01\x00\x00\x05\x09\x00\x00\x28\x48\x00\x00\x40\x41\x02\x00\x00\
\x0a\x12\x00\x00\x50\x90\x00\x00\x80\x82\x04\x00\x00\x14\x24\x00\
\x00\xa0\x20\x01\x00\x00\x05\x09\x00\x00\x28\x48\x00\x00\x40\x41\
\x02\x00\x00\x0a\x12\x00\x00\x50\x90\x00\x00\x80\x82\x04\x00\x00\
\x14\x24\x00\x00\xa0\x20\x01\x00\x00\x05\x09\x00\x00\x28\x48\x00\
\x00\x40\x41\x02\x00\x00\x0a\x12\x00\x00\x50\x90\x00\x00\x80\x82\
\x04\x00\x00\x14\x24\x00\x00\xa0\x20\x01\x00\x00\x05\x09\x00\x00\
\x28\x48\x00\x00\x40\x41\x02\x00\x00\x0a\x12\x00\x00\x50\x90\x00\
\x00\x80\x82\x04\x00\x00\x14\x24\x00\x00\xa0\x20\x01\x00\x00\x05\
\x09\x00\x00\x28\x48\x00\x00\x40\x41\x02\x00\x00\x0a\x12\x00\x00\
\x50\x90\x00\x00\x80\x82\x04\x00\x00\x14\x24\x00\x00\xa0\x20\x01\
\x00\x00\x05\x09\x00\x00\x28\x48\x00\x00\x40\x41\x02\x00\x00\x0a\
\x12\x00\x00\x50\x90\x00\x00\x80\x82\x04\x00\x00\x14\x24\x00\x00\
\xa0\x20\x01\x00\x00\x05\x09\x00\x00\x28\x48\x00\x00\x40\x41\x02\
\x00\x00\x0a\x12\x00\x00\x50\x90\x00\x00\x80\x82\x04\x00\x00\x14\
\x24\x00\x00\xa0\x20\x01\x00\x00\x05\x09\x00\x00\x28\x48\x00\x00\
\x40\x41\x02\x00\x00\x0a\x12\x00\x00\x50\x90\x00\x00\x80\x82\x04\
\x00\x00\x14\x24\x00\x00\xa0\x20\x01\x00\x00\x05\x09\x00\x00\x28\
\x48\x00\x00\x40\x41\x02\x00\x00\x0a\xfa\x3f\x27\xa6\x9e\x10\x74\
\x76\x0a\xba\x00\x00\x00\x00\x49\x45\x4e\x44\xae\x42\x60\x82\
\x00\x00\x23\xfa\
\x89\
\x50\x4e\x47\x0d\x0a\x1a\x0a\x00\x00\x00\x0d\x49\x48\x44\x52\x00\
\x00\x02\x00\x00\x00\x02\x00\x08\x06\x00\x00\x00\xf4\x78\xd4\xfa\
\x00\x00\x00\x09\x70\x48\x59\x73\x00\x00\x0e\xc3\x00\x00\x0e\xc3\
\x01\xc7\x6f\xa8\x64\x00\x00\x00\x19\x74\x45\x58\x74\x53\x6f\x66\
\x74\x77\x61\x72\x65\x00\x77\x77\x77\x2e\x69\x6e\x6b\x73\x63\x61\
\x70\x65\x2e\x6f\x72\x67\x9b\xee\x3c\x1a\x00\x00\x20\x00\x49\x44\
\x41\x54\x78\x9c\xed\xdd\x7b\xd8\xed\x75\x5d\xe6\xf1\xf7\x27\x36\
\x41\x0c\x68\x30\x6a\x64\xce\xd8\xa8\x23\xa1\x4e\x5e\x35\xc3\x38\
\x86\x72\x92\x0d\x6c\x94\x93\x52\x04\x8a\x12\x86\x89\x85\x12\x59\
\x3a\x67\xac\xab\x19\x31\x01\xa3\x89\x09\xd1\xad\x46\x23\x78\x02\
\xdb\x3b\x39\x89\x20\x72\x30\x22\x15\x0b\x23\xd3\x48\xcd\x0c\x89\
\x38\x08\x4a\xa0\x9b\xcf\xfc\xf1\x7b\x76\x6c\x11\x36\xfb\xf9\x3d\
\x6b\xad\xcf\xfa\xae\xef\xfb\x75\x5d\xfe\xe3\x61\x3f\xf7\x25\x6b\
\x3f\xf7\xbd\x7e\xc7\xc8\x4c\x24\x49\x52\x5f\xbe\xaf\x3a\x80\x24\
\x49\x9a\x3d\x07\x80\x24\x49\x1d\x72\x00\x48\x92\xd4\x21\x07\x80\
\x24\x49\x1d\x72\x00\x48\x92\xd4\x21\x07\x80\x24\x49\x1d\x72\x00\
\x48\x92\xd4\x21\x07\x80\x24\x49\x1d\x72\x00\x48\x92\xd4\x21\x07\
\x80\x24\x49\x1d\x72\x00\x48\x92\xd4\x21\x07\x80\x24\x49\x1d\x72\
\x00\x48\x92\xd4\x21\x07\x80\x24\x49\x1d\x72\x00\x48\x92\xd4\x21\
\x07\x80\x24\x49\x1d\x72\x00\x48\x92\xd4\x21\x07\x80\x24\x49\x1d\
\x72\x00\x48\x92\xd4\x21\x07\x80\x24\x49\x1d\x72\x00\x48\x92\xd4\
\x21\x07\x80\x24\x49\x1d\x72\x00\x48\x92\xd4\xa1\x55\xd5\x01\x24\
\x4d\x4e\x44\x6c\x07\xfc\x20\xb0\x23\xb0\xed\xd2\xbf\xfd\x00\x70\
\x27\x70\x4b\x66\xde\x5b\x95\x4d\xd2\x7c\x89\xcc\xac\xce\x20\x69\
\x84\x88\xf8\x11\xe0\x05\xc0\x73\x80\x1f\x03\x9e\x01\xec\xfc\x28\
\xff\xb3\x5b\x81\x2f\x03\x9f\x06\xae\x03\xfe\x24\x33\x3f\x37\xcd\
\x9c\x92\xe6\x93\x03\x40\x6a\x48\x44\xfc\x3b\xe0\xe5\xc0\x41\xc0\
\x2e\x13\xfa\x63\xbf\x0c\x5c\x00\x9c\x0f\x5c\x9d\xfe\x52\x90\xba\
\xe0\x00\x90\xe6\x5c\x44\x6c\x03\x1c\x03\x1c\x0f\x3c\x7b\xca\x3f\
\xee\xaf\x80\xdf\x05\xde\x9d\x99\xdf\x98\xf2\xcf\x92\x54\xc8\x01\
\x20\xcd\xa9\xa5\xf3\xf9\xc7\x03\x27\x01\x4f\x9c\xf1\x8f\xbf\x1b\
\x38\x0d\x78\x6b\x66\xde\x33\xe3\x9f\x2d\x69\x06\x1c\x00\xd2\x1c\
\x8a\x88\x43\x81\xb7\x01\x4f\x2e\x8e\x72\x0b\x70\x32\x70\x76\x66\
\x3e\x50\x9c\x45\xd2\x04\x39\x00\xa4\x39\x12\x11\x4f\x04\xce\x06\
\x0e\xac\xce\xf2\x10\x57\x02\x3f\x97\x99\x7f\x53\x1d\x44\xd2\x64\
\xf8\x1c\x00\x69\x4e\x44\xc4\x01\xc0\x0d\xcc\x5f\xf9\x03\xec\x09\
\x7c\x36\x22\x8e\xa9\x0e\x22\x69\x32\x1c\x00\x52\xb1\x18\xfc\x06\
\x70\x21\xf0\xf8\xea\x3c\x9b\xb1\x03\xf0\xae\x88\x38\x3d\x22\xb6\
\xaa\x0e\x23\x69\x65\x3c\x05\x20\x15\x8a\x88\x55\xc0\xdb\x81\x9f\
\xab\xce\xb2\x4c\x17\x03\x47\x78\xa7\x80\xd4\x2e\x07\x80\x54\x24\
\x22\xb6\x05\xde\x07\x1c\x5c\x9d\x65\xa4\x4f\x03\x6b\x32\xf3\xd6\
\xea\x20\x92\x96\xcf\x01\x20\x15\x58\xba\xb7\xff\x83\xc0\x8b\xaa\
\xb3\xac\xd0\xcd\xc0\xfe\x99\xf9\xc5\xea\x20\x92\x96\xc7\x6b\x00\
\xa4\x19\x5b\xa0\xf2\x07\x78\x0a\x70\x55\x44\x4c\xfb\x01\x45\x92\
\x26\xcc\x01\x20\xcd\xd0\x82\x95\xff\x46\x3b\x03\x57\x44\xc4\xee\
\xd5\x41\x24\x6d\x39\x07\x80\x34\x23\x0b\x5a\xfe\x1b\xed\x08\x5c\
\x1a\x11\x6b\xaa\x83\x48\xda\x32\x0e\x00\x69\x06\x16\xbc\xfc\x37\
\xda\x0e\x58\xe7\xb3\x02\xa4\x36\x38\x00\xa4\x29\xeb\xa4\xfc\x37\
\x5a\x05\xac\x8d\x88\x93\xaa\x83\x48\xda\x3c\x07\x80\x34\x45\x9d\
\x95\xff\x46\x01\x9c\x1a\x11\x6f\xae\x0e\x22\xe9\x91\x79\x1b\xa0\
\x34\x25\x9d\x96\xff\x43\x9d\x09\x9c\xe0\x8b\x84\xa4\xf9\xe3\x00\
\x90\xa6\xc0\xf2\xff\x2e\x17\x00\x47\x66\xe6\x7d\xd5\x41\x24\x3d\
\xc8\x01\x20\x4d\x98\xe5\xff\xb0\x2e\x07\x0e\xcd\xcc\xbb\xab\x83\
\x48\x1a\x38\x00\xa4\x09\xb2\xfc\x37\xeb\x7a\xe0\xc0\xcc\xbc\xad\
\x3a\x88\x24\x07\x80\x34\x31\x96\xff\x16\xb9\x09\xd8\x2f\x33\xbf\
\x5a\x1d\x44\xea\x9d\x77\x01\x48\x13\x60\xf9\x6f\xb1\x5d\x81\xab\
\x23\x62\x97\xea\x20\x52\xef\x1c\x00\xd2\x0a\x59\xfe\xcb\xf6\x64\
\xe0\xda\x88\x78\x4e\x75\x10\xa9\x67\x0e\x00\x69\x05\x2c\xff\xd1\
\x76\x02\x2e\x8b\x88\xd5\xd5\x41\xa4\x5e\x39\x00\xa4\x91\x2c\xff\
\x15\xdb\x1e\x58\x1f\x11\x87\x57\x07\x91\x7a\xe4\x00\x90\x46\xb0\
\xfc\x27\x66\x1b\xe0\xbc\x88\x38\xae\x3a\x88\xd4\x1b\x07\x80\xb4\
\x4c\x96\xff\xc4\x6d\x05\x9c\x15\x11\x27\x57\x07\x91\x7a\xe2\x6d\
\x80\xd2\x32\x58\xfe\x53\x77\x06\x70\x62\xfa\x8b\x49\x9a\x3a\x07\
\x80\xb4\x85\x2c\xff\x99\x39\x07\x38\x36\x33\xbf\x53\x1d\x44\x5a\
\x64\x0e\x00\x69\x0b\x58\xfe\x33\xb7\x1e\x38\x22\x33\xef\xad\x0e\
\x22\x2d\x2a\x07\x80\xf4\x28\x22\x62\x5b\xe0\xc3\xc0\xfe\xd5\x59\
\x96\xe9\x81\xa5\x7f\xad\xaa\x0e\x32\xd2\xc7\x81\x43\x32\xf3\x1b\
\xd5\x41\xa4\x45\xe4\x45\x80\xd2\x66\x34\x5c\xfe\x00\x7f\x0e\x5c\
\x52\x1d\x62\x05\xf6\x02\xae\x88\x88\x27\x54\x07\x91\x16\x91\x03\
\x40\x7a\x04\x4b\x87\xfd\x3f\x40\x9b\xe5\x7f\x03\xb0\x2f\x70\x08\
\xf0\xce\xe2\x2c\x2b\xf1\x93\xc0\x27\x23\xe2\x69\xd5\x41\xa4\x45\
\xe3\x00\x90\x1e\x46\xe3\xe7\xfc\x6f\x00\xf6\xcd\xcc\xdb\x32\x73\
\x03\x70\x1c\xf0\x96\xe2\x4c\x2b\xf1\x14\xe0\xaa\x88\x78\x76\x75\
\x10\x69\x91\x78\x0d\x80\xf4\x10\x8d\x97\xff\x67\x80\xd5\x99\xf9\
\x8f\x0f\xfd\x0f\x22\xe2\x75\xc0\xe9\x40\xcc\x3c\xd5\x64\xdc\x01\
\x1c\x94\x99\xd7\x54\x07\x91\x16\x81\x03\x40\xda\xc4\xa2\x96\xff\
\x46\x11\x71\x34\xc3\x29\x81\xad\x67\x96\x6a\xb2\xbe\x05\x1c\x9e\
\x99\x17\x55\x07\x91\x5a\xe7\x29\x00\x69\x49\xe3\xe5\xff\x69\x86\
\xc3\xfe\x8f\x58\xfe\x00\x99\x79\x0e\xf0\x62\xa0\xd5\xdb\xeb\xb6\
\x03\xd6\x45\xc4\x31\xd5\x41\xa4\xd6\x39\x00\x24\x9a\x2f\xff\x4f\
\x31\x7c\xf3\xbf\x7d\x4b\xfe\xcb\x99\xf9\x47\xc0\xde\xc0\x66\xc7\
\xc2\x1c\x5b\x05\xac\x8d\x88\x93\xaa\x83\x48\x2d\x73\x00\xa8\x7b\
\x3d\x95\xff\x46\x99\x79\x1d\xb0\x27\xf0\xd5\xa9\xa4\x9a\xbe\x00\
\x4e\x8d\x88\x37\x57\x07\x91\x5a\xe5\x35\x00\xea\x5a\xe3\xe5\xff\
\x49\xe0\x80\x95\x3c\x28\x27\x22\x7e\x94\xe1\x59\x01\x4f\x9f\x50\
\xa6\x0a\x67\x02\x27\x64\xe6\x03\xd5\x41\xa4\x96\x38\x00\xd4\xad\
\xc6\xcb\xff\x5a\x60\xcd\x24\x9e\x92\x17\x11\x3f\x04\x5c\xc8\x70\
\xcf\x7d\xab\x2e\x00\x8e\xcc\xcc\xfb\xaa\x83\x48\xad\xf0\x14\x80\
\xba\xd4\x78\xf9\x5f\xc3\x0a\xbf\xf9\x6f\x2a\x33\xbf\xce\x70\x3a\
\xe0\xd2\x49\xfc\x79\x45\x0e\x03\x2e\x8c\x88\x1d\xaa\x83\x48\xad\
\x70\x00\xa8\x3b\x0b\x50\xfe\x6b\x32\xf3\xee\x49\xfe\xa1\x99\x79\
\x0f\x70\x10\xf0\xfe\x49\xfe\xb9\x33\xb6\x0f\xf0\xb1\x88\x78\x5c\
\x75\x10\xa9\x05\x0e\x00\x75\xa5\xf1\xf2\xbf\x9a\x29\x94\xff\x46\
\x99\x79\x3f\x70\x14\xf0\x7b\xd3\xf8\xf3\x67\x64\x37\xe0\x13\x11\
\xf1\xa4\xea\x20\xd2\xbc\x73\x00\xa8\x1b\x8d\x97\xff\x55\x4c\xb1\
\xfc\x37\xca\xcc\x0d\x99\x79\x3c\xf0\xc6\x69\xfe\x9c\x29\xdb\x15\
\xb8\x3a\x22\x76\xa9\x0e\x22\xcd\x33\x2f\x02\x54\x17\x16\xa0\xfc\
\x0f\x5c\x3a\x4c\x3f\x33\x11\xf1\x8b\xc0\x19\xb4\xfb\x45\xe1\x76\
\x86\xff\xdf\xae\xab\x0e\x22\xcd\x23\x07\x80\x16\x5e\xe3\xe5\xff\
\x09\xe0\x85\xb3\x2e\xff\x8d\x22\xe2\x30\xe0\xbd\xc0\xb6\x15\x3f\
\x7f\x02\xee\x01\x5e\x9c\x99\x1f\xad\x0e\x22\xcd\x9b\x56\x97\xbd\
\xb4\x45\x1a\x2f\xff\x2b\x29\xf8\xe6\xbf\xa9\xcc\xbc\x00\x78\x21\
\x30\xd5\x53\x0f\x53\xb4\x3d\xb0\x3e\x22\x0e\xaf\x0e\x22\xcd\x1b\
\x07\x80\x16\x56\xe3\xe5\xff\x51\x86\x73\xfe\xdf\xac\x0e\x92\x99\
\x97\x33\x5c\x61\xff\x0f\xd5\x59\x46\xda\x06\x38\x2f\x22\x8e\xab\
\x0e\x22\xcd\x13\x07\x80\x16\x52\xe3\xe5\x7f\x29\x70\x48\x66\xce\
\xcd\x0b\x7b\x32\xf3\x4f\x81\x3d\x80\xaf\x54\x67\x19\x69\x2b\xe0\
\xac\x88\x38\xb9\x3a\x88\x34\x2f\xbc\x06\x40\x0b\xa7\xf1\xf2\xbf\
\x04\x38\x6c\x9e\xca\x7f\x53\x11\xf1\xc3\xc0\xc5\xc0\x8f\x57\x67\
\x59\x81\x33\x80\x13\xd3\x5f\x7e\xea\x9c\x03\x40\x0b\xa5\xf1\xf2\
\xbf\x98\xa1\xfc\xff\xa9\x3a\xc8\xe6\x44\xc4\x8e\xc0\x7a\x60\xf7\
\xea\x2c\x2b\x70\x0e\x70\x6c\x66\x7e\xa7\x3a\x88\x54\xc5\x01\xa0\
\x85\x61\xf9\xcf\x4e\x44\x6c\x07\x7c\x00\x38\xb0\x3a\xcb\x0a\xac\
\x07\x8e\x98\xd7\xa3\x2d\xd2\xb4\x79\x0d\x80\x16\x42\xe3\xe5\x7f\
\x11\x0d\x95\x3f\x40\x66\x7e\x0b\x38\x04\x58\x5b\x9d\x65\x05\x0e\
\x02\x2e\x8a\x88\xc7\x56\x07\x91\x2a\x38\x00\xd4\xbc\xc6\xcb\xff\
\x42\x1a\x2b\xff\x8d\x96\x0e\x9f\xff\x3c\xf0\xd6\xea\x2c\x2b\xb0\
\x27\xc3\x53\x03\x9f\x58\x1d\x44\x9a\x35\x4f\x01\xa8\x69\x8d\x97\
\xff\x47\x80\x97\x2c\xc2\x2b\x6c\x23\xe2\x75\xc0\xe9\x40\x54\x67\
\x19\xe9\x66\x60\xff\xcc\xfc\x62\x75\x10\x69\x56\x1c\x00\x6a\x96\
\xe5\x3f\x5f\x22\xe2\x15\xc0\x3b\x80\x55\xd5\x59\x46\xba\x85\xe1\
\x35\xcb\x9f\xad\x0e\x22\xcd\x82\xa7\x00\xd4\xa4\xc6\xcb\xff\x43\
\x0c\x87\xfd\x17\xa6\xfc\x01\x32\xf3\x3d\xc0\x4b\x80\x56\x2f\xaa\
\xdb\x19\xb8\x22\x22\x5a\xbe\xbb\x41\xda\x62\x0e\x00\x35\xa7\xf1\
\xf2\xff\x20\x70\x64\x66\x7e\xbb\x3a\xc8\x34\x64\xe6\x3a\x60\x0d\
\x70\x57\x75\x96\x91\x76\x04\x2e\x8d\x88\x35\xd5\x41\xa4\x69\x73\
\x00\xa8\x29\x0b\x50\xfe\x47\x2d\x6a\xf9\x6f\x94\x99\x57\x02\xcf\
\x03\xfe\xae\x3a\xcb\x48\xdb\x01\xeb\x22\xe2\x98\xea\x20\xd2\x34\
\x39\x00\xd4\x8c\xc6\xcb\xff\x03\x2c\xf0\x37\xff\x87\xca\xcc\x1b\
\x81\xe7\x03\x5f\xa8\xce\x32\xd2\x2a\x60\x6d\x44\x9c\x54\x1d\x44\
\x9a\x16\x07\x80\x9a\xd0\x78\xf9\xbf\x9f\xe1\x9b\x7f\x57\x4f\x9d\
\xcb\xcc\xbf\x61\x18\x01\x9f\xa9\xce\x32\x52\x00\xa7\x46\xc4\x9b\
\xab\x83\x48\xd3\xe0\x5d\x00\x9a\x7b\x8d\x97\xff\xfb\x80\x97\xf5\
\x56\xfe\x9b\x8a\x88\xed\x81\xf3\x81\xd5\xd5\x59\x56\xe0\x4c\xe0\
\x84\xcc\x7c\xa0\x3a\x88\x34\x29\x0e\x00\xcd\xb5\xc6\xcb\xff\x3c\
\xe0\xe8\x9e\xcb\x7f\xa3\xa5\x7f\x8e\x7f\x00\x1c\x5e\x9d\x65\x05\
\x2e\x60\x38\x8d\xb3\x50\x77\x6f\xa8\x5f\x9e\x02\xd0\xdc\xb2\xfc\
\x17\xc7\x52\x69\xfe\x2c\xf0\xf6\xea\x2c\x2b\x70\x18\x70\x61\x44\
\xec\x50\x1d\x44\x9a\x04\x07\x80\xe6\x52\xe3\xe5\x7f\x2e\x9d\x1f\
\xf6\x7f\x38\x99\xb9\x01\x78\x35\xf0\xa6\xea\x2c\x2b\xb0\x0f\xf0\
\xb1\x88\x78\x5c\x75\x10\x69\xa5\x3c\x05\xa0\xb9\xd3\x78\xf9\xaf\
\x05\x8e\xf3\x5c\xf1\xe6\x45\xc4\x09\xc0\xdb\x68\xf7\x4b\xc8\x4d\
\xc0\x7e\x99\xf9\xd5\xea\x20\xd2\x58\x0e\x00\xcd\x15\xcb\xbf\x1f\
\x11\xf1\x52\xe0\x5d\xc0\xd6\xd5\x59\x46\xfa\x32\xc3\xfb\x03\x3e\
\x5f\x1d\x44\x1a\xc3\x01\xa0\xb9\xd1\x78\xf9\xbf\x13\x78\x95\xe5\
\xbf\x3c\x11\xf1\x02\x86\x8b\xeb\x5a\x3d\xaf\x7e\x3b\x70\x60\x66\
\x5e\x57\x1d\x44\x5a\xae\x56\x0f\xbf\x69\xc1\x34\x5e\xfe\xef\xc0\
\xf2\x1f\x25\x33\x3f\x06\xbc\x00\xb8\xad\x3a\xcb\x48\x3b\x01\x97\
\x45\x44\xcb\xb7\x38\xaa\x53\x0e\x00\x95\x6b\xbc\xfc\xcf\x06\x7e\
\xc1\xf2\x1f\x2f\x33\xaf\x07\xf6\x00\xfe\xb6\x3a\xcb\x48\xdb\x03\
\xeb\x23\xa2\xe5\x5b\x1c\xd5\x21\x07\x80\x4a\x2d\x40\xf9\xbf\xda\
\xf2\x5f\xb9\xcc\xbc\x09\xf8\x4f\xc0\x9f\x57\x67\x19\x69\x1b\xe0\
\xbc\x88\x38\xae\x3a\x88\xb4\xa5\x1c\x00\x2a\xd3\x78\xf9\xbf\x1d\
\xbf\xf9\x4f\x54\x66\x7e\x0d\xd8\x0b\xf8\x64\x71\x94\xb1\xb6\x02\
\xce\x8a\x88\x93\xab\x83\x48\x5b\xc2\x8b\x00\x55\xa2\xf1\xf2\x3f\
\x0b\x38\x3e\xfd\xcb\x33\x15\x11\xf1\x2f\x18\x3e\x1b\x07\x54\x67\
\x59\x81\x33\x80\x13\xfd\x8c\x68\x9e\x79\x04\x40\x33\xd7\x78\xf9\
\xbf\x0d\xcb\x7f\xaa\x32\xf3\x9b\xc0\x21\x0c\x4f\x53\x6c\xd5\x6b\
\x81\xf7\x44\xc4\xaa\xea\x20\xd2\x23\x71\x00\x68\xa6\x1a\x2f\xff\
\xd3\x33\xf3\x97\x2d\xff\xe9\xcb\xcc\xfb\x81\xa3\x80\xd3\xaa\xb3\
\xac\xc0\xd1\xc0\xf9\x11\xf1\x03\xd5\x41\xa4\x87\xe3\x29\x00\xcd\
\x4c\xe3\xe5\x7f\x5a\x66\xfe\x4a\x75\x88\x1e\x45\xc4\x1b\x80\x96\
\x5f\xc9\x7b\x25\x70\x48\x66\xde\x55\x1d\x44\xda\x94\x03\x40\x33\
\xd1\x78\xf9\x9f\x9a\x99\xaf\xaf\x0e\xd1\xb3\x88\x38\x86\xe1\xae\
\x8b\x56\x0f\xa9\xdf\xc8\xf0\xd4\xc0\xaf\x55\x07\x91\x36\x72\x00\
\x68\xea\x1a\x2f\xff\xb7\x66\xe6\xaf\x56\x87\x10\x44\xc4\xa1\x0c\
\x2f\x5a\xda\xb6\x3a\xcb\x48\x37\x33\x8c\x80\x2f\x56\x07\x91\xc0\
\x01\xa0\x29\x6b\xbc\xfc\x7f\x2b\x33\x7f\xad\x3a\x84\x1e\x14\x11\
\x7b\x01\x7f\x08\x3c\xa6\x38\xca\x58\xb7\x00\x07\x64\xe6\x67\xab\
\x83\x48\x5e\x04\xa8\xa9\x69\xbc\xfc\xdf\x62\xf9\xcf\x9f\xcc\xfc\
\x38\xc3\x2b\x79\x6f\x2d\x8e\x32\xd6\xce\xc0\x15\x11\xb1\x7b\x75\
\x10\xc9\x01\xa0\xa9\x68\xbc\xfc\x4f\xc9\xcc\x37\x54\x87\xd0\xc3\
\xcb\xcc\x4f\x01\xcf\x05\x5a\x3d\x94\xbe\x23\x70\x69\x44\xac\xa9\
\x0e\xa2\xbe\x39\x00\x34\x71\x0b\x50\xfe\x6f\xac\x0e\xa1\xcd\xcb\
\xcc\x9b\x81\xe7\x03\x37\x54\x67\x19\x69\x3b\x60\xdd\xd2\xc5\x8d\
\x52\x09\x07\x80\x26\xaa\xf1\xf2\x3f\xd9\xf2\x6f\x47\x66\xde\x02\
\xec\x0d\x5c\x55\x9d\x65\xa4\x55\xc0\xda\x88\x38\xa9\x3a\x88\xfa\
\xe4\x00\xd0\xc4\x34\x5e\xfe\xff\x33\x33\xdf\x54\x1d\x42\xcb\x93\
\x99\x77\x02\xab\x81\x0f\x55\x67\x19\x29\x80\x53\x23\xa2\xe5\xe7\
\x1c\xa8\x51\x0e\x00\x4d\x44\xe3\xe5\xff\x3f\x32\xf3\xd7\xab\x43\
\x68\x9c\xcc\xbc\x0f\x38\x02\x78\x47\x75\x96\x15\x78\x43\x44\xfc\
\x6e\x44\xf8\x3b\x59\x33\xe3\x87\x4d\x2b\xd6\x78\xf9\xff\xf7\xcc\
\xfc\x8d\xea\x10\x5a\x99\xcc\xdc\x00\xbc\x0a\x68\xf9\x28\xce\x6b\
\x80\x0f\x2e\xfd\x7d\x92\xa6\xce\xe7\x00\x68\x45\x1a\x2f\xff\xff\
\x96\x99\xbf\x59\x1d\x42\x93\x15\x11\xaf\x63\x78\x87\x40\xab\x5f\
\x70\x2e\x07\x0e\xcd\xcc\xbb\xab\x83\x68\xb1\x39\x00\x34\x5a\xe3\
\xe5\xff\x5f\x33\xf3\x7f\x55\x87\xd0\x74\x44\xc4\xcb\x80\xb5\xc0\
\xd6\xd5\x59\x46\xba\x1e\x38\x30\x33\x6f\xab\x0e\xa2\xc5\xe5\x00\
\xd0\x28\x8d\x97\xff\x7f\xc9\xcc\xff\x5d\x1d\x42\xd3\x15\x11\x2f\
\x02\xde\xc7\x70\xcb\x5d\x8b\x6e\x02\xf6\xcb\xcc\xaf\x56\x07\xd1\
\x62\x72\x00\x68\xd9\x1a\x2f\xff\xff\x9c\x99\x5e\x71\xdd\x89\x88\
\x78\x0e\xf0\x11\xe0\x5f\x56\x67\x19\xe9\xcb\x0c\xef\x0f\xf8\x7c\
\x75\x10\x2d\x1e\x07\x80\x96\xa5\xe1\xf2\x4f\xe0\x97\x33\xf3\xb7\
\xab\x83\x68\xb6\x22\xe2\x19\xc0\x25\xc0\x93\xaa\xb3\x8c\x74\x3b\
\xc3\xe9\x80\xeb\xaa\x83\x68\xb1\xb4\x7a\x91\x8c\x0a\x34\x5e\xfe\
\x27\x5a\xfe\x7d\xca\xcc\xbf\x00\x9e\x07\xb4\xfa\x2d\x7a\x27\xe0\
\xb2\x88\x58\x5d\x1d\x44\x8b\xc5\x01\xa0\x2d\xb2\x00\xe5\x7f\x46\
\x75\x10\xd5\xc9\xcc\x2f\x03\x3f\x05\xfc\x71\x75\x96\x91\xb6\x07\
\xd6\x47\xc4\xe1\xd5\x41\xb4\x38\x1c\x00\x7a\x54\x8d\x97\xff\xeb\
\x2c\x7f\x01\x64\xe6\xed\x0c\x4f\x0d\xbc\xa4\x3a\xcb\x48\xdb\x00\
\xe7\x45\xc4\x71\xd5\x41\xb4\x18\x1c\x00\xda\xac\xc6\xcb\xff\xb5\
\x99\xf9\x3b\xd5\x41\x34\x3f\x32\xf3\x1e\xe0\x60\x86\xbb\x03\x5a\
\xb4\x15\x70\x56\x44\x9c\x5c\x1d\x44\xed\xf3\x22\x40\x3d\xa2\xc6\
\xcb\xff\x84\xcc\xfc\xdd\xea\x20\x9a\x4f\x11\xb1\x15\xf0\x7f\x80\
\x57\x57\x67\x59\x81\x33\x18\x4e\x6f\xf9\x4b\x5c\xa3\x38\x00\xf4\
\xb0\x1a\x2f\xff\x5f\xca\xcc\x33\xab\x83\x68\xfe\x45\xc4\x1b\x80\
\x96\x6f\x0b\x3d\x07\x38\x36\x33\xbf\x53\x1d\x44\xed\x71\x00\xe8\
\x7b\x34\x5e\xfe\xbf\x98\x99\xff\xb7\x3a\x88\xda\x11\x11\xaf\x01\
\x7e\x87\x76\x4f\x89\xae\x07\x8e\xc8\xcc\x7b\xab\x83\xa8\x2d\x0e\
\x00\x7d\x97\xc6\xcb\xff\x35\x99\xf9\x7b\xd5\x41\xd4\x9e\x88\x38\
\x0c\x78\x2f\xb0\x6d\x75\x96\x91\xae\x04\x0e\xc9\xcc\xbb\xaa\x83\
\xa8\x1d\x0e\x00\xfd\xb3\x86\xcb\xff\x01\xe0\x95\x99\xf9\xee\xea\
\x20\x6a\x57\x44\xec\x03\x5c\x00\x3c\xa6\x3a\xcb\x48\x37\x32\x3c\
\x35\xf0\x6b\xd5\x41\xd4\x06\x07\x80\x80\x7f\x2e\xff\x0f\x01\x2f\
\xac\xce\xb2\x4c\x1b\x18\xca\xff\x3d\xd5\x41\xd4\xbe\x88\xf8\x0f\
\xc0\x85\xc0\xe3\xab\xb3\x8c\x74\x33\xc3\x08\xf8\x62\x75\x10\xcd\
\x3f\x07\x80\x5a\x2f\xff\x63\x33\xf3\xf7\xab\x83\x68\x71\x44\xc4\
\x53\x19\x9e\x15\xf0\xd4\xea\x2c\x23\xdd\x02\x1c\x90\x99\x9f\xad\
\x0e\xa2\xf9\xd6\xea\x45\x2f\x9a\x90\xc6\xcb\xff\xe7\x2c\x7f\x4d\
\x5a\x66\xfe\x35\xf0\x7c\xe0\xcf\xaa\xb3\x8c\xb4\x33\x70\x45\x44\
\xec\x5e\x1d\x44\xf3\xcd\x01\xd0\xb1\xc6\xcb\xff\x98\xcc\x3c\xa7\
\x3a\x88\x16\x53\x66\xfe\x3d\xb0\x17\x70\x4d\x71\x94\xb1\x76\x04\
\x2e\x8d\x88\x35\xd5\x41\x34\xbf\x1c\x00\x9d\x5a\x80\xf2\xff\x83\
\xea\x20\x5a\x6c\x99\x79\x07\xb0\x1f\xc3\xeb\x84\x5b\xb4\x1d\xb0\
\x2e\x22\x8e\xa9\x0e\xa2\xf9\xe4\x00\xe8\x50\xe3\xe5\xff\x0a\xcb\
\x5f\xb3\x92\x99\xdf\x02\x0e\x01\xd6\x56\x67\x19\x69\x15\xb0\x36\
\x22\x4e\xaa\x0e\xa2\xf9\xe3\x00\xe8\x4c\xe3\xe5\xff\xf2\xcc\xfc\
\x7f\xd5\x41\xd4\x97\xcc\xdc\x00\xfc\x3c\xf0\x5b\xd5\x59\x46\x0a\
\xe0\xd4\x88\x68\xf9\x89\x87\x9a\x02\xef\x02\xe8\x48\xe3\xe5\x7f\
\x74\x66\x9e\x5b\x1d\x44\x7d\x8b\x88\xd7\x01\xa7\x33\x94\x6a\x8b\
\xce\x64\x78\x4f\xc6\x03\xd5\x41\x54\xcf\x01\xd0\x89\x86\xcb\xff\
\xdb\x0c\x8f\x39\xbd\xa0\x3a\x88\x04\x10\x11\x2f\x07\xde\xc9\x70\
\x78\xbd\x45\x17\x00\x47\x66\xe6\x7d\xd5\x41\x54\xcb\x01\xd0\x81\
\x86\xcb\xff\x7e\x86\xf2\xff\x70\x75\x10\x69\x53\x11\x71\x10\xc3\
\x2b\x85\x7f\xa0\x3a\xcb\x48\x97\x03\x87\x66\xe6\xdd\xd5\x41\x54\
\xc7\x01\xb0\xe0\x2c\x7f\x69\x3a\x22\x62\x0f\x60\x1d\xf0\xd8\xea\
\x2c\x23\x5d\x0f\x1c\x98\x99\xb7\x55\x07\x51\x0d\x07\xc0\x02\x6b\
\xbc\xfc\x7f\x26\x33\xff\xb0\x3a\x88\xb4\x39\x11\xf1\x4c\x86\xa7\
\x06\xfe\x48\x75\x96\x91\x6e\x02\xf6\xcb\xcc\xaf\x56\x07\xd1\xec\
\x79\x17\xc0\x82\x6a\xbc\xfc\x7f\xda\xf2\x57\x0b\x32\xf3\x73\xc0\
\xf3\x80\x2f\x54\x67\x19\x69\x57\xe0\xea\x88\xd8\xa5\x3a\x88\x66\
\xcf\x01\xb0\x80\x1a\x2f\xff\xc3\x33\x73\x5d\x75\x10\x69\x4b\x65\
\xe6\x97\x18\x1e\x1d\xfc\x99\xe2\x28\x63\x3d\x19\xb8\x36\x22\x9e\
\x53\x1d\x44\xb3\xe5\x00\x58\x30\x0b\x50\xfe\xeb\xab\x83\x48\xcb\
\x95\x99\x5f\x07\xf6\x00\x3e\x5a\x9d\x65\xa4\x9d\x80\xcb\x22\x62\
\x75\x75\x10\xcd\x8e\x03\x60\x81\x34\x5c\xfe\xf7\x01\x2f\xb1\xfc\
\xd5\xb2\xcc\xbc\x07\x38\x08\xf8\x40\x75\x96\x91\xb6\x07\xd6\x47\
\xc4\xe1\xd5\x41\x34\x1b\x0e\x80\x05\xd1\x70\xf9\xdf\x0b\x1c\x94\
\x99\x7f\x54\x1d\x44\x5a\xa9\xa5\x7b\xeb\x8f\x04\xce\xaa\xce\x32\
\xd2\x36\xc0\x79\x11\x71\x5c\x75\x10\x4d\x9f\x03\x60\x01\x34\x5e\
\xfe\x07\x67\x66\xab\x87\x4d\xa5\xef\x91\x99\x1b\x32\xf3\xd5\xc0\
\x1b\xab\xb3\x8c\xb4\x15\x70\x56\x44\x9c\x5c\x1d\x44\xd3\xe5\x6d\
\x80\x8d\x6b\xb8\xfc\xbf\x05\x1c\x92\x99\x97\x55\x07\x91\xa6\x25\
\x22\x7e\x09\xf8\x6d\xda\xfd\xb2\x75\x06\x70\x62\x5a\x14\x0b\xc9\
\x01\xd0\xb0\xc6\xcb\xff\xe0\xcc\xfc\x58\x75\x10\x69\xda\x22\xe2\
\x28\xe0\xdd\xc0\xd6\xc5\x51\xc6\x3a\x07\x38\x36\x33\xbf\x53\x1d\
\x44\x93\xe5\x00\x68\x54\xe3\xe5\x7f\x50\x66\x5e\x5e\x1d\x44\x9a\
\x95\x88\x78\x01\xc3\x33\xf8\x77\xa8\xce\x32\xd2\x7a\x86\x27\x73\
\xde\x5b\x1d\x44\x93\xe3\x00\x68\x50\xe3\xe5\xff\xa2\xcc\xbc\xa2\
\x3a\x88\x34\x6b\x11\xb1\x1b\xf0\x11\xe0\xf1\xd5\x59\x46\xba\x92\
\xe1\xb4\xdd\x5d\xd5\x41\x34\x19\x0e\x80\xc6\x34\x5c\xfe\xdf\x64\
\xf8\xe6\x6f\xf9\xab\x5b\x11\xb1\x2b\x70\x31\xf0\xaf\xab\xb3\x8c\
\x74\x23\xb0\x7f\x66\x7e\xad\x3a\x88\x56\xae\xd5\x0b\x53\xba\xd4\
\x78\xf9\xfb\xcd\x5f\xdd\xcb\xcc\x9b\x80\xe7\x02\x7f\x5e\x9d\x65\
\xa4\x67\x01\x57\x45\xc4\xd3\xaa\x83\x68\xe5\x1c\x00\x8d\x68\xbc\
\xfc\x5f\x98\x99\x1f\xaf\x0e\x22\xcd\x83\xa5\x6f\xcf\x7b\x02\xd7\
\x56\x67\x19\xe9\x29\x0c\x23\xe0\xd9\xd5\x41\xb4\x32\x0e\x80\x06\
\x34\x5c\xfe\xdf\x00\x56\x67\xe6\x95\xd5\x41\xa4\x79\x92\x99\x77\
\x00\xfb\x01\x17\x55\x67\x19\x69\x67\xe0\x8a\x88\xd8\xbd\x3a\x88\
\xc6\x73\x00\xcc\xb9\x86\xcb\xff\x2e\x86\x73\x85\x9f\xac\x0e\x22\
\xcd\xa3\xcc\xfc\x26\x70\x28\x70\x6e\x75\x96\x91\x76\x04\x2e\x8d\
\x88\x35\xd5\x41\x34\x8e\x03\x60\x8e\x2d\x40\xf9\xff\x71\x75\x10\
\x69\x9e\x65\xe6\xfd\xc0\x4b\x81\x53\xab\xb3\x8c\xb4\x1d\xb0\x2e\
\x22\x8e\xa9\x0e\xa2\xe5\x73\x00\xcc\xa9\x05\x28\xff\xeb\xaa\x83\
\x48\x2d\xc8\xc1\xeb\x19\x1e\x1d\xdc\xe2\x6d\x59\xab\x80\xb5\x11\
\x71\x52\x75\x10\x2d\x8f\xb7\x01\xce\xa1\x86\xcb\xff\x4e\x86\xf2\
\xff\x93\xea\x20\x52\x8b\x96\xbe\x49\x9f\xcd\x50\xaa\x2d\x3a\x25\
\x33\x5b\x7d\x07\x42\x77\x1c\x00\x73\xa6\xf1\xf2\xdf\x2f\x33\xaf\
\xaf\x0e\x22\xb5\x2c\x22\x0e\x01\xce\x03\xb6\xad\xce\x32\xd2\x99\
\xc0\x09\x99\xf9\x40\x75\x10\x6d\x9e\x03\x60\x8e\x58\xfe\x92\x00\
\x22\x62\x2f\xe0\xc3\xc0\x63\x8b\xa3\x8c\x75\x01\x70\xe4\xd2\xeb\
\x91\x35\xa7\x1c\x00\x73\xa2\xe1\xf2\xbf\x83\xa1\xfc\xff\xb4\x3a\
\x88\xb4\x48\x22\xe2\x59\xc0\x25\xc0\x13\xab\xb3\x8c\x74\x39\x70\
\x68\x66\xde\x5d\x1d\x44\x0f\xcf\x01\x30\x07\x1a\x2f\xff\xd5\x99\
\xf9\xa9\xea\x20\xd2\x22\x8a\x88\x7f\x03\x5c\x0a\xb4\xfa\xe4\xbd\
\xeb\x81\x03\x33\xf3\xb6\xea\x20\xfa\x5e\xde\x05\x50\xac\xe1\xf2\
\xff\x07\x60\x2f\xcb\x5f\x9a\x9e\xcc\xfc\x1b\xe0\xf9\xc0\x0d\xd5\
\x59\x46\xda\x0d\xf8\x44\x44\x3c\xa9\x3a\x88\xbe\x97\x03\xa0\x50\
\xe3\xe5\xff\x82\xcc\xfc\xb3\xea\x20\xd2\xa2\xcb\xcc\x5b\x80\xbd\
\x81\xab\xaa\xb3\x8c\xb4\x2b\x70\x75\x44\xec\x52\x1d\x44\xdf\xcd\
\x01\x50\xa4\xe1\xf2\xbf\x95\xa1\xfc\x5b\x7d\x99\x89\xd4\x9c\xcc\
\xbc\x13\x58\xcd\xf0\x3b\xa3\x45\x4f\x06\xae\x8d\x88\xe7\x54\x07\
\xd1\x83\x1c\x00\x05\x2c\x7f\x49\xcb\xb5\x74\x45\xfd\x11\x0c\xcf\
\x09\x68\xd1\x4e\xc0\x65\x11\xb1\xba\x3a\x88\x06\x0e\x80\x19\x5b\
\x80\xf2\xbf\xb1\x3a\x88\xd4\xab\xcc\xdc\x00\xfc\x02\xf0\xa6\xea\
\x2c\x23\x6d\x0f\xac\x8f\x88\xc3\xab\x83\xc8\xbb\x00\x66\xaa\xe1\
\xf2\xff\x3a\x43\xf9\x7f\xae\x3a\x88\xa4\x41\x44\xbc\x16\x38\x9d\
\x36\xbf\xc8\x6d\x00\x8e\xcf\xcc\x56\x8f\x66\x2c\x84\x16\x3f\x38\
\x4d\x6a\xbc\xfc\xf7\xb1\xfc\xa5\xf9\x92\x99\x67\x00\xaf\x00\xbe\
\x5d\x9d\x65\x84\xad\x80\xb3\x22\xe2\xe4\xea\x20\x3d\xf3\x08\xc0\
\x0c\x34\x5c\xfe\xb7\x30\x7c\xf3\xff\x8b\xea\x20\x92\x1e\x5e\x44\
\xec\xcb\xf0\xe4\xbd\xed\xab\xb3\x8c\x74\x06\x70\x62\x5a\x46\x33\
\xe7\x00\x98\xb2\xc6\xcb\x7f\x9f\xcc\xbc\xa9\x3a\x88\xa4\xcd\x8b\
\x88\xff\x08\x7c\x04\x78\x5c\x75\x96\x91\xce\x01\x8e\xcd\xcc\xef\
\x54\x07\xe9\x89\x03\x60\x8a\x1a\x2e\xff\xaf\x02\x7b\x67\xe6\x17\
\xab\x83\x48\xda\x32\x11\xf1\x0c\xe0\x62\xe0\x5f\x55\x67\x19\x69\
\x3d\x70\x44\x66\xde\x5b\x1d\xa4\x17\x0e\x80\x29\x69\xb8\xfc\xff\
\x96\xe1\x9b\xbf\xe5\x2f\x35\x26\x22\x9e\xcc\xf0\xfe\x80\x56\x1f\
\xba\x73\x25\x70\x48\x66\xde\x55\x1d\xa4\x07\x0e\x80\x29\x68\xbc\
\xfc\xf7\xce\xcc\xbf\xae\x0e\x22\x69\x9c\x88\xd8\x09\xf8\x23\xe0\
\xb9\xd5\x59\x46\xba\x11\xd8\x3f\x33\xbf\x56\x1d\x64\xd1\x79\x17\
\xc0\x84\x35\x5c\xfe\x5f\xc1\xf2\x97\x9a\x97\x99\xb7\x33\x3c\x35\
\xf0\x92\xea\x2c\x23\x3d\x0b\xb8\x2a\x22\x5a\x7d\x01\x52\x33\x1c\
\x00\x13\x64\xf9\x4b\x9a\x07\x99\xf9\x4d\xe0\x60\xe0\xbc\xea\x2c\
\x23\x3d\x85\x61\x04\x3c\xbb\x3a\xc8\x22\x73\x00\x4c\x48\xc3\xe5\
\xff\x65\x86\xb7\xfa\xdd\x5c\x1d\x44\xd2\xe4\x64\xe6\xfd\xc0\x51\
\x0c\x0f\x0b\x6a\xd1\xce\xc0\x15\x11\xb1\x7b\x75\x90\x45\xe5\x00\
\x98\x80\xc6\xcb\x7f\xef\xa5\x57\x8e\x4a\x5a\x30\x39\x38\x09\x78\
\x63\x75\x96\x91\x76\x04\x2e\x8d\x88\x35\xd5\x41\x16\x91\x03\x60\
\x85\x1a\x2e\xff\x2f\x31\x7c\xf3\xb7\xfc\xa5\x05\x97\x99\xa7\x00\
\xaf\x01\x1e\xa8\xce\x32\xc2\x76\xc0\xba\x88\x38\xa6\x3a\xc8\xa2\
\xf1\x2e\x80\x15\x68\xbc\xfc\xf7\xce\xcc\x2f\x15\xe7\x90\x34\x43\
\x11\x71\x28\x70\x2e\xb0\x6d\x75\x96\x11\x12\x78\x7d\x66\x9e\x56\
\x1d\x64\x51\x38\x00\x46\x6a\xb8\xfc\xbf\xc0\x50\xfe\x7f\x57\x1d\
\x44\xd2\xec\x45\xc4\xde\xc0\x87\x81\xc7\x54\x67\x19\xe9\x94\xcc\
\x6c\xf5\x94\xc6\x5c\x71\x00\x8c\xd0\x70\xf9\xff\x15\xc3\x43\x7e\
\x2c\x7f\xa9\x63\x11\xf1\xef\x81\x0b\x81\x27\x54\x67\x19\xe9\x4c\
\xe0\x84\xcc\x6c\xf1\x94\xc6\xdc\x70\x00\x2c\x53\xe3\xe5\xbf\xb7\
\x0f\xd7\x90\x04\x10\x11\x4f\x01\x2e\x05\x9e\x5a\x9d\x65\xa4\x0b\
\x80\x23\x33\xf3\xbe\xea\x20\xad\x72\x00\x2c\x43\xc3\xe5\xff\x79\
\x86\x6f\xfe\x96\xbf\xa4\x7f\x16\x11\x3f\x0c\x5c\x04\xb4\x7a\xbf\
\xfd\xe5\xc0\xa1\x99\x79\x77\x75\x90\x16\x79\x17\xc0\x16\xb2\xfc\
\x25\x2d\x9a\xcc\xfc\x7b\x60\x2f\xe0\xea\xe2\x28\x63\xed\x03\x7c\
\x2c\x22\x5a\x7d\x0b\x62\x29\x07\xc0\x16\x68\xb8\xfc\xff\x12\x0f\
\xfb\x4b\xda\x8c\xcc\xbc\x13\xd8\x17\x38\xbf\x3a\xcb\x48\xbb\x01\
\x9f\x88\x88\x27\x55\x07\x69\x8d\x03\xe0\x51\x34\x5e\xfe\xfb\x2c\
\x2d\x7c\x49\x7a\x44\x4b\xe7\xd1\x7f\x06\x78\x67\x75\x96\x91\x76\
\x05\xae\x8e\x88\x56\xdf\x82\x58\xc2\x01\xb0\x19\x0d\x97\xff\x4d\
\x0c\xdf\xfc\x2d\x7f\x49\x5b\x24\x33\x37\x00\xc7\x01\x6f\xa9\xce\
\x32\xd2\x93\x81\x6b\x23\xe2\x39\xd5\x41\x5a\xe1\x00\x78\x04\x0d\
\x97\xff\x9f\x01\x7b\x66\xe6\x2d\xd5\x41\x24\xb5\x65\xe9\xd1\xc1\
\x6f\x00\x4e\x64\x78\xf0\x4e\x6b\x76\x02\x2e\x8b\x88\xd5\xd5\x41\
\x5a\xe0\x5d\x00\x0f\xa3\xe1\xf2\xff\x2c\xb0\x6f\x66\xde\x56\x1d\
\x44\x52\xdb\x22\xe2\x68\x86\x53\x02\x5b\x57\x67\x19\xe1\x3e\xe0\
\x65\x99\xf9\xc1\xea\x20\xf3\xcc\x23\x00\x0f\xd1\x70\xf9\xdf\x80\
\xe5\x2f\x69\x42\x32\xf3\x1c\xe0\x25\xc0\xbd\xd5\x59\x46\xd8\x06\
\x38\x2f\x22\x8e\xab\x0e\x32\xcf\x1c\x00\x9b\xb0\xfc\x25\xe9\x41\
\x99\xb9\x9e\xe1\x56\xbb\x7f\xac\xce\x32\xc2\x56\xc0\x59\x11\x71\
\x72\x75\x90\x79\xe5\x29\x80\x25\x0d\x97\xff\x67\x80\xd5\x99\xd9\
\xe2\x5f\x50\x49\x0d\x88\x88\x67\x02\x17\x03\xad\xde\x6a\x77\x06\
\x70\x62\x5a\x78\xdf\xc5\x01\x80\xe5\x2f\x49\x8f\x26\x22\x7e\x14\
\xb8\x04\x78\x7a\x6d\x92\xd1\xce\x01\x8e\xcd\xcc\xef\x54\x07\x99\
\x17\xdd\x0f\x80\x86\xcb\xff\xd3\x0c\xe5\x7f\x7b\x75\x10\x49\x7d\
\x88\x88\x1f\x62\x78\x89\xd0\x4f\x56\x67\x19\x69\x3d\x70\x44\x66\
\xb6\x78\x5d\xc3\xc4\x75\x7d\x0d\x40\xc3\xe5\xff\x29\x2c\x7f\x49\
\x33\x96\x99\x5f\x07\xf6\x64\x78\x89\x50\x8b\x0e\x02\x2e\x8a\x88\
\xc7\x56\x07\x99\x07\xdd\x0e\x00\xcb\x5f\x92\x96\x2f\x33\xef\x61\
\x28\xd2\xf7\x57\x67\x19\x69\x4f\x86\xa7\x06\x3e\xb1\x3a\x48\xb5\
\x2e\x07\x40\xc3\xe5\xff\x49\x86\xc7\xfb\xde\x51\x1d\x44\x52\xbf\
\x32\xf3\x7e\xe0\x28\xe0\xf7\xaa\xb3\x8c\xf4\x2c\xe0\xaa\x88\x78\
\x5a\x75\x90\x4a\xdd\x0d\x80\x86\xcb\xff\x5a\xe0\x80\xcc\xfc\x46\
\x75\x10\x49\xca\xcc\x0d\x99\x79\x3c\xf0\xc6\xea\x2c\x23\x3d\x85\
\x61\x04\xb4\xfa\x2a\xe4\x15\xeb\xea\x22\xc0\x86\xcb\xff\x1a\x60\
\x8d\xef\xbc\x96\x34\x8f\x22\xe2\x17\x19\x6e\xb5\x6b\xf1\x4b\xe5\
\x1d\xc0\x41\x99\x79\x4d\x75\x90\x59\xeb\x66\x00\x58\xfe\x92\x34\
\x3d\x11\xf1\x62\xe0\xbd\x0c\x4f\xe1\x6b\xcd\xb7\x80\xc3\x33\xf3\
\xa2\xea\x20\xb3\xd4\xe2\x5a\x5b\xb6\x86\xcb\xff\x6a\x2c\x7f\x49\
\x0d\xc8\xcc\xf3\x81\x03\x81\x16\x7f\x5f\x6d\x07\xac\x8b\x88\x63\
\xaa\x83\xcc\xd2\xc2\x0f\x80\x86\xcb\xff\x2a\x2c\x7f\x49\x0d\xc9\
\xcc\xcb\x81\x17\x00\xff\x50\x9d\x65\x84\x55\xc0\xda\x88\x38\xa9\
\x3a\xc8\xac\x2c\xf4\x00\x68\xbc\xfc\x0f\x5c\xba\xdd\x46\x92\x9a\
\x91\x99\xd7\x03\x7b\x00\x5f\xa9\xce\x32\x42\x00\xa7\x46\xc4\x9b\
\xab\x83\xcc\xc2\xc2\x5e\x03\xd0\x70\xf9\x7f\x02\x78\xa1\xe5\x2f\
\xa9\x65\x11\xf1\xc3\x0c\xef\x0f\xf8\xf1\xea\x2c\x23\x9d\x09\x9c\
\x90\x99\x0f\x54\x07\x99\x96\x85\x1c\x00\x0d\x97\xff\x95\x0c\xe5\
\xff\xcd\xea\x20\x92\xb4\x52\x11\xb1\x23\xc3\xe3\x77\x77\xaf\xce\
\x32\xd2\x05\xc0\x91\x99\x79\x5f\x75\x90\x69\x58\xb8\x53\x00\x0d\
\x97\xff\xa5\x0c\xe7\xfc\x2d\x7f\x49\x0b\x61\xe9\xa1\x65\xfb\x01\
\xad\x5e\x5d\x7f\x18\x70\x61\x44\xec\x50\x1d\x64\x1a\x16\x6a\x00\
\x34\x5e\xfe\x87\xfa\x82\x0a\x49\x8b\x26\x33\xbf\x05\x1c\x0c\xbc\
\xab\x3a\xcb\x48\xfb\x00\x1f\x8b\x88\xc7\x55\x07\x99\xb4\x85\x19\
\x00\x0d\x97\xff\x25\x58\xfe\x92\x16\xd8\xd2\x2b\x78\x5f\x09\xbc\
\xb5\x3a\xcb\x48\xbb\x01\x9f\x88\x88\x27\x55\x07\x99\xa4\x85\x18\
\x00\x0d\x97\xff\xc5\x58\xfe\x92\x3a\x90\x83\x5f\x65\x78\x74\x70\
\x8b\x17\x9f\xed\xca\xf0\x12\xa1\x5d\xaa\x83\x4c\x4a\xf3\x17\x01\
\x36\x5e\xfe\x87\x65\xe6\x3f\x55\x07\x91\xa4\x59\x8a\x88\x57\x00\
\xef\x60\xb8\xf7\xbe\x35\xb7\x33\xdc\xa6\x7d\x5d\x75\x90\x95\x6a\
\x7a\x00\x34\x5c\xfe\x17\x01\x2f\xb6\xfc\x25\xf5\x2a\x22\x0e\x06\
\xce\x03\x7e\xa0\x3a\xcb\x08\xf7\x30\xfc\x0e\xff\x68\x75\x90\x95\
\x68\xf6\x14\x40\xc3\xe5\x7f\x21\x7e\xf3\x97\xd4\xb9\xcc\x5c\x07\
\xac\x01\xee\xaa\xce\x32\xc2\xf6\xc0\xfa\x88\x38\xbc\x3a\xc8\x4a\
\x34\x39\x00\x1a\x2e\xff\x8f\x30\xac\xc6\x85\xbc\xa7\x54\x92\x96\
\x23\x33\xaf\x04\x9e\x07\xfc\x5d\x75\x96\x11\xb6\x01\xce\x8b\x88\
\xe3\xaa\x83\x8c\xd5\xdc\x00\x68\xbc\xfc\x5f\x62\xf9\x4b\xd2\x83\
\x32\xf3\x46\xe0\xf9\xc0\x17\xaa\xb3\x8c\xb0\x15\x70\x56\x44\x9c\
\x5c\x1d\x64\x8c\xa6\xae\x01\x68\xb8\xfc\x3f\xc4\xf0\x34\xa9\x6f\
\x57\x07\x91\xa4\x79\x14\x11\x3f\xc4\x70\x7d\xd4\x4f\x54\x67\x19\
\xe9\x0c\xe0\xc4\x6c\xa8\x54\x9b\x19\x00\x0d\x97\xff\x07\x81\xa3\
\x2c\x7f\x49\xda\xbc\x88\xd8\x9e\xe1\xf1\xbb\xfb\x56\x67\x19\xe9\
\x1c\xe0\xd8\xa5\xe7\x1e\xcc\xbd\x26\x06\x40\x44\x6c\x0b\xfc\x21\
\xc3\x23\x25\x5b\xf2\x7e\xe0\xa5\xad\x7c\x18\x24\xa9\xda\xd2\xef\
\xfb\x73\x81\x43\xab\xb3\x8c\xf4\x61\x86\x23\xbe\x73\x7f\xa1\xf7\
\xdc\x5f\x03\xd0\x70\xf9\xbf\x0f\xcb\x5f\x92\x96\x65\xa9\x38\x0f\
\x07\xde\x59\x9d\x65\xa4\x43\x81\x8b\x22\xe2\x31\xd5\x41\x1e\xcd\
\x5c\x0f\x80\xa5\xc3\xfe\x1f\xa4\xbd\xf2\x7f\x3f\xf0\x32\xcb\x5f\
\x92\x96\x2f\x33\x37\x00\xc7\x01\x6f\xaa\xce\x32\xd2\x5e\xc0\x35\
\x11\xf1\xc4\xea\x20\x9b\x33\xb7\xa7\x00\x1a\x3e\xe7\xff\x3e\x2c\
\x7f\x49\x9a\x88\x88\x38\x01\x78\x1b\x73\xfe\x85\xf5\x11\xdc\x0c\
\xec\x9f\x99\x5f\xac\x0e\xf2\x70\xe6\x72\x00\x34\x5c\xfe\xe7\x01\
\x47\x5b\xfe\x92\x34\x39\x11\xf1\x52\x86\xb7\x09\x6e\x5d\x9d\x65\
\x84\x5b\x80\x03\x32\xf3\xb3\xd5\x41\x1e\x6a\xee\x06\x80\xe5\x2f\
\x49\x7a\xa8\x88\xd8\x17\x38\x1f\xd8\xa1\x3a\xcb\x08\x77\x00\x07\
\x65\xe6\x35\xd5\x41\x36\x35\x57\x87\x54\x1a\x2e\xff\x73\xf1\xb0\
\xbf\x24\x4d\x4d\x66\x5e\xc6\x70\x7b\xe0\x6d\xd5\x59\x46\xd8\x11\
\xb8\x34\x22\xd6\x54\x07\xd9\xd4\xdc\x0c\x80\x4d\x2e\xf8\x6b\xad\
\xfc\xd7\x32\x94\xff\x86\xea\x20\x92\xb4\xc8\x32\xf3\x4f\x80\x3d\
\x80\xbf\xad\xce\x32\xc2\x76\xc0\xba\x88\x38\xa6\x3a\xc8\x46\x73\
\x31\x00\x36\x29\xff\x17\x55\x67\x59\xa6\xb5\xc0\x71\x99\xf9\x40\
\x75\x10\x49\xea\x41\x66\xde\xc4\xf0\xfe\x80\xbf\xac\xce\x32\xc2\
\x2a\x60\x6d\x44\x9c\x54\x1d\x04\xe6\x60\x00\x6c\x72\x9f\x7f\x6b\
\xe5\x7f\x36\x96\xbf\x24\xcd\x5c\x66\x7e\x85\xe1\xfd\x01\xd7\x57\
\x67\x19\x21\x80\x53\xe7\xe1\xfd\x01\xe5\x17\x01\x46\xc4\xc5\xc0\
\xfe\xa5\x21\x96\xef\x2c\xe0\xf8\x96\x9e\xf9\x2c\x49\x8b\x66\xe9\
\xd1\xc1\xe7\x03\xab\xab\xb3\x8c\x91\x99\x51\xf9\xf3\xe7\x61\x00\
\xb4\x56\xa2\x67\x03\xaf\xf6\x9b\xbf\x24\xd5\x8b\x88\xef\x07\xde\
\x03\xfc\x6c\x75\x96\xe5\xaa\x1e\x00\xe5\xa7\x00\x1a\x73\x36\xf0\
\x0b\x96\xbf\x24\xcd\x87\xcc\xbc\x1f\x38\x0a\x38\xad\x3a\x4b\x6b\
\x1c\x00\x5b\xee\xed\x0c\xe5\xdf\xda\x11\x0b\x49\x5a\x68\x39\xf8\
\x15\xe0\x8d\xd5\x59\x5a\xe2\x29\x80\x2d\xe3\x39\x7f\x49\x6a\xc0\
\xd2\x6d\x76\x67\x33\x5c\x71\x3f\xd7\x3c\x05\x30\xff\xde\x86\xe5\
\x2f\x49\x4d\xc8\xcc\x77\x03\x3f\x0d\xcc\xfd\xeb\x78\xab\x79\x04\
\x60\xf3\x4e\xcf\xcc\xb9\xb8\x5f\x53\x92\xb4\xe5\x22\x62\x2f\x86\
\x5b\xcc\xe7\xf6\xb5\xbc\x1e\x01\x98\x5f\xa7\x59\xfe\x92\xd4\xa6\
\xcc\xfc\x38\xb0\x0f\x70\x6b\x71\x94\xb9\xe5\x00\x78\x78\xa7\x2e\
\x5d\x50\x22\x49\x6a\x54\x66\x7e\x0a\x78\x2e\x30\x97\xaf\xe3\xad\
\xe6\x00\xf8\x5e\x6f\xcd\xcc\xd7\x57\x87\x90\x24\xad\x5c\x66\xde\
\xcc\xf0\xd4\xc0\x1b\xaa\xb3\xcc\x1b\x07\xc0\x77\xfb\xad\xcc\xfc\
\xd5\xea\x10\x92\xa4\xc9\xc9\xcc\x5b\x80\xbd\x81\xab\xaa\xb3\xcc\
\x13\x07\xc0\x83\xde\x92\x99\xbf\x56\x1d\x42\x92\x34\x79\x99\x79\
\x27\xc3\x23\x83\xcf\xaf\xce\x32\x2f\x1c\x00\x83\x53\x32\xf3\x0d\
\xd5\x21\x24\x49\xd3\x93\x99\xf7\x01\x3f\x03\xbc\xa3\x3a\xcb\x3c\
\x70\x00\x0c\xe5\xef\xd3\xa3\x24\xa9\x03\x99\xb9\x01\x78\x15\x70\
\x4a\x75\x96\x6a\xdd\x3f\x07\xa0\xfa\x3e\x4c\x49\x52\x8d\xde\xfb\
\xc7\x23\x00\x92\x24\x75\xc8\x01\x20\x49\x52\x87\x1c\x00\x92\x24\
\x75\xc8\x01\x20\x49\x52\x87\x1c\x00\x92\x24\x75\xc8\x01\x20\x49\
\x52\x87\x1c\x00\x92\x24\x75\xc8\x01\x20\x49\x52\x87\x1c\x00\x92\
\x24\x75\xc8\x01\x20\x49\x52\x87\x1c\x00\x92\x24\x75\xc8\x01\x20\
\x49\x52\x87\x1c\x00\x92\x24\x75\xc8\x01\x20\x49\x52\x87\x1c\x00\
\x92\x24\x75\xc8\x01\x20\x49\x52\x87\x1c\x00\x92\x24\x75\xc8\x01\
\x20\x49\x52\x87\x1c\x00\x92\x24\x75\xc8\x01\x20\x49\x52\x87\x1c\
\x00\x92\x24\x75\xc8\x01\x20\x49\x52\x87\x1c\x00\x92\x24\x75\xc8\
\x01\x20\x49\x52\x87\x1c\x00\x92\x24\x75\xc8\x01\x20\x49\x52\x87\
\x1c\x00\x92\x24\x75\xc8\x01\x20\x49\x52\x87\x1c\x00\x92\x24\x75\
\xc8\x01\x20\x49\x52\x87\x1c\x00\x92\x24\x75\xc8\x01\x20\x49\x52\
\x87\x1c\x00\x92\x24\x75\xc8\x01\x20\x49\x52\x87\x1c\x00\x92\x24\
\x75\xc8\x01\x20\x49\x52\x87\x1c\x00\x92\x24\x75\xc8\x01\x20\x49\
\x52\x87\x1c\x00\x92\x24\x75\xc8\x01\x20\x49\x52\x87\x1c\x00\x92\
\x24\x75\xc8\x01\x20\x49\x52\x87\x1c\x00\x92\x24\x75\xc8\x01\x20\
\x49\x52\x87\x1c\x00\x92\x24\x75\xc8\x01\x20\x49\x52\x87\x1c\x00\
\x92\x24\x75\xc8\x01\x20\x49\x52\x87\x1c\x00\x92\x24\x75\xc8\x01\
\x20\x49\x52\x87\x1c\x00\x92\x24\x75\xc8\x01\x20\x49\x52\x87\x1c\
\x00\x92\x24\x75\xc8\x01\x20\x49\x52\x87\x1c\x00\x92\x24\x75\x68\
\x55\x75\x00\x69\x9e\x45\xc4\x13\x80\x3d\x80\x67\x02\x3f\x06\x3c\
\x1d\xd8\x11\xf8\x41\x60\x7b\x60\xeb\xba\x74\x02\xbe\x0d\xdc\x03\
\xdc\x09\xdc\x01\x7c\x1e\xf8\x4b\xe0\x73\xc0\x55\x99\x79\x6b\x61\
\x36\x69\xae\x45\x66\xd6\x06\x88\x28\x0d\x90\x99\x51\xf9\xf3\x35\
\x7f\x22\x62\x37\xe0\x48\x60\x35\x43\xf1\xfb\x19\x69\x53\x32\x0c\
\x81\x4b\x81\x73\x33\xf3\x4f\x8b\xf3\x68\xce\xf4\xde\x3f\x0e\x00\
\x07\x80\x80\x88\x78\x0c\xf0\x2a\xe0\x58\x60\xd7\xe2\x38\x9a\x8e\
\xbf\x00\xde\x05\x9c\x95\x99\x77\x57\x87\x51\xbd\xde\xfb\xc7\x01\
\xe0\x00\xe8\x5a\x44\xec\x04\xbc\x0e\x38\x81\xe1\xd0\xbe\x16\xdf\
\x1d\xc0\x19\xc0\x6f\x67\xe6\x1d\xd5\x61\x54\xa7\xf7\xfe\x71\x00\
\x38\x00\xba\x14\x11\x01\x1c\x0d\xbc\x15\x78\x7c\x71\x1c\xd5\xb8\
\x1d\xf8\x75\xe0\x77\x32\xf3\x81\xea\x30\x9a\xbd\xde\xfb\xc7\x01\
\xe0\x00\xe8\x4e\x44\x3c\x0d\x78\x0f\xf0\x53\xd5\x59\x34\x17\xae\
\x01\x5e\x91\x99\x7f\x5d\x1d\x44\xb3\xd5\x7b\xff\x78\x1b\xa0\xba\
\x12\x11\x87\x01\xd7\x63\xf9\xeb\x41\xbb\x03\x9f\x89\x88\x9f\xad\
\x0e\x22\xcd\x92\x03\x40\x5d\x88\x88\xef\x8b\x88\xd3\x81\xf3\x19\
\x6e\xe1\x93\x36\xb5\x03\x70\x6e\x44\x9c\x1a\x11\xfe\x5e\x54\x17\
\x3c\x05\xe0\x29\x80\x85\x17\x11\xdf\x0f\xbc\x9b\xe1\xd6\x3e\xe9\
\xd1\xbc\x17\x38\x26\x33\xbf\x5d\x1d\x44\xd3\xd5\x7b\xff\x38\x00\
\x1c\x00\x0b\x6d\xa9\xfc\x2f\x00\x0e\xac\xce\xa2\xa6\x7c\x04\x38\
\xcc\x11\xb0\xd8\x7a\xef\x1f\x0f\x75\x69\x61\x2d\x5d\xe9\x7f\x36\
\x96\xbf\x96\xef\x85\xc0\x7b\x3c\x1d\xa0\x45\xe6\x87\x5b\x8b\xec\
\x34\xe0\xe5\xd5\x21\xd4\xac\x23\x81\x53\xaa\x43\x48\xd3\xe2\x29\
\x00\x4f\x01\x2c\xa4\x88\xf8\x69\xe0\xfd\xd5\x39\xb4\x10\x8e\xca\
\xcc\x73\xab\x43\x68\xf2\x7a\xef\x1f\x07\x80\x03\x60\xe1\x44\xc4\
\x53\x81\x4f\x01\x8f\xad\xce\xa2\x85\x70\x17\xf0\x93\x99\x79\x73\
\x75\x10\x4d\x56\xef\xfd\xe3\x29\x00\x2d\x94\xa5\xf3\xfe\xbf\x8f\
\xe5\xaf\xc9\x79\x2c\xf0\xee\xa5\xcf\x96\xb4\x30\x1c\x00\x5a\x34\
\xaf\xc4\x87\xfc\x68\xf2\x9e\x8f\xd7\x93\x68\xc1\x78\x0a\xc0\x53\
\x00\x0b\x63\xe9\xc5\x3e\x9f\x07\x1e\x57\x9d\x45\x0b\xe9\x56\x60\
\x97\xcc\xbc\xb3\x3a\x88\x26\xa3\xf7\xfe\xf1\x08\x80\x16\xc9\x89\
\x58\xfe\x9a\x9e\x27\x00\xaf\xad\x0e\x21\x4d\x8a\x47\x00\x3c\x02\
\xb0\x10\x22\xe2\x31\xc0\x97\xf0\x95\xbe\x9a\xae\xdb\x81\x1f\xcd\
\xcc\xbb\xab\x83\x68\xe5\x7a\xef\x1f\x8f\x00\x68\x51\xbc\x0a\xcb\
\x5f\xd3\xb7\x13\x70\x5c\x75\x08\x69\x12\x1c\x00\x5a\x14\xaf\xa8\
\x0e\xa0\x6e\xbc\xb2\x3a\x80\x34\x09\x0e\x00\x35\x2f\x22\x76\x03\
\x9e\x55\x9d\x43\xdd\x78\x46\x44\xfc\x44\x75\x08\x69\xa5\x1c\x00\
\x5a\x04\xbe\xe5\x4f\xb3\x76\x54\x75\x00\x69\xa5\x1c\x00\x5a\x04\
\xfb\x55\x07\x50\x77\xf6\xad\x0e\x20\xad\x94\x77\x01\x78\x17\x40\
\xd3\x22\xe2\x09\xc0\x2d\x80\xff\x1c\x35\x4b\x09\x3c\x21\x33\x6f\
\xab\x0e\xa2\xf1\x7a\xef\x1f\x8f\x00\xa8\x75\x7b\x60\xf9\x6b\xf6\
\x82\xe1\xb3\x27\x35\xcb\x01\xa0\xd6\x79\xf1\x9f\xaa\x3c\xb3\x3a\
\x80\xb4\x12\x0e\x00\xb5\x6e\x97\xea\x00\xea\x96\x9f\x3d\x35\xcd\
\x01\xa0\xd6\xfd\xdb\xea\x00\xea\xd6\xd3\xab\x03\x48\x2b\xe1\x00\
\x50\xeb\x7c\xf6\xbf\xaa\xf8\xd9\x53\xd3\x1c\x00\x6a\xdd\x0e\xd5\
\x01\xd4\x2d\x3f\x7b\x6a\x9a\x03\x40\xad\xdb\xbe\x3a\x80\xba\xe5\
\x00\x50\xd3\x56\x55\x07\x90\x56\xe8\xfb\x2b\x7f\x78\xf5\x7d\xbc\
\xbd\x2b\xbe\x8f\x7b\x9b\xc2\x9f\x2d\xad\x98\x47\x00\x24\x49\xea\
\x90\x03\x40\x92\xa4\x0e\x39\x00\x24\x49\xea\x90\x03\x40\x92\xa4\
\x0e\x39\x00\x24\x49\xea\x90\x03\x40\x92\xa4\x0e\x39\x00\x24\x49\
\xea\x90\x03\x40\x92\xa4\x0e\x39\x00\x24\x49\xea\x90\x03\x40\x92\
\xa4\x0e\x39\x00\x24\x49\xea\x90\x03\x40\x92\xa4\x0e\x39\x00\x24\
\x49\xea\x90\x03\x40\x92\xa4\x0e\x39\x00\x24\x49\xea\x90\x03\x40\
\x92\xa4\x0e\x39\x00\x24\x49\xea\x90\x03\x40\x92\xa4\x0e\x39\x00\
\x24\x49\xea\x90\x03\x40\x92\xa4\x0e\x39\x00\x24\x49\xea\x90\x03\
\x40\x92\xa4\x0e\x39\x00\x24\x49\xea\x90\x03\x40\x92\xa4\x0e\x39\
\x00\x24\x14\x95\x11\x92\x00\x00\x03\x7b\x49\x44\x41\x54\x49\xea\
\x90\x03\x40\x92\xa4\x0e\x39\x00\x24\x49\xea\x90\x03\x40\x92\xa4\
\x0e\x39\x00\x24\x49\xea\x90\x03\x40\x92\xa4\x0e\x39\x00\x24\x49\
\xea\x90\x03\x40\x92\xa4\x0e\x39\x00\x24\x49\xea\x90\x03\x40\x92\
\xa4\x0e\x39\x00\x24\x49\xea\x90\x03\x40\x92\xa4\x0e\x39\x00\x24\
\x49\xea\x90\x03\x40\x92\xa4\x0e\x39\x00\x24\x49\xea\x90\x03\x40\
\x92\xa4\x0e\x39\x00\x24\x49\xea\x90\x03\x40\x92\xa4\x0e\x39\x00\
\x24\x49\xea\x90\x03\x40\x92\xa4\x0e\x39\x00\x24\x49\xea\x90\x03\
\x40\x92\xa4\x0e\x39\x00\x24\x49\xea\x90\x03\x40\x92\xa4\x0e\x39\
\x00\x24\x49\xea\x90\x03\x40\x92\xa4\x0e\x39\x00\x24\x49\xea\x90\
\x03\x40\x92\xa4\x0e\x39\x00\x24\x49\xea\x90\x03\x40\x92\xa4\x0e\
\x39\x00\x24\x49\xea\x90\x03\x40\x92\xa4\x0e\x39\x00\x24\x49\xea\
\x90\x03\x40\x92\xa4\x0e\x39\x00\x24\x49\xea\x90\x03\x40\x92\xa4\
\x0e\x39\x00\x24\x49\xea\x90\x03\x40\x92\xa4\x0e\x39\x00\x24\x49\
\xea\x90\x03\x40\x92\xa4\x0e\x39\x00\x24\x49\xea\x90\x03\x40\x92\
\xa4\x0e\x39\x00\x24\x49\xea\x90\x03\x40\x92\xa4\x0e\x39\x00\x24\
\x49\xea\x90\x03\x40\x92\xa4\x0e\x39\x00\x24\x49\xea\x90\x03\x40\
\x92\xa4\x0e\x39\x00\x24\x49\xea\x90\x03\x40\x92\xa4\x0e\x39\x00\
\x24\x49\xea\x90\x03\x40\x92\xa4\x0e\x39\x00\x24\x49\xea\x90\x03\
\x40\x92\xa4\x0e\x39\x00\x24\x49\xea\x90\x03\x40\x92\xa4\x0e\x39\
\x00\x24\x49\xea\x90\x03\x40\x92\xa4\x0e\x39\x00\x24\x49\xea\x90\
\x03\x40\x92\xa4\x0e\x39\x00\x24\x49\xea\x90\x03\x40\x92\xa4\x0e\
\x39\x00\x24\x49\xea\x90\x03\x40\x92\xa4\x0e\x39\x00\x24\x49\xea\
\x90\x03\x40\x92\xa4\x0e\x39\x00\x24\x49\xea\x90\x03\x40\x92\xa4\
\x0e\x39\x00\x24\x49\xea\x90\x03\x40\x92\xa4\x0e\x39\x00\x24\x49\
\xea\x90\x03\x40\x92\xa4\x0e\x39\x00\x24\x49\xea\x90\x03\x40\x92\
\xa4\x0e\x39\x00\x24\x49\xea\x90\x03\x40\x92\xa4\x0e\x39\x00\x24\
\x49\xea\x90\x03\x40\x92\xa4\x0e\x39\x00\x24\x49\xea\x90\x03\x40\
\x92\xa4\x0e\x39\x00\x24\x49\xea\x90\x03\x40\x92\xa4\x0e\x39\x00\
\x24\x49\xea\x90\x03\x40\x92\xa4\x0e\x39\x00\x24\x49\xea\x90\x03\
\x40\x92\xa4\x0e\x39\x00\x24\x49\xea\x90\x03\x40\x92\xa4\x0e\x39\
\x00\x24\x49\xea\x90\x03\x40\x92\xa4\x0e\x39\x00\x24\x49\xea\x90\
\x03\x40\x92\xa4\x0e\x39\x00\x24\x49\xea\x90\x03\x40\x92\xa4\x0e\
\x39\x00\x24\x49\xea\x90\x03\x40\x92\xa4\x0e\x39\x00\x24\x49\xea\
\x90\x03\x40\x92\xa4\x0e\x39\x00\x24\x49\xea\x90\x03\x40\x92\xa4\
\x0e\x39\x00\x24\x49\xea\x90\x03\x40\x92\xa4\x0e\x39\x00\x24\x49\
\xea\x90\x03\x40\x92\xa4\x0e\x39\x00\x24\x49\xea\x90\x03\x40\x92\
\xa4\x0e\x39\x00\x24\x49\xea\x90\x03\x40\x92\xa4\x0e\x39\x00\x24\
\x49\xea\x90\x03\x40\x92\xa4\x0e\x39\x00\x24\x49\xea\xd0\xaa\xea\
\x00\xd5\x22\x22\xab\x33\x48\x6a\x93\xbf\x3f\xd4\x32\x8f\x00\x48\
\x92\xd4\x21\x07\x80\x24\x49\x1d\x72\x00\x48\x92\xd4\x21\x07\x80\
\x24\x49\x1d\x72\x00\x48\x92\xd4\x21\x07\x80\x24\x49\x1d\x72\x00\
\x48\x92\xd4\x21\x07\x80\x24\x49\x1d\x72\x00\x48\x92\xd4\x21\x07\
\x80\x24\x49\x1d\x72\x00\x48\x92\xd4\x21\x07\x80\x24\x49\x1d\x72\
\x00\x48\x92\xd4\x21\x07\x80\x24\x49\x1d\x72\x00\x48\x92\xd4\x21\
\x07\x80\x24\x49\x1d\x72\x00\x48\x92\xd4\x21\x07\x80\x24\x49\x1d\
\x72\x00\x48\x92\xd4\x21\x07\x80\x24\x49\x1d\x72\x00\x48\x92\xd4\
\x21\x07\x80\x24\x49\x1d\x72\x00\x48\x92\xd4\x21\x07\x80\x24\x49\
\x1d\x72\x00\x48\x92\xd4\x21\x07\x80\x24\x49\x1d\x72\x00\x48\x92\
\xd4\x21\x07\x80\x24\x49\x1d\x72\x00\x48\x92\xd4\x21\x07\x80\x24\
\x49\x1d\x72\x00\x48\x92\xd4\xa1\xc8\xcc\xea\x0c\x92\x24\x69\xc6\
\x3c\x02\x20\x49\x52\x87\x1c\x00\x92\x24\x75\xc8\x01\x20\x49\x52\
\x87\x1c\x00\x92\x24\x75\xc8\x01\x20\x49\x52\x87\x1c\x00\x92\x24\
\x75\xc8\x01\x20\x49\x52\x87\x1c\x00\x92\x24\x75\xc8\x01\x20\x49\
\x52\x87\x1c\x00\x92\x24\x75\xc8\x01\x20\x49\x52\x87\x1c\x00\x92\
\x24\x75\xc8\x01\x20\x49\x52\x87\x1c\x00\x92\x24\x75\xc8\x01\x20\
\x49\x52\x87\xfe\x3f\x16\x6f\x31\x06\x2a\x45\xfb\x0d\x00\x00\x00\
\x00\x49\x45\x4e\x44\xae\x42\x60\x82\
\x00\x00\x18\x83\
\x89\
\x50\x4e\x47\x0d\x0a\x1a\x0a\x00\x00\x00\x0d\x49\x48\x44\x52\x00\
\x00\x02\x00\x00\x00\x02\x00\x08\x06\x00\x00\x00\xf4\x78\xd4\xfa\
\x00\x00\x00\x09\x70\x48\x59\x73\x00\x00\x0e\xc3\x00\x00\x0e\xc3\
\x01\xc7\x6f\xa8\x64\x00\x00\x00\x19\x74\x45\x58\x74\x53\x6f\x66\
\x74\x77\x61\x72\x65\x00\x77\x77\x77\x2e\x69\x6e\x6b\x73\x63\x61\
\x70\x65\x2e\x6f\x72\x67\x9b\xee\x3c\x1a\x00\x00\x18\x10\x49\x44\
\x41\x54\x78\x9c\xed\xdd\x6d\xac\x75\xe9\x5d\x16\xf0\xeb\xb6\xd3\
\x19\xa5\xa3\x63\x95\x50\x5b\x5b\x53\x40\x6d\x6b\x07\x8a\x04\x23\
\x02\x2d\xab\x50\x88\xa4\x20\x69\x06\x8c\xa9\xb4\x21\x60\xb4\x1d\
\x34\x04\xbf\x34\x26\xbe\x7c\xd0\xa8\x28\x6a\xf0\xa5\xc0\x68\x15\
\x4d\x1a\xa3\xa6\x95\x04\xdf\x08\x6d\x78\xaa\xad\x4d\x4c\x84\xb4\
\x14\x0a\xbe\x54\xd3\x06\x28\x51\xb0\x13\x66\xb0\x76\x1a\x6e\x3f\
\x3c\x07\xa6\x9d\x79\x5e\xce\x39\x7b\xad\xfb\xbf\xf6\xba\x7f\xbf\
\xe4\xf9\x38\x6b\x5f\x99\x0f\x6b\x5f\xfb\xbe\xf6\x3e\xab\xf5\xde\
\x03\x00\xcc\xe5\xd7\x55\x07\x00\x00\xc6\x53\x00\x00\x60\x42\x0a\
\x00\x00\x4c\x48\x01\x00\x80\x09\x29\x00\x00\x30\x21\x05\x00\x00\
\x26\xa4\x00\x00\xc0\x84\x14\x00\x00\x98\x90\x02\x00\x00\x13\x52\
\x00\x00\x60\x42\x0a\x00\x00\x4c\x48\x01\x00\x80\x09\x29\x00\x00\
\x30\x21\x05\x00\x00\x26\xa4\x00\x00\xc0\x84\x14\x00\x00\x98\x90\
\x02\x00\x00\x13\x52\x00\x00\x60\x42\x0a\x00\x00\x4c\x48\x01\x00\
\x80\x09\x29\x00\x00\x30\x21\x05\x00\x00\x26\xa4\x00\x00\xc0\x84\
\x14\x00\x00\x98\x90\x02\x00\x00\x13\x52\x00\x00\x60\x42\x0a\x00\
\x00\x4c\x48\x01\x00\x80\x09\x29\x00\x00\x30\x21\x05\x00\x00\x26\
\xa4\x00\x00\xc0\x84\x14\x00\x00\x98\x90\x02\x00\x00\x13\x52\x00\
\x00\x60\x42\x0a\x00\x00\x4c\x48\x01\x00\x80\x09\x29\x00\x00\x30\
\x21\x05\x00\x00\x26\xa4\x00\x00\xc0\x84\x14\x00\x00\x98\x90\x02\
\x00\x00\x13\x52\x00\x00\x60\x42\x0a\x00\x00\x4c\x48\x01\x00\x80\
\x09\x29\x00\x00\x30\x21\x05\x00\x00\x26\xa4\x00\x00\xc0\x84\x14\
\x00\x00\x98\x90\x02\x00\x00\x13\x52\x00\x00\x60\x42\x0a\x00\x00\
\x4c\x48\x01\x00\x80\x09\x29\x00\x00\x30\x21\x05\x00\x00\x26\xa4\
\x00\x00\xc0\x84\x14\x00\x00\x98\x90\x02\x00\x00\x13\x52\x00\x00\
\x60\x42\x0a\x00\x00\x4c\x48\x01\x00\x80\x09\x29\x00\x00\x30\x21\
\x05\x00\x00\x26\xa4\x00\x00\xc0\x84\x14\x00\x00\x98\x90\x02\x00\
\x00\x13\x52\x00\x00\x60\x42\x0a\x00\x00\x4c\x48\x01\x00\x80\x09\
\x29\x00\x00\x30\x21\x05\x00\x00\x26\xa4\x00\x00\xc0\x84\x14\x00\
\x00\x98\x90\x02\x00\x00\x13\x52\x00\x00\x60\x42\x0a\x00\x00\x4c\
\x48\x01\x00\x80\x09\x29\x00\x00\x30\x21\x05\x00\x00\x26\xa4\x00\
\x00\xc0\x84\xee\xa9\x0e\xd0\x5a\xbb\x3f\xc9\xcb\x2f\xfe\xbd\x24\
\xc9\x8b\x92\x7c\x56\x92\xfb\x93\xdc\x57\x18\x0d\x6e\xe7\xff\x26\
\xf9\xc5\x8b\x7f\x1f\x4d\xf2\x9f\x92\xbc\x37\xc9\x7b\x7b\xef\xbf\
\x58\x19\x0c\xe0\xb2\x5a\xef\x7d\xfc\x8b\xb6\x76\x4f\x92\x3f\x94\
\xe4\xf5\x49\xbe\x26\xc9\xbd\xc3\x43\xc0\xfa\x7e\x25\xc9\x3b\x93\
\xbc\x25\xc9\x0f\xf4\xde\xff\x5f\x71\x1e\x80\xdb\x1a\x5a\x00\x5a\
\x6b\xcf\x4c\xf2\x2d\x49\xde\x94\xe4\xb3\x87\xbd\x30\x8c\xf7\x0b\
\x49\xfe\x7a\x92\xef\xee\xbd\x7f\xbc\x3a\x0c\xc0\x53\x0d\x2b\x00\
\xad\xb5\x57\x24\x79\x73\x92\x97\x0e\x79\x41\xd8\x87\xff\x91\xe4\
\x4d\xbd\xf7\x7f\x51\x1d\x04\xe0\x53\x6d\x5e\x00\x2e\x8e\xfb\xff\
\x6c\x92\x3f\x17\x5f\x3a\x64\x5e\x6f\x4d\xf2\x27\x7a\xef\x8f\x57\
\x07\x01\x48\x36\x2e\x00\xad\xb5\x67\x27\xf9\x81\x24\xaf\xd8\xec\
\x45\xe0\x7c\xbc\x3f\xc9\x43\xbd\xf7\xff\x56\x1d\x04\x60\xb3\x02\
\xd0\x5a\x7b\x6e\x92\x1f\x4a\xf2\x79\x9b\xbc\x00\x9c\xa7\x9f\x4f\
\xf2\xe5\xbd\xf7\x9f\xae\x0e\x02\xcc\x6d\x93\x02\xd0\x5a\x7b\x20\
\xc9\x8d\x24\x5f\xb0\xfa\xc5\xe1\xfc\xfd\x4c\x92\x57\xf4\xde\x3f\
\x54\x1d\x04\x98\xd7\xea\x05\xe0\xe2\x9b\xfe\xef\x88\x63\x7f\xb8\
\x93\xff\x9e\xe4\x8b\x7a\xef\x1f\xab\x0e\x02\xcc\x69\x8b\x2f\xe5\
\xfd\xa5\x78\xf3\x87\xbb\xf9\xdc\x24\x7f\xbf\x3a\x04\x30\xaf\x55\
\x4f\x00\x2e\x7e\xea\x77\x23\x49\x5b\xed\xa2\x70\x6c\xdf\xd4\x7b\
\x7f\x6b\x75\x08\x60\x3e\xab\x15\x80\x8b\xa3\xff\x1f\x8b\xdf\xf9\
\xc3\x55\xfc\x9f\x24\x9f\xdd\x7b\x7f\xb4\x3a\x08\x30\x97\x35\x27\
\x80\x6f\x89\x37\x7f\xb8\xaa\x67\x27\xf9\x8e\xea\x10\xc0\x7c\x56\
\x39\x01\x68\xad\x3d\x23\xc9\x4f\x25\xf9\x9d\x27\x5f\x0c\xe6\xf3\
\x68\x92\xcf\xf1\x20\x21\x60\xa4\xb5\x4e\x00\xbe\x3e\xde\xfc\xe1\
\xba\x1e\x48\xf2\x70\x75\x08\x60\x2e\x6b\x15\x80\xd7\xaf\x74\x1d\
\x98\xd5\x1b\x2f\xbe\x47\x03\x30\xc4\xc9\x05\xa0\xb5\x76\x7f\x6e\
\x3e\xd2\x17\xb8\xbe\xe7\x25\xf9\xba\xea\x10\xc0\x3c\xd6\x38\x01\
\x78\x79\x92\x7b\x57\xb8\x0e\xcc\xce\x0c\x00\x0c\xb3\x56\x01\x00\
\x4e\xf7\x15\xad\xb5\x17\x57\x87\x00\xe6\xb0\x46\x01\xf8\x3d\x2b\
\x5c\x03\xb8\xf9\x07\xb4\xde\x58\x1d\x02\x98\xc3\xc9\x3f\x03\x6c\
\xad\x7d\x30\x89\x4f\x2d\xb0\x8e\x47\x93\x3c\xbf\xf7\xfe\x58\x75\
\x10\xe0\xd8\xd6\x38\x01\xf8\xcc\x15\xae\x01\xdc\xf4\x40\x92\x3f\
\x5a\x1d\x02\x38\xbe\x35\x4e\x00\x3e\x9e\xe4\xbe\x75\xe2\x00\x49\
\x7e\xa2\xf7\xfe\x60\x75\x08\xe0\xd8\xd6\x38\x01\xf0\xe6\x0f\xeb\
\x7a\x69\x6b\xed\xcb\xaa\x43\x00\xc7\xb6\xc5\xe3\x80\x81\xd3\xf9\
\x49\x20\xb0\xa9\x35\x26\x80\xf5\x9e\x27\x0c\xfc\xaa\x27\x92\xbc\
\xb0\xf7\xfe\xb3\xd5\x41\x80\x63\x72\x02\x00\xfb\xf4\xcc\xdc\x7c\
\xc2\x26\xc0\x26\x9c\x00\xc0\x7e\xfd\x6c\x6e\x9e\x02\x3c\x51\x1d\
\x04\x38\x1e\x27\x00\xb0\x5f\xcf\x4b\xf2\xb5\xd5\x21\x80\x63\x52\
\x00\x60\xdf\x7c\x19\x10\xd8\x84\x09\x00\xf6\xef\xc1\xde\xfb\x4f\
\x54\x87\x00\x8e\xc5\x09\x00\xec\xdf\x1f\xaf\x0e\x00\x1c\xcf\xd9\
\x9f\x00\xf4\xde\x5b\xe5\xeb\x73\x5c\xad\xb5\xb7\x27\x79\x4d\x75\
\x8e\xdc\x7c\x3e\xc0\x6f\xef\xbd\x3f\x5e\x1d\x04\x38\x0e\x27\x00\
\x70\x7b\x6f\xae\x0e\x70\xc1\xf3\x01\x80\xd5\x39\x01\x80\x3b\x68\
\xad\x7d\x20\xc9\x4b\xab\x73\x24\x79\x7f\xef\xfd\x65\xd5\x21\x80\
\xe3\x70\x02\x00\x77\xf6\x48\x75\x80\x0b\x9f\xdf\x5a\xfb\xd2\xea\
\x10\xc0\x71\x28\x00\x70\x67\xff\x28\xc9\x2f\x55\x87\xb8\xf0\x6d\
\xd5\x01\x80\xe3\x50\x00\xe0\x0e\x7a\xef\xbf\x94\xe4\x9f\x56\xe7\
\xb8\xf0\x50\x6b\xed\x39\xd5\x21\x80\x63\x50\x00\xe0\xee\xfe\x76\
\x75\x80\x0b\xf7\x26\xf9\x63\xd5\x21\x80\x63\xf0\x25\x40\xb8\x84\
\xd6\xda\x7f\x48\xf2\x65\xd5\x39\x92\x7c\x24\xc9\xe7\xf4\xde\x3f\
\x59\x1d\x04\x38\x6f\x4e\x00\xe0\x72\xf6\xf2\x93\xc0\x17\xc4\xf3\
\x01\x80\x15\x38\x01\x80\x4b\x68\xad\x3d\x33\xc9\xff\xcc\xcd\x07\
\xf4\x54\x7b\x47\xef\xfd\xab\xaa\x43\x00\xe7\xcd\x09\x00\x5c\xc2\
\xc5\x23\x79\xff\x61\x75\x8e\x0b\x5f\xd9\x5a\x7b\x51\x75\x08\xe0\
\xbc\x29\x00\x70\x79\x8f\x24\xd9\xc3\xf6\xde\x92\xbc\xb1\x3a\x04\
\x70\xde\x14\x00\xb8\xa4\xde\xfb\x47\x92\xfc\x60\x75\x8e\x0b\xdf\
\xdc\x5a\x7b\x56\x75\x08\xe0\x7c\x29\x00\x70\x35\x7b\xf9\x32\xe0\
\x03\x49\x5e\x5b\x1d\x02\x38\x5f\xbe\x04\x08\x57\xd0\x5a\x6b\x49\
\x7e\x32\xc9\x8b\xab\xb3\x24\x79\x5f\xef\xfd\x0b\xaa\x43\x00\xe7\
\xc9\x09\x00\x5c\x41\xbf\xd9\x98\xbf\xa7\x3a\xc7\x85\x97\x79\x3e\
\x00\x70\x5d\x0a\x00\x5c\xdd\x3f\x4e\xf2\x78\x75\x88\x0b\x0f\x57\
\x07\x00\xce\x93\x02\x00\x57\xd4\x7b\x7f\x34\xc9\x5b\xab\x73\x5c\
\xf8\x06\xcf\x07\x00\xae\x43\x01\x80\xeb\xf9\x7b\xd5\x01\x2e\xdc\
\x9b\xe4\x5b\xab\x43\x00\xe7\xc7\x97\x00\xe1\x9a\x3c\x1f\x00\x38\
\x67\x4e\x00\xe0\xfa\xf6\xf2\x93\x40\xcf\x07\x00\xae\x4c\x01\x80\
\xeb\x7b\x5b\x92\x8f\x56\x87\xb8\xe0\xcb\x80\xc0\x95\x28\x00\x70\
\x4d\xbd\xf7\x4f\x24\xf9\x07\xd5\x39\x2e\xbc\xca\xf3\x01\x80\xab\
\x50\x00\xe0\x34\x7b\x7a\x3e\xc0\x1b\xaa\x43\x00\xe7\xc3\x97\x00\
\xe1\x44\xad\xb5\xb7\x27\x79\x4d\x75\x8e\x24\x1f\x4b\xf2\xc5\x49\
\x9e\xa8\x0e\xc2\x6e\x7d\x22\xc9\x63\xbd\xf7\x8f\x55\x07\xa1\x9e\
\x02\x00\x27\x6a\xad\xbd\x2a\xc9\x0f\x57\xe7\x80\x2b\xe8\xb9\xf9\
\xeb\x91\xff\x92\xe4\x47\x93\xfc\x48\x92\x7f\xdf\x7b\xff\xe5\xd2\
\x54\x0c\xa5\x00\xc0\x89\x2e\x9e\x0f\xf0\xc1\x24\x36\x78\xce\xd9\
\xe3\x49\xde\x9e\xe4\x2d\xbd\xf7\x77\x55\x87\x61\x7b\xbe\x03\x00\
\x27\xba\x78\x3e\xc0\x5e\x7e\x12\x08\xd7\xf5\xac\x24\xaf\x4b\x72\
\xa3\xb5\xf6\x1f\x5b\x6b\x5f\x5d\x1d\x88\x6d\x39\x01\x80\x15\xb4\
\xd6\x1e\x48\xf2\x33\xb9\x79\x13\x85\xa3\xf8\x97\x49\xbe\xbd\xf7\
\xfe\x91\xea\x20\xac\xcf\x09\x00\xac\x60\x67\xcf\x07\x80\xb5\xbc\
\x26\xc9\x8f\xb7\xd6\xbe\xb1\x3a\x08\xeb\x53\x00\x60\x3d\x66\x00\
\x8e\xe8\x81\x24\xff\xac\xb5\xf6\x17\xaa\x83\xb0\x2e\x13\x00\xac\
\xa8\xb5\xf6\xee\x24\x5f\x5a\x9d\x03\x36\xf2\xe6\x24\x7f\xb2\x9f\
\xfa\xc6\xc1\x2e\x38\x01\x80\x75\xed\xe5\x29\x81\xb0\x85\x87\x93\
\xfc\x95\xea\x10\xac\xc3\x09\x00\xac\xa8\xb5\x76\x6f\x92\x0f\x27\
\x79\x4e\x75\x16\xd8\xd0\x1b\x7a\xef\xdf\x57\x1d\x82\xd3\x38\x01\
\x80\x15\xed\xec\xf9\x00\xb0\x95\xef\x6e\xad\x7d\x61\x75\x08\x4e\
\xe3\x04\x00\x56\xd6\x5a\x7b\x41\x92\x0f\x25\xb9\xa7\x3a\x0b\x6c\
\xe8\x03\x49\xbe\xb0\xf7\xee\x4f\x4f\x9f\x29\x27\x00\xb0\xb2\x8b\
\xdf\x4c\xff\x60\x75\x0e\xd8\xd8\x83\x49\xbe\xbd\x3a\x04\xd7\xe7\
\x04\x00\x36\xe0\xf9\x00\x4c\xe2\xd1\x24\x2f\xf4\x70\xa1\xf3\xe4\
\x04\x00\xb6\xf1\xce\x24\x3f\x55\x1d\x02\x36\xf6\x40\x92\x6f\xab\
\x0e\xc1\xf5\x28\x00\xb0\x81\x8b\xdf\x49\x7f\x6f\x75\x0e\x18\xe0\
\xe1\xd6\xda\x33\xaa\x43\x70\x75\x0a\x00\x6c\xe7\xfb\x73\xf3\x09\
\x6b\x70\x64\xcf\x4b\xf2\x15\xd5\x21\xb8\x3a\x05\x00\x36\xe2\xf9\
\x00\x4c\xe4\xa1\xea\x00\x5c\x9d\x02\x00\xdb\xf2\x97\x01\x99\x81\
\x13\x80\x33\xa4\x00\xc0\x86\x7a\xef\xef\x4f\xf2\x9e\xea\x1c\xb0\
\xb1\xdf\xd5\x5a\xfb\x6d\xd5\x21\xb8\x1a\x05\x00\xb6\xe7\x14\x80\
\x19\xbc\xb8\x3a\x00\x57\xa3\x00\xc0\xf6\xde\x96\xe4\xe7\xab\x43\
\xc0\xc6\x7e\x77\x75\x00\xae\x46\x01\x80\x8d\x79\x3e\x00\x93\xf8\
\xad\xd5\x01\xb8\x1a\x05\x00\xc6\xf8\xbe\x24\x9f\xac\x0e\x01\x1b\
\xfa\x8d\xd5\x01\xb8\x1a\x05\x00\x06\xf0\x7c\x00\x26\x70\x5f\x75\
\x00\xae\x46\x01\x80\x71\xde\x5c\x1d\x00\xe0\x57\x29\x00\x30\x8e\
\xe7\x03\x00\xbb\xa1\x00\xc0\x20\x9e\x0f\x00\xec\x89\x02\x00\x63\
\x7d\x7f\x3c\x1f\x00\xd8\x01\x05\x00\x06\xf2\x7c\x00\x60\x2f\x14\
\x00\x18\xcf\x5f\x06\x04\xca\x29\x00\x30\x98\xe7\x03\x00\x7b\x70\
\x4f\x75\x00\x98\xd4\xdf\x4a\xf2\xdc\xea\x10\x1c\xca\x03\xf1\xd7\
\xf8\xb8\x02\x05\x00\x0a\xf4\xde\xdf\x96\x9b\xcf\x08\x80\x55\xb4\
\xd6\xfe\x74\x92\xbf\x51\x9d\x83\xf3\x61\x02\x00\x80\x09\x29\x00\
\x00\x30\x21\x05\x00\x00\x26\xa4\x00\x00\xc0\x84\x14\x00\x00\x98\
\x90\x02\x00\x00\x13\x52\x00\x00\x60\x42\x0a\x00\x00\x4c\x48\x01\
\x00\x80\x09\x29\x00\x00\x30\x21\x05\x00\x00\x26\xa4\x00\x00\xc0\
\x84\x14\x00\x00\x98\x90\x02\x00\x00\x13\x52\x00\x00\x60\x42\x0a\
\x00\x00\x4c\x48\x01\x00\x80\x09\x29\x00\x00\x30\x21\x05\x00\x00\
\x26\xa4\x00\x00\xc0\x84\x14\x00\x00\x98\x90\x02\x00\x00\x13\x52\
\x00\x00\x60\x42\x0a\x00\x00\x4c\x48\x01\x00\x80\x09\x29\x00\x00\
\x30\x21\x05\x00\x00\x26\xa4\x00\x00\xc0\x84\x14\x00\x00\x98\x90\
\x02\x00\x00\x13\x52\x00\x00\x60\x42\x0a\x00\x00\x4c\x48\x01\x00\
\x80\x09\x29\x00\x00\x30\x21\x05\x00\x00\x26\xa4\x00\x00\xc0\x84\
\x14\x00\x00\x98\x90\x02\x00\x00\x13\x52\x00\x00\x60\x42\x0a\x00\
\x00\x4c\x48\x01\x00\x80\x09\x29\x00\x00\x30\xa1\xd6\x7b\x3f\xed\
\x02\xad\x9d\x76\x81\x13\xf5\xde\x5b\xe5\xeb\x1f\x4d\x6b\xed\xfe\
\x24\xbf\x37\xc9\xe7\x26\x79\x61\x92\x5f\x9f\xe4\x37\x27\xf1\xff\
\x19\xf6\xed\xf3\x92\xfc\x81\xc2\xd7\xff\xf1\x24\xef\x2d\x7c\xfd\
\x3d\x79\x34\xc9\x63\x49\x3e\x96\xe4\x83\x49\x3e\xd0\x7b\xff\xb9\
\xda\x48\x4f\xa7\x00\x90\xd6\xda\xcb\x92\x3c\x94\xe4\x6b\x93\x7c\
\x7e\x92\x67\xd4\x26\x02\x38\x9c\x8f\x24\xf9\x37\x49\xfe\x75\x92\
\x7f\xd7\x7b\x7f\xa2\x38\x8f\x02\x30\xab\xd6\xda\x3d\x49\x5e\x9b\
\xe4\x4f\x25\xf9\xa2\xe2\x38\x00\x33\xf9\xb9\x24\x8f\x24\xf9\xde\
\xde\xfb\x47\xab\x42\x28\x00\x13\x6a\xad\x3d\x94\xe4\x3b\x73\xf3\
\x98\x1f\x80\x1a\x8f\x27\xf9\x6b\x49\xbe\xab\xf7\xfe\xcb\xa3\x5f\
\x5c\x01\x98\x48\x6b\xed\xb9\x49\xde\x92\xe4\x6b\xaa\xb3\x00\xf0\
\x6b\x3e\x9c\xe4\xf5\xbd\xf7\x77\x8d\x7c\x51\xbf\x02\x98\x44\x6b\
\xed\xab\x92\xbc\x2f\xde\xfc\x01\xf6\xe6\x77\x24\x79\x67\x6b\xed\
\x2f\xb6\xd6\x86\xbd\x2f\x3b\x01\x98\x40\x6b\xed\x0d\x49\xfe\x4e\
\x92\x7b\xaa\xb3\x00\x70\x47\xff\x3c\xc9\xeb\x7a\xef\x9f\xd8\xfa\
\x85\x14\x80\x83\x6b\xad\x7d\x47\x92\xbf\x59\x9d\x03\x80\x4b\x7b\
\x47\x92\xaf\xeb\xbd\x7f\x7c\xcb\x17\x31\x01\x1c\x58\x6b\xed\x5b\
\xe3\xcd\x1f\xe0\xdc\xbc\x2a\xc9\x3f\xd9\x7a\x0e\x50\x00\x0e\xaa\
\xb5\xb6\x24\xf9\x9e\xea\x1c\x00\x5c\xcb\x37\x26\xf9\xcb\x5b\xbe\
\x80\x09\xe0\x80\x5a\x6b\xcf\xce\xcd\x2f\xfc\xbd\xa0\x3a\x0b\x00\
\xd7\xd6\x93\xbc\xba\xf7\xfe\x6f\xb7\xb8\xb8\x13\x80\x63\xfa\xbb\
\xf1\xe6\x0f\x70\xee\x5a\x92\x47\x2e\x3e\xd4\xad\x4e\x01\x38\x98\
\xd6\xda\x2b\x73\xf3\x2f\xfc\x01\x70\xfe\x9e\x9f\xe4\xcf\x6f\x71\
\x61\x13\xc0\xc1\xb4\xd6\xde\x93\xe4\x4b\xaa\x73\x00\xb0\x9a\x4f\
\x24\x79\x49\xef\xfd\x43\x6b\x5e\xd4\x09\xc0\x81\xb4\xd6\xbe\x3a\
\xde\xfc\x01\x8e\xe6\xde\x24\x6f\x5a\xfb\xa2\x0a\xc0\xb1\x3c\x5c\
\x1d\x00\x80\x4d\xbc\xb6\xb5\xf6\x9b\xd6\xbc\xa0\x02\x70\x10\xad\
\xb5\xe7\x24\x79\x75\x75\x0e\x00\x36\x71\x7f\x92\x3f\xb2\xe6\x05\
\x15\x80\xe3\x78\x75\xfc\xa9\x5f\x80\x23\xfb\xfa\x35\x2f\xa6\x00\
\x1c\xc7\x1f\xac\x0e\x00\xc0\xa6\x96\xd6\xda\x7d\x6b\x5d\x4c\x01\
\x38\x80\xd6\x5a\x4b\xf2\xca\xea\x1c\x00\x6c\xea\x33\x92\xfc\xfe\
\xb5\x2e\xa6\x00\x1c\xc3\x83\x49\x3e\xb3\x3a\x04\x00\x9b\x7b\xc9\
\x5a\x17\x52\x00\x8e\x61\xa9\x0e\x00\xc0\x10\x2f\x5a\xeb\x42\x0a\
\xc0\x31\x7c\x79\x75\x00\x00\x86\x78\xfe\x5a\x17\x52\x00\xce\xdc\
\xc5\xfe\xaf\x00\x00\xcc\xe1\x37\xac\x75\x21\x05\xe0\xfc\xd9\xff\
\x01\xe6\xf1\xac\xb5\x2e\xa4\x00\x9c\xbf\xa5\x3a\x00\x00\xc3\x3c\
\xbe\xd6\x85\x14\x80\xf3\xe7\xf8\x1f\x60\x1e\xff\x7b\xad\x0b\x29\
\x00\x67\xcc\xfe\x0f\x30\x9d\xff\xb5\xd6\x85\x14\x80\xf3\x66\xff\
\x07\x98\xcb\xfb\xd7\xba\x90\x02\x70\xde\x96\xea\x00\x00\x0c\xf5\
\x63\x6b\x5d\x48\x01\x38\x6f\x8e\xff\x01\xe6\xf1\x58\x92\x9f\x5e\
\xeb\x62\x0a\xc0\x99\xb2\xff\x03\x4c\xe7\xdd\xbd\xf7\x4f\xae\x75\
\x31\x8f\x8f\x3d\x5f\x7b\xd8\xff\xff\x6b\x92\xef\x2a\xce\x00\x30\
\xc2\x1f\x4e\xf2\x95\xc5\x19\xde\xb5\xe6\xc5\x14\x80\xf3\xb5\x54\
\x07\x48\xf2\xaf\x7a\xef\x8f\x54\x87\x00\xd8\x5a\x6b\xed\x75\xd5\
\x19\x92\xdc\x58\xf3\x62\x26\x80\xf3\xb5\x87\xe3\xff\x55\xdb\x28\
\xc0\x1e\xb5\xd6\x3e\x23\xc9\xef\x2b\x8e\xf1\x58\x92\xff\xbc\xe6\
\x05\x15\x80\x33\xb4\x93\xfd\xff\x57\x92\xbc\xbb\x38\x03\xc0\x08\
\x5f\x92\xe4\xbe\xe2\x0c\xef\xee\xbd\x3f\xb1\xe6\x05\x15\x80\xf3\
\xb4\x87\xfd\xff\x7d\xbd\xf7\x5f\x28\xce\x00\x30\x42\xf5\x07\xae\
\x64\x83\x13\x57\x05\xe0\x3c\x2d\xd5\x01\xb2\xf2\x16\x05\xb0\x63\
\x4b\x75\x80\x6c\x70\xcf\x55\x00\xce\xd3\x21\xdb\x28\xc0\xde\x1c\
\x75\xff\x4f\x14\x80\xb3\x63\xff\x07\x18\xea\x90\xfb\x7f\xa2\x00\
\x9c\x23\xfb\x3f\xc0\x38\xd5\x1f\xb8\x92\x8d\x4e\x5c\x15\x80\xf3\
\xb3\x54\x07\x88\xfd\x1f\x98\xc7\x52\x1d\x20\x1b\xdd\x73\x15\x80\
\xf3\x73\xd8\x36\x0a\xb0\x27\x47\xde\xff\x13\x05\xe0\xac\xd8\xff\
\x01\x86\x3a\xec\xfe\x9f\x28\x00\xe7\xc6\xfe\x0f\x30\x4e\xf5\x07\
\xae\x64\xc3\x13\x57\x05\xe0\xbc\x2c\xd5\x01\x62\xff\x07\xe6\xb1\
\x54\x07\xc8\x86\xf7\x5c\x05\xe0\xbc\x1c\xba\x8d\x02\xec\xc5\xd1\
\xf7\xff\x44\x01\x38\x1b\xf6\x7f\x80\xa1\x0e\xbd\xff\x27\x0a\xc0\
\x39\xb1\xff\x03\x8c\x53\xfd\x81\x2b\xd9\xf8\xc4\x55\x01\x38\x1f\
\x4b\x75\x80\xd8\xff\x81\x79\x2c\xd5\x01\xb2\xf1\x3d\x57\x01\x38\
\x1f\x87\x6f\xa3\x00\x7b\x30\xc3\xfe\x9f\x28\x00\x67\xc1\xfe\x0f\
\x30\xd4\xe1\xf7\xff\x44\x01\x38\x17\xf6\x7f\x80\x71\xaa\x3f\x70\
\x25\x03\x4e\x5c\x15\x80\xf3\xb0\x54\x07\x88\xfd\x1f\x98\xc7\x52\
\x1d\x20\x03\xee\xb9\x0a\xc0\x79\x98\xa2\x8d\x02\x54\x9b\x65\xff\
\x4f\x14\x80\xdd\xb3\xff\x03\x0c\x35\xc5\xfe\x9f\x28\x00\xe7\xc0\
\xfe\x0f\x30\x4e\xf5\x07\xae\x64\xd0\x89\xab\x02\xb0\x7f\x4b\x75\
\x80\xd8\xff\x81\x79\x2c\xd5\x01\x32\xe8\x9e\xab\x00\xec\xdf\x34\
\x6d\x14\xa0\xd2\x4c\xfb\x7f\xa2\x00\xec\x9a\xfd\x1f\x60\xa8\x69\
\xf6\xff\x44\x01\xd8\x3b\xfb\x3f\xc0\x38\xd5\x1f\xb8\x92\x81\x27\
\xae\x0a\xc0\xbe\x2d\xd5\x01\x62\xff\x07\xe6\xb1\x54\x07\xc8\xc0\
\x7b\xae\x02\xb0\x6f\x53\xb5\x51\x80\x2a\xb3\xed\xff\x89\x02\xb0\
\x5b\xf6\x7f\x80\xa1\xa6\xda\xff\x13\x05\x60\xcf\xec\xff\x00\xe3\
\x54\x7f\xe0\x4a\x06\x9f\xb8\x2a\x00\xfb\xb5\x54\x07\x88\xfd\x1f\
\x98\xc7\x52\x1d\x20\x83\xef\xb9\x0a\xc0\x7e\x4d\xd7\x46\x01\x2a\
\xcc\xb8\xff\x27\x0a\xc0\x2e\xd9\xff\x01\x86\x9a\x6e\xff\x4f\x14\
\x80\xbd\xb2\xff\x03\x8c\x53\xfd\x81\x2b\x29\x38\x71\x55\x00\xf6\
\x69\xa9\x0e\x10\xfb\x3f\x30\x8f\xa5\x3a\x40\x0a\xee\xb9\x0a\xc0\
\x3e\x4d\xd9\x46\x01\x46\x9b\x75\xff\x4f\x14\x80\xdd\xb1\xff\x03\
\x0c\x35\xe5\xfe\x9f\x28\x00\x7b\x64\xff\x07\x18\xa7\xfa\x03\x57\
\x52\x74\xe2\xaa\x00\xec\xcf\x52\x1d\x20\xf6\x7f\x60\x1e\x4b\x75\
\x80\x14\xdd\x73\x15\x80\xfd\x99\xb6\x8d\x02\x8c\x34\xf3\xfe\x9f\
\x28\x00\xbb\x62\xff\x07\x18\x6a\xda\xfd\x3f\x51\x00\xf6\xc6\xfe\
\x0f\x30\x4e\xf5\x07\xae\xa4\xf0\xc4\x55\x01\xd8\x97\xa5\x3a\x40\
\xec\xff\xc0\x3c\x96\xea\x00\x29\xbc\xe7\x2a\x00\xfb\x32\x75\x1b\
\x05\x18\x65\xf6\xfd\x3f\x51\x00\x76\xc3\xfe\x0f\x30\xd4\xd4\xfb\
\x7f\xa2\x00\xec\x89\xfd\x1f\x60\x9c\xea\x0f\x5c\x49\xf1\x89\xab\
\x02\xb0\x1f\x4b\x75\x80\xd8\xff\x81\x79\x2c\xd5\x01\x52\x7c\xcf\
\x55\x00\xf6\x63\xfa\x36\x0a\x30\x82\xfd\xff\x26\x05\x60\x07\xec\
\xff\x00\x43\x4d\xbf\xff\x27\x0a\xc0\x5e\xd8\xff\x01\xc6\xa9\xfe\
\xc0\x95\xec\xe0\xc4\x55\x01\xd8\x87\xa5\x3a\x40\xec\xff\xc0\x3c\
\x96\xea\x00\xd9\xc1\x3d\x57\x01\xd8\x07\x6d\x14\x60\x00\xfb\xff\
\x93\x14\x80\x62\xf6\x7f\x80\xa1\xec\xff\x17\x14\x80\x7a\xf6\x7f\
\x80\x71\xaa\x3f\x70\x25\x3b\x39\x71\x55\x00\xea\x2d\xd5\x01\xb2\
\x83\x2d\x0a\x60\x90\xa5\x3a\x40\x76\x72\xcf\x55\x00\xea\x69\xa3\
\x00\x03\xd8\xff\x3f\x9d\x02\x50\xc8\xfe\x0f\x30\x94\xfd\xff\x53\
\x28\x00\xb5\xec\xff\x00\xe3\x54\x7f\xe0\x4a\x76\x74\xe2\xaa\x00\
\xd4\x5a\xaa\x03\x64\x27\x5b\x14\xc0\x00\x4b\x75\x80\xec\xe8\x9e\
\xab\x00\xd4\xd2\x46\x01\x06\xb0\xff\x3f\x9d\x02\x50\xc4\xfe\x0f\
\x30\x94\xfd\xff\x29\x14\x80\x3a\xf6\x7f\x80\x71\xaa\x3f\x70\x25\
\x3b\x3b\x71\x55\x00\xea\x2c\xd5\x01\xb2\xa3\x2d\x0a\x60\x63\x4b\
\x75\x80\xec\xec\x9e\xab\x00\xd4\xd1\x46\x01\x06\xb0\xff\xdf\x9a\
\x02\x50\xc0\xfe\x0f\x30\x94\xfd\xff\x16\x14\x80\x1a\xf6\x7f\x80\
\x71\xaa\x3f\x70\x25\x3b\x3c\x71\x55\x00\x6a\x2c\xd5\x01\xb2\xb3\
\x2d\x0a\x60\x43\x4b\x75\x80\xec\xf0\x9e\xab\x00\xd4\xd0\x46\x01\
\x06\xb0\xff\xdf\x9e\x02\x30\xd8\xc5\xfe\xff\xf2\xe2\x18\xf6\x7f\
\x60\x16\xf6\xff\xdb\x50\x00\xc6\x7b\x30\xc9\x67\x15\x67\xb0\xff\
\x03\xb3\x70\xe2\x7a\x1b\x0a\xc0\x78\x4b\x75\x80\xec\x70\x8b\x02\
\xd8\xc8\x52\x1d\x20\x3b\xbd\xe7\x2a\x00\xe3\x69\xa3\x00\x03\xd8\
\xff\xef\x4c\x01\x18\xc8\xfe\x0f\x30\x94\xfd\xff\x0e\x14\x80\xb1\
\xec\xff\x00\xe3\x38\x71\xbd\x03\x05\x60\xac\xa5\x3a\x40\x76\xba\
\x45\x01\x6c\x60\xa9\x0e\x90\x1d\xdf\x73\x15\x80\xb1\xb4\x51\x80\
\x01\xec\xff\x77\xa7\x00\x0c\x62\xff\x07\x18\xca\xfe\x7f\x17\x0a\
\xc0\x38\xf6\x7f\x80\x71\x9c\xb8\xde\x85\x02\x30\xce\x52\x1d\x20\
\x3b\xde\xa2\x00\x56\xb6\x54\x07\xc8\xce\xef\xb9\x0a\xc0\x38\xda\
\x28\xc0\x00\xf6\xff\xcb\x51\x00\x06\xb0\xff\x03\x0c\x65\xff\xbf\
\x04\x05\x60\x0c\xfb\x3f\xc0\x38\x4e\x5c\x2f\x41\x01\x18\x63\xa9\
\x0e\x90\x9d\x6f\x51\x00\x2b\x5a\xaa\x03\xe4\x0c\xee\xb9\x0a\xc0\
\x18\xda\x28\xc0\x00\xf6\xff\xcb\x53\x00\x36\x66\xff\x07\x18\xca\
\xfe\x7f\x49\x0a\xc0\xf6\xec\xff\x00\xe3\x38\x71\xbd\x24\x05\x60\
\x7b\x4b\x75\x80\x9c\xc1\x16\x05\xb0\x92\xa5\x3a\x40\xce\xe4\x9e\
\xab\x00\x6c\x4f\x1b\x05\x18\xc0\xfe\x7f\x35\x0a\xc0\x86\xec\xff\
\x00\x43\xd9\xff\xaf\x40\x01\xd8\x96\xfd\x1f\x60\x1c\x27\xae\x57\
\xa0\x00\x6c\x6b\xa9\x0e\x90\x33\xd9\xa2\x00\x56\xb0\x54\x07\xc8\
\x19\xdd\x73\x15\x80\x6d\x69\xa3\x00\x03\xd8\xff\xaf\x4e\x01\xd8\
\x88\xfd\x1f\x60\x28\xfb\xff\x15\x29\x00\xdb\xb1\xff\x03\x8c\xe3\
\xc4\xf5\x8a\x14\x80\xed\x2c\xd5\x01\x72\x46\x5b\x14\xc0\x89\x96\
\xea\x00\x39\xb3\x7b\xae\x02\xb0\x1d\x6d\x14\x60\x00\xfb\xff\xf5\
\x28\x00\x1b\xb0\xff\x03\x0c\x65\xff\xbf\x06\x05\x60\x1b\xf6\x7f\
\x80\x71\x9c\xb8\x5e\x83\x02\xb0\x8d\xa5\x3a\x40\xce\x6c\x8b\x02\
\x38\xc1\x52\x1d\x20\x67\x78\xcf\x55\x00\xb6\xa1\x8d\x02\x0c\x60\
\xff\xbf\x3e\x05\x60\x65\xf6\x7f\x80\xa1\xec\xff\xd7\xa4\x00\xac\
\xcf\xfe\x0f\x30\x8e\x13\xd7\x6b\x52\x00\xd6\xb7\x54\x07\xc8\x19\
\x6e\x51\x00\xd7\xb4\x54\x07\xc8\x99\xde\x73\x15\x80\xf5\x69\xa3\
\x00\x03\xd8\xff\x4f\xa3\x00\xac\xc8\xfe\x0f\x30\x94\xfd\xff\x04\
\x0a\xc0\xba\xec\xff\x00\xe3\x38\x71\x3d\x81\x02\xb0\xae\xa5\x3a\
\x40\xce\x74\x8b\x02\xb8\x86\xa5\x3a\x40\xce\xf8\x9e\xab\x00\xac\
\x4b\x1b\x05\x18\xc0\xfe\x7f\x3a\x05\x60\x25\xf6\x7f\x80\xa1\xec\
\xff\x27\x52\x00\xd6\x63\xff\x07\x18\xc7\x89\xeb\x89\x14\x80\xf5\
\x2c\xd5\x01\x72\xc6\x5b\x14\xc0\x15\x2d\xd5\x01\x72\xe6\xf7\x5c\
\x05\x60\x3d\xda\x28\xc0\x00\xf6\xff\x75\x28\x00\x2b\xb0\xff\x03\
\x0c\x65\xff\x5f\x81\x02\xb0\x0e\xfb\x3f\xc0\x38\x4e\x5c\x57\xa0\
\x00\xac\x63\xa9\x0e\x90\x33\xdf\xa2\x00\xae\x60\xa9\x0e\x90\x03\
\xdc\x73\x15\x80\x75\x68\xa3\x00\x03\xd8\xff\xd7\xa3\x00\x9c\xc8\
\xfe\x0f\x30\x94\xfd\x7f\x25\x0a\xc0\xe9\xec\xff\x00\xe3\x38\x71\
\x5d\x89\x02\x70\xba\xa5\x3a\x40\x0e\xb0\x45\x01\x5c\xd2\x52\x1d\
\x20\x07\xb9\xe7\x2a\x00\xa7\xd3\x46\x01\x06\xb0\xff\xaf\x4b\x01\
\x38\x81\xfd\x1f\x60\x28\xfb\xff\x8a\x14\x80\xd3\xd8\xff\x01\xc6\
\x71\xe2\xba\x22\x05\xe0\x34\x4b\x75\x80\x1c\x64\x8b\x02\xb8\x84\
\xa5\x3a\x40\x0e\x74\xcf\x55\x00\x4e\xa3\x8d\x02\x0c\x60\xff\x5f\
\x9f\x02\x70\x4d\xf6\x7f\x80\xa1\xec\xff\x2b\x53\x00\xae\xcf\xfe\
\x0f\x30\x8e\x13\xd7\x95\x29\x00\xd7\xb7\x54\x07\xc8\x81\xb6\x28\
\x80\xbb\x58\xaa\x03\xe4\x60\xf7\x5c\x05\xe0\xfa\xb4\x51\x80\x01\
\xec\xff\xdb\x50\x00\xae\xc1\xfe\x0f\x30\x94\xfd\x7f\x03\x0a\xc0\
\xf5\xd8\xff\x01\xc6\x71\xe2\xba\x01\x05\xe0\x7a\x96\xea\x00\x39\
\xd8\x16\x05\x70\x07\x4b\x75\x80\x1c\xf0\x9e\xab\x00\x5c\x8f\x36\
\x0a\x30\x80\xfd\x7f\x3b\x0a\xc0\x15\xd9\xff\x01\x86\xb2\xff\x6f\
\x44\x01\xb8\x3a\xfb\x3f\xc0\x38\x4e\x5c\x37\xa2\x00\x5c\xdd\x52\
\x1d\x20\x07\xdc\xa2\x00\x6e\x63\xa9\x0e\x90\x83\xde\x73\x15\x80\
\xab\xd3\x46\x01\x06\xb0\xff\x6f\x4b\x01\xb8\x02\xfb\x3f\xc0\x50\
\xf6\xff\x0d\x29\x00\x57\x63\xff\x07\x18\xc7\x89\xeb\x86\x14\x80\
\xab\x59\xaa\x03\xe4\xa0\x5b\x14\xc0\x2d\x2c\xd5\x01\x72\xe0\x7b\
\xae\x02\x70\x35\xda\x28\xc0\x00\xf6\xff\xed\x29\x00\x97\x64\xff\
\x07\x18\xca\xfe\xbf\x31\x05\xe0\xf2\xec\xff\x00\xe3\x38\x71\xdd\
\x98\x02\x70\x79\x4b\x75\x80\x1c\x78\x8b\x02\x78\x8a\xa5\x3a\x40\
\x0e\x7e\xcf\x55\x00\x2e\x4f\x1b\x05\x18\xc0\xfe\x3f\x86\x02\x70\
\x09\xf6\x7f\x80\xa1\xec\xff\x03\x28\x00\x97\x63\xff\x07\x18\xc7\
\x89\xeb\x00\x0a\xc0\xe5\x2c\xd5\x01\x72\xf0\x2d\x0a\xe0\x53\x2c\
\xd5\x01\x32\xc1\x3d\x57\x01\xb8\x1c\x6d\x14\x60\x00\xfb\xff\x38\
\x0a\xc0\x5d\xd8\xff\x01\x86\xb2\xff\x0f\xa2\x00\xdc\x9d\xfd\x1f\
\x60\x1c\x27\xae\x83\x28\x00\x77\xb7\x54\x07\xc8\x04\x5b\x14\xc0\
\x85\xa5\x3a\x40\x26\xb9\xe7\x2a\x00\x77\xa7\x8d\x02\x0c\x60\xff\
\x1f\x4b\x01\xb8\x03\xfb\x3f\xc0\x50\xf6\xff\x81\x14\x80\x3b\xb3\
\xff\x03\x8c\xe3\xc4\x75\x20\x05\xe0\xce\x96\xea\x00\x99\x64\x8b\
\x02\x88\x7b\xee\x50\x0a\xc0\x9d\x69\xa3\x00\x03\xd8\xff\xc7\x53\
\x00\x6e\xc3\xfe\x0f\x30\x94\xfd\x7f\x30\x05\xe0\xf6\xec\xff\x00\
\xe3\x38\x71\x1d\x4c\x01\xb8\xbd\xa5\x3a\x40\x26\xda\xa2\x80\xe9\
\x2d\xd5\x01\x32\xd9\x3d\x57\x01\xb8\x3d\x6d\x14\x60\x00\xfb\x7f\
\x0d\x05\xe0\x16\xec\xff\x00\x43\xd9\xff\x0b\x28\x00\xb7\x66\xff\
\x07\x18\xc7\x89\x6b\x01\x05\xe0\xd6\x96\xea\x00\x99\x6c\x8b\x02\
\xa6\xb6\x54\x07\xc8\x84\xf7\x5c\x05\xe0\xd6\xb4\x51\x80\x01\xec\
\xff\x75\x14\x80\xa7\xb0\xff\x03\x0c\x65\xff\x2f\xa2\x00\x3c\x9d\
\xfd\x1f\x60\x1c\x27\xae\x45\x14\x80\xa7\x5b\xaa\x03\x64\xc2\x2d\
\x0a\x98\xd6\x52\x1d\x20\x93\xde\x73\x15\x80\xa7\xd3\x46\x01\x06\
\xb0\xff\xd7\x52\x00\x3e\x85\xfd\x1f\x60\x28\xfb\x7f\x21\x05\xe0\
\xd3\xd9\xff\x01\xc6\x71\xe2\x5a\x48\x01\xf8\x74\x4b\x75\x80\x4c\
\xba\x45\x01\x53\x5a\xaa\x03\x64\xe2\x7b\xae\x02\xf0\xe9\xb4\x51\
\x80\x01\xec\xff\xf5\x14\x80\x0b\xf6\x7f\x80\xa1\xec\xff\xc5\x14\
\x80\x27\xd9\xff\x01\xc6\x71\xe2\x5a\x4c\x01\x78\xd2\x52\x1d\x20\
\x13\x6f\x51\xc0\x74\x96\xea\x00\x99\xfc\x9e\xab\x00\x3c\x49\x1b\
\x05\x18\xc0\xfe\xbf\x0f\x0a\x40\xec\xff\x00\x83\xd9\xff\x77\x40\
\x01\xb8\xc9\xfe\x0f\x30\x8e\x13\xd7\x1d\x50\x00\x6e\x5a\xaa\x03\
\x64\xf2\x2d\x0a\x98\xca\x52\x1d\x20\xee\xb9\x0a\xc0\x05\x6d\x14\
\x60\x00\xfb\xff\x7e\x4c\x5f\x00\xec\xff\x00\x43\xd9\xff\x77\x62\
\xfa\x02\x10\xfb\x3f\xc0\x48\x4e\x5c\x77\x42\x01\xb0\x45\x01\x8c\
\xb4\x54\x07\x88\x7b\x6e\x12\x05\x20\xd1\x46\x01\x86\xb0\xff\xef\
\xcb\xd4\x05\xc0\xfe\x0f\x30\x94\xfd\x7f\x47\xa6\x2e\x00\xb1\xff\
\x03\x8c\xe4\xc4\x75\x47\x66\x2f\x00\x4b\x75\x80\xd8\xa2\x80\x79\
\x2c\xd5\x01\xe2\x9e\xfb\x6b\x66\x2f\x00\xda\x28\xc0\x00\xf6\xff\
\xfd\xb9\xa7\x3a\xc0\xa9\x5a\x6b\x6f\x3a\xe1\x3f\x7f\xe5\x6a\x41\
\xae\xef\x8b\x5b\x6b\x2f\xae\x0e\x01\xb0\xb1\xe7\xa7\x7e\xff\x7f\
\x8f\xfd\xff\x49\xad\xf7\x7e\xda\x05\x5a\x3b\xed\x02\x00\x30\xc6\
\x9f\xe9\xbd\xff\xd5\xea\x10\x7b\x31\xfb\x04\x00\xc0\x3c\x6e\x54\
\x07\xd8\x13\x27\x00\x00\xcc\xe0\xb1\x24\xbf\xc5\x04\xf0\x24\x27\
\x00\x00\xcc\xc0\xef\xff\x9f\x42\x01\x00\x60\x06\x7e\x71\xf5\x14\
\x0a\x00\x00\x33\xb8\x51\x1d\x60\x6f\x7c\x07\x00\x80\xa3\xb3\xff\
\xdf\x82\x13\x00\x00\x8e\xce\xfe\x7f\x0b\x0a\x00\x00\x47\x67\xff\
\xbf\x05\x05\x00\x80\xa3\xbb\x51\x1d\x60\x8f\x7c\x07\x00\x80\x23\
\xb3\xff\xdf\x86\x13\x00\x00\x8e\xcc\xfe\x7f\x1b\x0a\x00\x00\x47\
\x66\xff\xbf\x0d\x05\x00\x80\x23\xbb\x51\x1d\x60\xaf\x7c\x07\x00\
\x80\xa3\xb2\xff\xdf\x81\x13\x00\x00\x8e\xca\xfe\x7f\x07\x0a\x00\
\x00\x47\x65\xff\xbf\x03\x05\x00\x80\xa3\xba\x51\x1d\x60\xcf\x7c\
\x07\x00\x80\x23\xb2\xff\xdf\x85\x13\x00\x00\x8e\xc8\xfe\x7f\x17\
\x0a\x00\x00\x47\x64\xff\xbf\x0b\x05\x00\x80\x23\xba\x51\x1d\x60\
\xef\x7c\x07\x00\x80\xa3\xb1\xff\x5f\x82\x13\x00\x00\x8e\xc6\xfe\
\x7f\x09\x0a\x00\x00\x47\x63\xff\xbf\x04\x05\x00\x80\xa3\xb9\x51\
\x1d\xe0\x1c\xf8\x0e\x00\x00\x47\x62\xff\xbf\x24\x27\x00\x00\x1c\
\x89\xfd\xff\x92\x14\x00\x00\x8e\xc4\xfe\x7f\x49\x0a\x00\x00\x47\
\x72\xa3\x3a\xc0\xb9\xf0\x1d\x00\x00\x8e\xc2\xfe\x7f\x05\xf7\xac\
\x70\x8d\xef\x5c\xe1\x1a\x00\x70\xaa\x0f\x7b\xf3\xbf\xbc\x93\x4f\
\x00\x00\x80\xf3\xe3\x3b\x00\x00\x30\x21\x05\x00\x00\x26\xa4\x00\
\x00\xc0\x84\x14\x00\x00\x98\x90\x02\x00\x00\x13\x52\x00\x00\x60\
\x42\x0a\x00\x00\x4c\x48\x01\x00\x80\x09\x29\x00\x00\x30\x21\x05\
\x00\x00\x26\xa4\x00\x00\xc0\x84\x14\x00\x00\x98\x90\x02\x00\x00\
\x13\x52\x00\x00\x60\x42\x0a\x00\x00\x4c\x48\x01\x00\x80\x09\x29\
\x00\x00\x30\x21\x05\x00\x00\x26\xa4\x00\x00\xc0\x84\x14\x00\x00\
\x98\x90\x02\x00\x00\x13\x52\x00\x00\x60\x42\x0a\x00\x00\x4c\x48\
\x01\x00\x80\x09\x29\x00\x00\x30\x21\x05\x00\x00\x26\xa4\x00\x00\
\xc0\x84\x14\x00\x00\x98\x90\x02\x00\x00\x13\x52\x00\x00\x60\x42\
\x0a\x00\x00\x4c\x48\x01\x00\x80\x09\x29\x00\x00\x30\x21\x05\x00\
\x00\x26\xa4\x00\x00\xc0\x84\x14\x00\x00\x98\x90\x02\x00\x00\x13\
\x52\x00\x00\x60\x42\x0a\x00\x00\x4c\x48\x01\x00\x80\x09\x29\x00\
\x00\x30\x21\x05\x00\x00\x26\xa4\x00\x00\xc0\x84\xfe\x3f\x71\x5d\
\x66\xa8\xb6\x2d\x2c\x60\x00\x00\x00\x00\x49\x45\x4e\x44\xae\x42\
\x60\x82\
\x00\x00\x3f\x52\
\x89\
\x50\x4e\x47\x0d\x0a\x1a\x0a\x00\x00\x00\x0d\x49\x48\x44\x52\x00\
\x00\x02\x00\x00\x00\x02\x00\x08\x06\x00\x00\x00\xf4\x78\xd4\xfa\
\x00\x00\x00\x09\x70\x48\x59\x73\x00\x00\x0e\xc3\x00\x00\x0e\xc3\
\x01\xc7\x6f\xa8\x64\x00\x00\x00\x19\x74\x45\x58\x74\x53\x6f\x66\
\x74\x77\x61\x72\x65\x00\x77\x77\x77\x2e\x69\x6e\x6b\x73\x63\x61\
\x70\x65\x2e\x6f\x72\x67\x9b\xee\x3c\x1a\x00\x00\x20\x00\x49\x44\
\x41\x54\x78\x9c\xed\xdd\x77\xdc\x1e\x65\x95\xff\xf1\xcf\x49\x20\
\x04\x12\x4a\xe8\x9d\x04\x43\x13\x41\x8a\x80\x12\x7a\x47\xc5\x86\
\x20\x2c\xa8\x74\x44\x14\xd9\x9f\xee\xea\xda\x10\x5c\x57\x74\x71\
\x57\x11\x91\x22\xa0\x14\x01\x83\x2c\xc5\x82\x48\xaf\xd2\x94\x0e\
\x52\x92\x00\xd2\x6b\x48\x42\x20\x09\x39\xbf\x3f\xae\x09\x3c\xc4\
\x3c\x79\xca\x3d\x73\x9f\x6b\x66\xbe\xef\xd7\xeb\x7e\x05\x59\x98\
\xf9\x66\xc9\x33\x73\xee\x73\x35\x73\x77\x44\x44\x44\xa4\x5d\x86\
\x44\x07\x10\x11\x11\x91\xee\x53\x01\x20\x22\x22\xd2\x42\x2a\x00\
\x44\x44\x44\x5a\x48\x05\x80\x88\x88\x48\x0b\xa9\x00\x10\x11\x11\
\x69\x21\x15\x00\x22\x22\x22\x2d\xa4\x02\x40\x44\x44\xa4\x85\x54\
\x00\x88\x88\x88\xb4\x90\x0a\x00\x11\x11\x91\x16\x52\x01\x20\x22\
\x22\xd2\x42\x2a\x00\x44\x44\x44\x5a\x48\x05\x80\x88\x88\x48\x0b\
\xa9\x00\x10\x11\x11\x69\x21\x15\x00\x22\x22\x22\x2d\xa4\x02\x40\
\x44\x44\xa4\x85\x16\x88\x0e\x20\x32\x50\x66\x36\x1c\x58\x1e\x58\
\x06\x58\x1a\x58\x6a\x1e\x9f\x65\x80\xc5\x8b\x7f\x65\x04\x30\xac\
\xf8\xeb\x51\xc5\xaf\xc3\x8a\xbf\x0f\x30\x0d\x98\x51\xfc\xf5\xcb\
\xc5\xaf\x33\x8a\xbf\x0f\x30\x19\x78\x1e\x78\xb1\xc7\xe7\x85\x1e\
\x7f\xfd\x3c\xf0\x8c\xbb\xbf\x5e\xd6\xef\x51\x44\xa4\x6a\xe6\xee\
\xd1\x19\x44\xde\xc1\xcc\x16\x04\x56\x01\x56\x04\x56\x00\x56\x9f\
\xeb\x33\x9a\x3c\xbb\x57\x2f\x03\x13\xe6\xfa\x3c\x0d\x3c\x05\x3c\
\xe0\xee\xaf\x05\x66\x13\x11\x79\x07\x15\x00\x12\xca\xcc\x56\x04\
\xde\x0d\xac\x0b\x6c\x5c\x7c\xd6\x02\x86\x46\xe6\xaa\xc8\xd3\xc0\
\x1d\xc5\xe7\x3e\xe0\x7e\x52\x61\x30\x3b\x34\x95\x88\xb4\x92\x0a\
\x00\xe9\x0a\x33\x1b\x42\x7a\xd1\x6f\x0e\x6c\x08\xac\x57\x7c\x16\
\x8b\xcc\x95\x81\xc9\xc0\xbd\xc0\xdd\xc0\xdf\x80\x9b\x81\xfb\x55\
\x14\x88\x48\xd5\x54\x00\x48\x25\xcc\x6c\x11\x60\x23\xd2\x37\xfa\
\x71\xc0\x76\xa4\xb1\x79\xe9\xdb\x14\xe0\x16\xe0\x46\x52\xb7\xe0\
\x3a\x77\x9f\x1c\x1b\x49\x44\x9a\x46\x05\x80\x94\xc2\xcc\x46\x00\
\xdb\x02\xdb\xf3\xf6\xb7\xfc\x05\x43\x43\x35\xc7\x4c\xe0\xaf\xc0\
\x4d\xc0\x95\xc0\xd5\x9a\x4f\x20\x22\x9d\x52\x01\x20\x83\x66\x66\
\xab\x03\x3b\x00\xbb\x15\xbf\x0e\x8f\x4d\xd4\x1a\xb3\x48\x1d\x82\
\x4b\x81\x2b\xdc\xfd\x8e\xe0\x3c\x22\x52\x43\x2a\x00\xa4\xdf\x8a\
\x6f\xf9\xdb\x03\xbb\x02\xbb\x90\x66\xe3\x4b\xbc\x89\xc0\x65\xc0\
\x1f\x81\xab\xdc\x7d\x5a\x1f\xff\xbc\x88\x88\x0a\x00\x99\xbf\x62\
\xcd\xfd\x8e\xc0\x1e\xc0\xc7\x81\x91\xb1\x89\xa4\x0f\xaf\x03\x57\
\x00\xe3\x81\x0b\xdd\x7d\x6a\x70\x1e\x11\xc9\x94\x0a\x00\xf9\x27\
\x66\xb6\x10\xb0\x13\xe9\xa5\xff\x31\x60\xd1\xd8\x44\x32\x48\xd3\
\x49\x73\x06\xc6\x03\x17\x68\xde\x80\x88\xf4\xa4\x02\x40\x00\x30\
\xb3\xa1\xc0\xce\xc0\x5e\xc0\x47\xd1\xf2\xbc\xa6\x99\x0c\x5c\x0c\
\x9c\x0b\x5c\xae\x65\x86\x22\xa2\x02\xa0\xe5\x8a\x8d\x78\x3e\x0d\
\x7c\x0e\x8d\xe9\xb7\xc5\x53\xc0\x59\xc0\x49\xee\x3e\x29\x38\x8b\
\x88\x04\x51\x01\xd0\x42\xc5\xb7\xfd\x6d\x81\x43\x48\xe3\xfa\x3a\
\x13\xa2\x9d\x66\x03\x57\x01\xa7\x00\x17\xb9\xfb\xcc\xe0\x3c\x22\
\xd2\x45\x2a\x00\x5a\xc4\xcc\xc6\x00\x07\x01\xfb\x93\xf6\xd8\x17\
\x99\xe3\x29\xe0\x0c\xe0\x17\xea\x0a\x88\xb4\x83\x0a\x80\x16\x30\
\xb3\x8d\x81\x2f\x01\x7b\xa3\x6f\xfb\x32\x7f\xb3\x81\x3f\x00\xdf\
\x77\xf7\x9b\xa2\xc3\x88\x48\x75\x54\x00\x34\x54\xb1\xf7\xfe\x87\
\x80\x23\x48\x9b\xf4\x88\x0c\xd4\x1d\xc0\xf1\xc0\x39\xee\xfe\x66\
\x74\x18\x11\x29\x97\x0a\x80\x86\x29\x96\xf0\x7d\x0a\xf8\x1a\xb0\
\x4e\x70\x1c\x69\x86\x47\x81\x9f\x02\xa7\x6a\x29\xa1\x48\x73\xa8\
\x00\x68\x08\x33\x5b\x8c\xd4\xe6\x3f\x02\x58\x3a\x38\x8e\x34\xd3\
\xf3\xc0\x4f\x80\xe3\xdd\x7d\x4a\x74\x18\x11\xe9\x8c\x0a\x80\x9a\
\x2b\xb6\xe7\x3d\x08\xf8\x0f\x60\xb9\xe0\x38\xd2\x0e\x2f\x02\x27\
\x00\x3f\x52\x21\x20\x52\x5f\x2a\x00\x6a\xca\xcc\x86\x01\xfb\x01\
\xdf\x41\x33\xfa\x25\xc6\xf3\xc0\x8f\x48\x1d\x81\xe9\xd1\x61\x44\
\x64\x60\x54\x00\xd4\x8c\x99\x2d\x48\x5a\xc6\xf7\x6d\x60\xa5\xe0\
\x38\x22\x00\xff\x00\x8e\x23\x6d\x2c\xf4\x46\x74\x18\x11\xe9\x1f\
\x15\x00\x35\x61\x66\x46\xda\xa6\xf7\xfb\xc0\x6a\xc1\x71\x44\xe6\
\x65\x22\x69\xf2\xe9\x78\xd7\x83\x45\x24\x7b\x2a\x00\x6a\xc0\xcc\
\x36\x02\x7e\x0c\x6c\x19\x9d\x45\xa4\x1f\x6e\x05\xbe\xe4\xee\x7f\
\x89\x0e\x22\x22\xbd\x1b\x12\x1d\x40\x7a\x67\x66\x2b\x98\xd9\xc9\
\xa4\x07\xaa\x5e\xfe\x52\x17\x9b\x02\x37\x99\xd9\x99\x66\xb6\x7c\
\x74\x18\x11\x99\x37\x75\x00\x32\x54\x4c\xf0\x3b\x0c\x38\x06\x9d\
\xca\x27\xf5\x36\x8d\x34\x3f\xe0\x58\x77\x7f\x3d\x3a\x8c\x88\xbc\
\x4d\x05\x40\x66\xcc\x6c\x37\x52\xbb\x7f\xf5\xe8\x2c\x22\x25\x7a\
\x04\x38\xc2\xdd\xff\x18\x1d\x44\x44\x12\x15\x00\x99\x30\xb3\x65\
\x49\xdf\x94\x3e\x1d\x9d\x45\xa4\x42\xe3\x81\xc3\xdd\xfd\xf9\xe8\
\x20\x22\x6d\xa7\x39\x00\x19\x30\xb3\x3d\x80\xfb\xd0\xcb\x5f\x9a\
\x6f\x0f\xe0\xef\x66\x76\x48\xb1\xb2\x45\x44\x82\xa8\x03\x10\xa8\
\x38\x9e\xf7\x24\x60\xa7\xe8\x2c\x22\x01\x2e\x03\x0e\xd3\xf1\xc3\
\x22\x31\xd4\x01\x08\x60\x66\x43\xcc\xec\x10\xe0\x6e\xf4\xf2\x97\
\xf6\xda\x05\xb8\xcf\xcc\xbe\x6a\x66\x43\xa3\xc3\x88\xb4\x8d\x3a\
\x00\x5d\x66\x66\xab\x03\x67\x03\x1f\x88\xce\x22\x92\x91\x1b\x81\
\x4f\xbb\xfb\xc4\xe8\x20\x22\x6d\xa1\x0e\x40\x17\x15\x63\xfd\x77\
\xa0\x97\xbf\xc8\xdc\xc6\x01\x77\x16\x9d\x31\x11\xe9\x02\x75\x00\
\xba\xc0\xcc\x46\x91\xc6\xfa\xf7\x8c\xce\xd2\x30\xaf\x03\x93\x80\
\x27\x48\x07\xd3\xbc\xd8\xe3\xf3\x42\xf1\x79\x19\x98\x0a\xcc\x04\
\x1c\x78\xa5\xf8\x77\x67\xb8\xfb\x34\x78\xeb\x44\xc5\x61\xc5\xdf\
\x1f\x55\xfc\xba\x20\x30\x12\x58\x92\x74\xbc\xf2\x52\x73\x7d\x96\
\x01\x56\x01\x46\x03\xc3\xab\xf9\xed\xb5\xd6\xb9\xa4\xb9\x01\x93\
\xa3\x83\x88\x34\x99\x0a\x80\x8a\x99\xd9\x36\xc0\x99\xa4\x97\x85\
\x0c\xdc\x64\xd2\x5c\x89\x07\x49\x2f\xfb\x49\xa4\x3d\xe7\x27\xb9\
\xfb\xd3\x71\xb1\xde\x66\x66\x2b\x00\x63\x48\xc5\xc0\x9c\x5f\xd7\
\x06\xd6\x03\x16\x0f\x0b\x56\x6f\x8f\x91\x86\x04\xae\x8f\x0e\x22\
\xd2\x54\x2a\x00\x2a\x52\x9c\xda\x77\x0c\xf0\xef\x68\xa8\xa5\x3f\
\xde\x04\x1e\x02\xee\x01\xee\x2a\x7e\xbd\xdb\xdd\x1f\x0b\x4d\xd5\
\x21\x33\x1b\x4d\x2a\x04\xd6\x03\xde\x5b\xfc\xba\x26\xa0\x49\x6f\
\x7d\x7b\x13\x38\x16\x38\xda\xdd\x67\x46\x87\x11\x69\x1a\x15\x00\
\x15\x30\xb3\x15\x81\x0b\xd0\x58\xff\xfc\x4c\x03\xee\x04\x6e\x20\
\x4d\x00\xbb\xd1\xdd\x5f\x8a\x8d\xd4\x1d\x66\x36\x12\xd8\x80\x34\
\xee\xbd\x45\xf1\x59\x22\x34\x54\xde\x6e\x04\xf6\x74\xf7\xa7\xa2\
\x83\x88\x34\x89\x0a\x80\x92\x99\xd9\x56\xc0\x6f\x80\xe5\xa2\xb3\
\x64\x66\x2a\x70\x25\x70\x15\xe9\x81\x7e\x97\xbb\xcf\x8a\x8d\x94\
\x07\x33\x5b\x80\xb7\x0b\x82\xed\x81\xed\x80\x11\xa1\xa1\xf2\xf3\
\x34\xb0\x87\xbb\xdf\x18\x1d\x44\xa4\x29\x54\x00\x94\xa8\x98\xc1\
\x7c\x02\x69\x02\x99\xc0\x04\xe0\x0a\xe0\x77\xc0\xe5\xee\xfe\x46\
\x70\x9e\x5a\x28\x0a\x82\xf7\x03\x1f\x06\x76\x00\x36\x02\xb4\x6b\
\x1e\xcc\x02\xbe\xe9\xee\x3f\x88\x0e\x22\xd2\x04\x2a\x00\x4a\x50\
\xcc\x22\x3f\x15\xd8\x3b\x3a\x4b\xb0\x59\xa4\x6f\xf9\x17\x02\x97\
\xb9\xfb\xe3\xc1\x79\x1a\xc1\xcc\x56\x23\x6d\x9a\xb3\x3b\xa9\x3b\
\xd0\xf6\xf9\x03\x67\x03\x87\xba\xfb\x6b\xd1\x41\x44\xea\x4c\x05\
\x40\x87\xcc\x6c\x2c\xe9\x85\xb7\x5e\x74\x96\x20\xb3\x81\x9b\x49\
\x87\xbc\x9c\xe7\xee\xcf\x06\xe7\x69\x34\x33\x5b\x92\xd4\x19\xd8\
\x83\x54\x14\x2c\x10\x9b\x28\xcc\x5d\xc0\xee\xee\xfe\x68\x74\x10\
\x91\xba\x52\x01\xd0\x01\x33\xdb\x9e\x34\xd9\xaf\x8d\x13\xb8\x6e\
\x00\xce\x03\x2e\xd0\x4b\x3f\x86\x99\x2d\x0f\x7c\x12\xd8\x8b\x34\
\x7f\xa0\x6d\x5e\x26\x15\x01\x57\x47\x07\x11\xa9\x23\x15\x00\x83\
\x64\x66\xfb\x01\x27\xf3\xf6\x06\x32\x6d\xf0\x0a\x69\x82\xe3\x09\
\xee\x7e\x4f\x74\x18\x79\x9b\x99\xad\x05\xec\x0f\x1c\x40\xda\xa4\
\xa8\x2d\x66\x00\x07\xbb\xfb\x99\xd1\x41\x44\xea\x46\x05\xc0\x00\
\x15\x47\x98\x1e\x05\x7c\x9b\xf6\x4c\xcc\xba\x03\x38\x05\x38\xcb\
\xdd\xa7\x47\x87\x91\xde\x99\xd9\x30\xe0\xa3\xc0\x21\xa4\x15\x05\
\x6d\xf8\x33\xea\xa4\x3d\x37\x8e\x76\x3d\xd0\x44\xfa\x4d\x05\xc0\
\x00\x14\x0f\xd7\xd3\x80\x7d\xa3\xb3\x74\xc1\x14\xe0\x17\xc0\x89\
\xee\xfe\x48\x74\x18\x19\xb8\x62\x7e\xca\xe1\xc0\x81\xc0\xa2\xc1\
\x71\xba\xe1\x57\xc0\x21\xee\x3e\x23\x3a\x88\x48\x1d\xa8\x00\xe8\
\xa7\x62\x3f\xff\x0b\x81\x6d\x82\xa3\x54\xed\x19\xd2\xd0\xc6\xf1\
\x6d\xd9\x98\xa7\xe9\xcc\x6c\x31\xd2\xf0\xc0\x97\x69\xfe\x96\xd4\
\x57\x91\xe6\x05\xbc\xd2\xe7\x3f\x29\xd2\x72\x2a\x00\xfa\xc1\xcc\
\xc6\x00\x7f\x20\xed\xef\xde\x54\x77\x01\x3f\x02\xce\xd7\x37\xa8\
\x66\x2a\x3a\x58\x7b\x03\xff\x0f\x58\x3f\x38\x4e\x95\xee\x07\x3e\
\x58\xf7\x6d\xa4\x45\xaa\xa6\x02\xa0\x0f\x66\xb6\x36\x69\x33\x9b\
\x95\xa2\xb3\x54\xe4\x56\xe0\x28\x77\xbf\x2c\x3a\x88\x74\x47\x31\
\x8f\x65\x57\xe0\x68\xe0\x7d\xc1\x71\xaa\xf2\x04\xb0\x83\xbb\x3f\
\x14\x1d\x44\x24\x57\x2a\x00\xe6\xc3\xcc\xd6\x05\xfe\x0c\xac\x10\
\x9d\xa5\x02\xf7\x92\x26\x4e\x5d\xa0\x89\x53\xed\x65\x66\x3b\x00\
\x3f\x20\xed\x36\xd8\x34\xcf\x02\x3b\xbb\xfb\x5d\xd1\x41\x44\x72\
\xa4\x02\xa0\x17\x66\xb6\x31\xf0\x27\xd2\xd9\xef\x4d\xf2\x00\xe9\
\x84\xb5\xb3\xdd\x7d\x76\x74\x18\x89\x57\x74\x04\x3e\x0c\x7c\x97\
\x74\x62\x61\x93\xbc\x4c\x1a\x0e\xf8\x4b\x74\x10\x91\xdc\xa8\x00\
\x98\x87\xe2\x40\x9f\xdf\xd1\xac\x99\xd3\x4f\x00\xdf\x00\xce\xd1\
\x8b\x5f\xe6\xc5\xcc\x86\x92\x56\xb8\x7c\x8f\x66\x0d\x79\xbd\x0a\
\x7c\xd8\xdd\xaf\x8f\x0e\x22\x92\x13\x15\x00\x73\x31\xb3\x6d\x81\
\x4b\x80\x91\xd1\x59\x4a\x32\x1d\x38\x1e\xf8\x9e\xbb\x4f\x89\x0e\
\x23\xf9\x33\xb3\x45\x80\x2f\x02\xdf\xa4\x39\x3f\x07\xaf\x01\x1f\
\x77\xf7\xcb\xa3\x83\x88\xe4\x42\x05\x40\x0f\x66\xb6\x1b\x69\x4f\
\xfb\x85\xa2\xb3\x94\xc0\x49\x5b\xf5\x7e\xd5\xdd\x9f\x88\x0e\x23\
\xf5\x53\x1c\x42\xf4\x43\x60\xcf\xe8\x2c\x25\x79\x83\x74\xa4\xf0\
\xa5\xd1\x41\x44\x72\xa0\x02\xa0\x60\x66\x3b\x91\xbe\xf9\x37\xe1\
\xe5\x7f\x3b\x70\xa4\xce\x4e\x97\x32\x98\xd9\x96\xc0\x8f\x69\xc6\
\x44\xc1\x37\x80\xdd\xdc\xfd\xcf\xd1\x41\x44\xa2\x0d\x89\x0e\x90\
\x03\x33\xdb\x9c\xb4\xc9\x4f\xdd\x5f\xfe\xaf\x01\x5f\x03\xde\xaf\
\x97\xbf\x94\xa5\x18\x3b\xdf\x04\x38\x14\x98\x1a\x1c\xa7\x53\x0b\
\x01\x17\x99\xd9\xd6\xd1\x41\x44\xa2\xb5\xbe\x03\x60\x66\x9b\x92\
\xd6\xf9\xd7\x7d\xc2\xdf\x65\xc0\xe7\xb4\xf9\x89\x54\xa9\xd8\x14\
\xeb\x24\x60\xa7\xe8\x2c\x1d\x7a\x95\xb4\x4f\xc0\x6d\xd1\x41\x44\
\xa2\xb4\xba\x03\x60\x66\xeb\x01\x7f\xa4\xde\x2f\xff\x97\x49\xdf\
\xcc\xb4\xf3\x99\x54\xce\xdd\x27\xba\xfb\xce\xa4\x79\x01\x2f\x44\
\xe7\xe9\xc0\x62\xc0\xe5\x66\xb6\x61\x74\x10\x91\x28\xad\xed\x00\
\x14\x3b\xfc\x5d\x0b\x2c\x1b\x9d\xa5\x03\xe7\x01\x47\xb8\xfb\xf3\
\xd1\x41\xa4\x7d\xcc\x6c\x59\xe0\x04\x60\x8f\xe8\x2c\x1d\x78\x06\
\xd8\x5a\x3b\x06\x4a\x1b\xb5\xb2\x00\x28\xda\x98\xd7\x53\xdf\xb5\
\xce\x93\x81\xc3\xdd\xfd\x9c\xe8\x20\x22\x66\xf6\x19\xe0\xa7\xa4\
\x6f\xd5\x75\xf4\x04\xb0\xa5\x3a\x68\xd2\x36\xad\x2b\x00\xcc\x6c\
\x71\xe0\x06\xe0\x3d\xd1\x59\x06\xe9\x16\x60\x5f\x1d\xd1\x2b\x39\
\x29\x96\x0c\x9e\x05\x6c\x19\x9d\x65\x90\x1e\x00\xc6\xb9\xfb\xcb\
\xd1\x41\x44\xba\xa5\x55\x73\x00\xcc\x6c\x41\xe0\xb7\xd4\xf3\xe5\
\x3f\x8b\xb4\x67\xfb\x96\x7a\xf9\x4b\x6e\x8a\x6f\xcf\xdb\x91\x56\
\xa1\xcc\x0c\x8e\x33\x18\xeb\x00\xff\x67\x66\x75\x5f\x09\x24\xd2\
\x6f\xad\xe9\x00\x14\xfb\x9d\x9f\x49\xda\xea\xb4\x6e\x26\x02\x7b\
\xbb\xfb\x2d\xd1\x41\x44\xfa\x52\x2c\xab\xfd\x35\xb0\x5a\x74\x96\
\x41\xf8\x25\x70\x80\x0e\xc8\x92\x36\x68\x53\x07\xe0\x68\xea\xf9\
\xf2\xbf\x9a\xb4\xae\x5f\x2f\x7f\xa9\x05\x77\xbf\x09\xd8\x18\xa8\
\xe3\xb6\xbb\xfb\x01\xdf\x8a\x0e\x21\xd2\x0d\xad\x28\x00\xcc\x6c\
\x6f\xd2\xbe\xe6\x75\xe2\xa4\x96\xff\x8e\xee\xfe\x5c\x74\x18\x91\
\x81\x70\xf7\x17\x81\x0f\x92\x0a\xef\xba\x1d\x3e\xf5\x9d\x62\x62\
\xa3\x48\xa3\x35\x7e\x08\xa0\xd8\xf1\xeb\x4f\xd4\x6b\x97\xbf\x29\
\xc0\xfe\xee\xfe\xdb\xe8\x20\x22\x9d\x2a\xce\xd8\x38\x13\x58\x22\
\x3a\xcb\x00\xcc\x04\x76\x75\xf7\x2b\xa3\x83\x88\x54\xa5\xd1\x05\
\x80\x99\x8d\x05\x6e\xa3\x5e\x0f\x9e\xfb\x80\x4f\x68\x5d\xb2\x34\
\x49\xb1\xef\xc6\x85\xa4\xc9\x76\x75\xf1\x12\xf0\x3e\x77\x9f\x18\
\x1d\x44\xa4\x0a\x8d\x1d\x02\x30\xb3\x85\x81\xdf\x50\xaf\x97\xff\
\x15\xa4\xa5\x48\x7a\xf9\x4b\xa3\xb8\xfb\x83\xc0\xa6\xc0\x1f\xa2\
\xb3\x0c\xc0\x92\xa4\x73\x03\x16\x89\x0e\x22\x52\x85\xc6\x16\x00\
\xa4\xfd\xca\xeb\xb4\xcd\xe7\xe9\xa4\xed\x7c\x27\x47\x07\x11\xa9\
\x82\xbb\x4f\x05\x3e\x4a\xfa\xd9\xac\x8b\xf5\x81\x53\xa2\x43\x88\
\x54\xa1\x91\x05\x80\x99\xfd\x2b\x50\x97\x49\x3c\x0e\x1c\xed\xee\
\x07\xba\x7b\x1d\xd7\x4f\x8b\xf4\x9b\xbb\xcf\x72\xf7\xc3\x80\x23\
\xa9\xcf\xe4\xc0\x7d\xcc\xec\xf0\xe8\x10\x22\x65\x6b\xdc\x1c\x80\
\x62\x0d\xf2\xd5\xc0\xb0\xe8\x2c\xfd\xf0\x06\x69\xcd\xf1\xaf\xa3\
\x83\x88\x74\x9b\x99\x7d\x92\xb4\x7b\xe0\xf0\xe8\x2c\xfd\x30\x13\
\xd8\xbe\x38\x1a\x59\xa4\x11\x1a\x55\x00\x98\xd9\x4a\xc0\x1d\xc0\
\x72\xd1\x59\xfa\xe1\x15\x60\x37\x77\xbf\x21\x3a\x88\x48\x14\x33\
\xdb\x0a\xb8\x04\x58\x3c\x3a\x4b\x3f\x3c\x05\x6c\xec\xee\xcf\x44\
\x07\x11\x29\x43\x63\x86\x00\x8a\x6d\x7e\xc7\x53\x8f\x97\xff\x0b\
\xa4\x6f\x13\x7a\xf9\x4b\xab\xb9\xfb\x75\xc0\x0e\xc0\x8b\xd1\x59\
\xfa\x61\x45\xe0\x7c\x33\x5b\x20\x3a\x88\x48\x19\x1a\x53\x00\x00\
\xc7\x00\x1f\x88\x0e\xd1\x0f\xcf\x02\xdb\xb9\xfb\x5f\xa3\x83\x88\
\xe4\xc0\xdd\x6f\x27\x1d\x22\xf4\x54\x74\x96\x7e\xd8\x0a\xed\x14\
\x28\x0d\xd1\x88\x21\x00\x33\xdb\x92\x34\xee\x3f\x34\x3a\x4b\x1f\
\x1e\x07\x76\x70\xf7\x87\xa3\x83\x88\xe4\xa6\x38\xa6\xfb\x4a\x60\
\x4c\x74\x96\x3e\xcc\x26\x15\xf1\xd7\x46\x07\x11\xe9\x44\xed\x0b\
\x00\x33\x5b\x02\xb8\x93\xfc\x0f\x1e\x99\x48\x7a\xf9\x4f\x88\x0e\
\x22\x92\x2b\x33\x5b\x95\xb4\x1f\xc6\x1a\xd1\x59\xfa\xf0\x04\xf0\
\x5e\x1d\x1f\x2c\x75\xd6\x84\x21\x80\x93\xc9\xff\xe5\xff\x08\xb0\
\x85\x5e\xfe\x22\xf3\xe7\xee\x8f\x03\xdb\x00\x8f\x06\x47\xe9\xcb\
\x2a\xc0\x4f\xa3\x43\x88\x74\xa2\xd6\x05\x80\x99\xed\x07\xec\x19\
\x9d\xa3\x0f\xff\x20\x1d\xe8\x53\x87\xf1\x4d\x91\x70\xc5\xcf\xca\
\xb6\xc0\xa4\xe0\x28\x7d\xd9\xc7\xcc\xf6\x89\x0e\x21\x32\x58\xb5\
\x1d\x02\x28\xc6\x0b\xef\x04\x16\x8b\xce\x32\x1f\xcf\x01\x5b\x17\
\xdb\xa0\x8a\xc8\x00\x14\x67\x79\x5c\x07\xac\x10\x9d\x65\x3e\x26\
\x03\x1b\xb8\xfb\xa4\xe8\x20\x22\x03\x55\xcb\x0e\x80\x99\x0d\x05\
\xce\x21\xef\x97\xff\x0b\xa4\x89\x42\x7a\xf9\x8b\x0c\x82\xbb\x3f\
\x02\xec\x4c\xde\x4b\x04\x17\x07\xce\x36\xb3\x5a\x3e\x4b\xa5\xdd\
\xea\xfa\x87\xf6\x4b\xe4\xbd\xe4\x6f\x32\xe9\x28\xd1\xfb\xa2\x83\
\x88\xd4\x99\xbb\xdf\x43\xda\x27\x20\xe7\xc9\x76\xe3\x80\x2f\x44\
\x87\x10\x19\xa8\xda\x0d\x01\x14\xad\xff\x7b\x80\x11\xd1\x59\x7a\
\xf1\x3a\x69\xcc\x5f\x9b\xfc\x88\x94\xc4\xcc\xb6\x06\xfe\x04\x2c\
\x14\x9d\xa5\x17\x53\x81\xf7\xb8\xfb\x63\xd1\x41\x44\xfa\xab\x8e\
\x1d\x80\x93\xc8\xf7\xe5\xef\xc0\xc1\x7a\xf9\x8b\x94\xab\x58\x73\
\xff\x59\xd2\xcf\x58\x8e\x46\x52\xaf\x53\x0e\x45\xea\x55\x00\x14\
\xb3\xfe\x77\x8a\xce\x31\x1f\x5f\x77\xf7\xb3\xa3\x43\x88\x34\x91\
\xbb\x9f\x0f\x1c\x15\x9d\x63\x3e\x76\xd1\xaa\x00\xa9\x93\xda\x0c\
\x01\x98\xd9\xd2\xc0\xfd\xc0\x32\xd1\x59\x7a\x71\x9a\xbb\x1f\x14\
\x1d\x42\xa4\xe9\xcc\xec\xe7\xc0\xe7\xa2\x73\xf4\xe2\x45\xe0\xdd\
\xee\xfe\x5c\x74\x10\x91\xbe\xd4\xa9\x03\x70\x02\xf9\xbe\xfc\xaf\
\x06\x3e\x1f\x1d\x42\xa4\x25\x8e\x00\xfe\x1c\x1d\xa2\x17\x4b\x01\
\x3f\x8a\x0e\x21\xd2\x1f\xb5\xe8\x00\x98\xd9\x87\x81\x4b\xa3\x73\
\xf4\xe2\x3e\x60\x73\x77\x7f\x35\x3a\x88\x48\x5b\x98\xd9\xe2\xc0\
\xcd\xc0\x3a\xd1\x59\x7a\xb1\xab\xbb\x5f\x16\x1d\x42\x64\x7e\xb2\
\x2f\x00\xcc\x6c\x18\xe9\x25\x3b\x36\x3a\xcb\x3c\x4c\x01\x36\x73\
\xf7\x07\xa2\x83\x88\xb4\x8d\x99\xad\x09\xdc\x4a\x5a\x8b\x9f\x9b\
\x47\x81\x75\xdd\xfd\x8d\xe8\x20\x22\xbd\xa9\xc3\x10\xc0\x97\xc9\
\xf3\xe5\xef\xc0\x7e\x7a\xf9\x8b\xc4\x70\xf7\x87\xc8\x77\x65\xc0\
\xbb\x80\x2f\x46\x87\x10\x99\x9f\xac\x3b\x00\x66\xb6\x1c\xf0\x10\
\x79\xee\xf8\xf7\x5d\x77\xff\x76\x74\x08\x91\xb6\x33\xb3\xef\x03\
\x5f\x8b\xce\x31\x0f\x53\x80\x35\xdd\xfd\x99\xe8\x20\x22\xf3\x92\
\x7b\x07\xe0\x07\xe4\xf9\xf2\xbf\x02\x38\x3a\x3a\x84\x88\x00\xf0\
\x0d\x20\xc7\xf1\xf6\x45\x81\x63\xa2\x43\x88\xf4\x26\xdb\x0e\x80\
\x99\xbd\x0f\xb8\x85\xfc\x8a\x94\x89\xc0\xfb\xdc\xfd\xa5\xe8\x20\
\x22\x92\x14\xcb\x84\x6f\x27\xbf\xa3\xc1\xdf\x04\x36\x71\xf7\xbf\
\x45\x07\x11\x99\x5b\x6e\x2f\x57\x00\xcc\xcc\x80\xff\x21\xbf\x7c\
\xb3\x80\x7d\xf4\xf2\x17\xc9\x8b\xbb\xbf\x00\xec\x43\x7a\xe1\xe6\
\x64\x28\xf0\xd3\xe2\x99\x26\x92\x95\xdc\x5e\xb0\x73\xec\x0d\x6c\
\x19\x1d\x62\x1e\x8e\x71\xf7\x9b\xa3\x43\x88\xc8\x3f\x73\xf7\x1b\
\x81\xef\x45\xe7\x98\x87\x71\xc0\x27\xa3\x43\x88\xcc\x2d\xbb\x21\
\x80\x62\xd9\xdf\x43\xe4\xd7\xca\xbb\x11\xd8\xda\xdd\x73\xfb\x86\
\x21\x22\x05\x33\x5b\x00\xb8\x8e\xfc\x4e\x0b\x9d\x00\xac\xed\xee\
\x33\xa3\x83\x88\xcc\x91\x63\x07\xe0\x60\xf2\x7b\xf9\x4f\x06\xf6\
\xd5\xcb\x5f\x24\x6f\xee\x3e\x0b\xd8\x17\xc8\x6d\x63\xae\xd5\x81\
\xfd\xa3\x43\x88\xf4\x94\x55\x07\xc0\xcc\x86\x03\x0f\x03\x2b\x47\
\x67\x99\xcb\xbe\xee\x7e\x4e\x74\x08\x11\xe9\x9f\xe2\xe0\xb0\x33\
\xa2\x73\xcc\xe5\x09\x60\x0d\x6d\x0e\x24\xb9\xc8\xad\x03\xf0\x39\
\xf2\x7b\xf9\x9f\xa7\x97\xbf\x48\xbd\xb8\xfb\x2f\x81\xf1\xd1\x39\
\xe6\xb2\x0a\xa9\xc3\x29\x92\x85\x6c\x3a\x00\x66\x36\x82\xb4\x7d\
\xe6\x72\xd1\x59\x7a\xd0\xc9\x5e\x22\x35\x55\x2c\x0d\x7c\x00\x58\
\x3a\x3a\x4b\x0f\x4f\x03\x63\xdd\xfd\xb5\xe8\x20\x22\x39\x75\x00\
\xbe\x48\x5e\x2f\x7f\x80\x23\xf5\xf2\x17\xa9\xa7\x62\x69\xe0\xbf\
\x45\xe7\x98\xcb\x0a\xc0\x61\xd1\x21\x44\x20\x93\x0e\x80\x99\x8d\
\x24\xcd\x92\xcd\xe9\xb8\xdf\xcb\xdc\x7d\xd7\xe8\x10\x22\xd2\x19\
\x33\xfb\x13\xb0\x53\x74\x8e\x1e\x5e\x00\x56\x77\xf7\x29\xd1\x41\
\xa4\xdd\x72\xe9\x00\xfc\x2b\x79\xbd\xfc\xa7\xa2\x2a\x5d\xa4\x29\
\x0e\x03\x72\x6a\xb9\x2f\x0d\x7c\x21\x3a\x84\x48\x78\x01\x60\x66\
\x8b\x00\x47\x44\xe7\x98\xcb\x37\xdd\x7d\x52\x74\x08\x11\xe9\x9c\
\xbb\x4f\x00\x8e\x8a\xce\x31\x97\x23\xcd\x6c\xe1\xe8\x10\xd2\x6e\
\xe1\x05\x00\xe9\x38\xcf\x9c\x26\xe9\xdc\x0e\x9c\x10\x1d\x42\x44\
\x4a\xf5\xbf\x40\x4e\xfb\xf1\x2f\x0b\x7c\x3a\x3a\x84\xb4\x5b\xe8\
\x1c\x00\x33\x1b\x02\x3c\x08\xac\x11\x16\xe2\x9d\x9c\xb4\xdb\xdf\
\xf5\xd1\x41\x44\xa4\x5c\x66\x36\x0e\xb8\x1e\xc8\x65\x5f\xfe\x87\
\x80\x75\xdc\x7d\x76\x74\x10\x69\xa7\xe8\x0e\xc0\xc7\xc8\xe7\xe5\
\x0f\x70\xae\x5e\xfe\x22\xcd\x54\x9c\x15\x70\x41\x74\x8e\x1e\xd6\
\x04\x3e\x1c\x1d\x42\xda\x2b\xba\x03\x70\x23\xb0\x79\x58\x80\x77\
\x9a\x4e\xaa\xc6\x1f\x8b\x0e\x22\x22\xd5\x30\xb3\x55\x48\x5d\xc7\
\x45\xa2\xb3\x14\xae\x73\xf7\xad\xa3\x43\x48\x3b\x85\x75\x00\xcc\
\x6c\x13\xf2\x79\xf9\x03\xfc\x40\x2f\x7f\x91\x66\x73\xf7\x27\x48\
\x47\x8d\xe7\x62\x2b\x33\x7b\x7f\x74\x08\x69\xa7\xb0\x0e\x80\x99\
\x5d\x00\xec\x1e\x72\xf3\x7f\xf6\x0f\xd2\x49\x5d\xd3\xa2\x83\x88\
\x48\xb5\x8a\x95\x47\x0f\x00\xab\x46\x67\x29\x8c\x77\xf7\x3d\xa3\
\x43\x48\xfb\x84\x74\x00\xcc\x6c\x0c\x69\xfc\x3f\x17\x5f\xd7\xcb\
\x5f\xa4\x1d\x8a\x6d\x78\x73\x5a\x16\xf8\x09\x33\x1b\x1d\x1d\x42\
\xda\x27\x6a\x08\xe0\x60\x60\x68\xd0\xbd\xe7\x76\x3f\xa0\xc3\x7e\
\x44\xda\xe5\x2c\x52\x17\x20\x07\x43\x81\x03\xa3\x43\x48\xfb\x74\
\xbd\x00\x30\xb3\x05\x48\x6b\xff\x73\x71\x94\x96\xe1\x88\xb4\x8b\
\xbb\xbf\x09\x1c\x13\x9d\xa3\x87\x03\x8b\x67\xa3\x48\xd7\x44\x74\
\x00\x76\x03\x56\x0c\xb8\xef\xbc\xdc\x03\x5c\x18\x1d\x42\x44\x42\
\xfc\x06\xb8\x2b\x3a\x44\x61\x05\x40\x67\x8f\x48\x57\x45\x14\x00\
\x39\x9d\x87\xfd\x0d\x7d\xfb\x17\x69\xa7\xe2\x67\x3f\xa7\x2e\x40\
\x4e\xcf\x46\x69\x81\xae\xae\x02\x30\xb3\x95\x81\x49\xe4\x31\xfe\
\x7f\x3b\xb0\xa9\xe7\x70\x1c\xa2\x88\x84\x30\x33\x03\x6e\x01\x36\
\x89\xce\x02\xbc\x09\x8c\x29\x96\x2a\x8a\x54\xae\xdb\x1d\x80\x83\
\xc8\xe3\xe5\x0f\xf0\x2d\xbd\xfc\x45\xda\xad\x78\x06\xe4\xd2\x05\
\x18\x0a\xec\x17\x1d\x42\xda\xa3\x6b\x1d\x80\x62\xdf\xff\x89\xe4\
\xb1\xf6\xf6\x6e\x60\x03\x15\x00\x22\x02\x60\x66\x77\x02\xef\x8d\
\xce\x01\x3c\x0e\xac\x5e\x4c\x52\x14\xa9\x54\x37\x3b\x00\x3b\x93\
\xc7\xcb\x1f\xe0\x38\xbd\xfc\x45\xa4\x87\x9f\x44\x07\x28\xac\x0a\
\x6c\x17\x1d\x42\xda\xa1\x9b\x05\xc0\xbf\x74\xf1\x5e\xf3\xf3\x24\
\x70\x7e\x74\x08\x11\xc9\xca\xd9\xa4\x1d\x41\x73\xb0\x77\x74\x00\
\x69\x87\xae\x14\x00\x66\x36\x9c\xb4\xfc\x2f\x07\x3f\x71\xf7\x19\
\xd1\x21\x44\x24\x1f\xee\x3e\x13\x38\x31\x3a\x47\xe1\xe3\x66\xb6\
\x50\x74\x08\x69\xbe\x6e\x75\x00\x76\x05\x16\xef\xd2\xbd\xe6\x67\
\x0a\x70\x6a\x74\x08\x11\xc9\xd2\x49\xc0\xd4\xe8\x10\xc0\x12\xc0\
\x8e\xd1\x21\xa4\xf9\xba\x55\x00\xe4\x72\xd0\xc5\xa9\xee\xfe\x4a\
\x74\x08\x11\xc9\x8f\xbb\xbf\x0c\x9c\x16\x9d\xa3\x90\xcb\x33\x53\
\x1a\xac\xf2\x55\x00\xc5\xc9\x5b\xcf\x02\x23\x2b\xbd\x51\xdf\x1c\
\x58\xcb\xdd\x1f\x0e\xce\x21\x22\x99\x32\xb3\x77\x01\x0f\x03\x16\
\x1c\x65\x0a\xb0\x9c\xbb\x4f\x0f\xce\x21\x0d\xd6\x8d\x0e\xc0\x87\
\x88\x7f\xf9\x03\x5c\xa5\x97\xbf\x88\xcc\x8f\xbb\x3f\x0a\x5c\x1b\
\x9d\x03\x58\x94\xb4\x72\x4a\xa4\x32\xdd\x28\x00\x3e\xd5\x85\x7b\
\xf4\x87\xc6\xfe\x45\xa4\x3f\x72\x79\x56\xe4\xf2\xec\x94\x86\xaa\
\x74\x08\xc0\xcc\x46\x00\xcf\x01\x8b\x54\x76\x93\xfe\x79\x01\x58\
\xd9\xdd\xdf\x08\xce\x21\x22\x99\x2b\x56\x2d\x3d\x09\x2c\x19\x1c\
\x65\x2a\xb0\xac\x86\x01\xa4\x2a\x55\x77\x00\xb6\x27\xfe\xe5\x0f\
\xf0\x2b\xbd\xfc\x45\xa4\x3f\xdc\xfd\x75\xe0\xac\xe8\x1c\xa4\xa1\
\xd3\x6d\xa2\x43\x48\x73\x55\x5d\x00\xe4\x72\xbc\xe5\xe9\xd1\x01\
\x44\xa4\x56\x4e\x8e\x0e\x50\xc8\xe5\x19\x2a\x0d\x54\x75\x01\xb0\
\x4b\xc5\xd7\xef\x8f\x1b\xdc\xfd\xfe\xe8\x10\x22\x52\x1f\xee\xfe\
\x00\xf0\x97\xe8\x1c\xa8\x00\x90\x0a\x55\x56\x00\x98\xd9\x3a\xc0\
\xe8\xaa\xae\x3f\x00\xe7\x46\x07\x10\x91\x5a\xca\xe1\xd9\x31\xd6\
\xcc\xc6\x46\x87\x90\x66\xaa\xb2\x03\x90\x43\xe5\xfa\x26\xf0\xdb\
\xe8\x10\x22\x52\x4b\xbf\x21\x3d\x43\xa2\xe5\xf0\x2c\x95\x06\xaa\
\xb2\x00\xc8\xa1\xfd\x7f\x8d\xbb\x3f\x1b\x1d\x42\x44\xea\xc7\xdd\
\x9f\x01\x6e\x8c\xce\x41\x1e\xcf\x52\x69\xa0\x4a\x0a\x80\x62\xf9\
\xdf\x96\x55\x5c\x7b\x80\x74\xea\x9f\x88\x74\x22\x87\x67\xc8\xb6\
\x66\xb6\x70\x74\x08\x69\x9e\xaa\x3a\x00\xdb\x02\xc3\x2b\xba\x76\
\x7f\xcd\x02\x2e\x0a\xce\x20\x22\xf5\x36\x9e\xf4\x2c\x89\xb4\x30\
\xb0\x55\x70\x06\x69\xa0\xaa\x0a\x80\xed\x2a\xba\xee\x40\x5c\xe5\
\xee\xcf\x47\x87\x10\x91\xfa\x2a\x9e\x21\x39\x6c\x0d\xbc\x7d\x74\
\x00\x69\x9e\xaa\x0a\x80\x71\x15\x5d\x77\x20\x34\xf9\x4f\x44\xca\
\x90\xc3\xb3\x64\x8b\xe8\x00\xd2\x3c\xa5\x6f\x05\x5c\x9c\xfe\xf7\
\x0a\xb0\x60\xa9\x17\x1e\xb8\xd1\xee\xfe\x58\x70\x06\x11\xa9\x39\
\x33\x1b\x03\x4c\x08\x8e\x31\x03\x18\xe5\xee\xaf\x05\xe7\x90\x06\
\xa9\xa2\x03\xb0\x19\xf1\x2f\xff\xfb\xf4\xf2\x17\x91\x32\xb8\xfb\
\x44\xe0\xef\xc1\x31\x86\x01\x1b\x07\x67\x90\x86\xa9\xa2\x00\xc8\
\xa1\xfd\xff\xc7\xe8\x00\x22\xd2\x28\x39\x3c\x53\x72\x78\xb6\x4a\
\x83\xa8\x00\x10\x11\xe9\x5b\x0e\xcf\x94\x1c\x9e\xad\xd2\x20\xa5\
\xce\x01\x30\xb3\x21\xa4\xa3\x77\x47\x95\x76\xd1\x81\x9b\x06\x2c\
\xa5\xd3\xff\x44\xa4\x2c\x66\xb6\x10\xe9\xd9\x36\x32\x30\xc6\xcb\
\xc0\xd2\xee\x3e\x3b\x30\x83\x34\x48\xd9\x1d\x80\x75\x89\x7d\xf9\
\x03\x5c\xa1\x97\xbf\x88\x94\xa9\x78\xa6\x44\x2f\x07\x1c\x05\xac\
\x1d\x9c\x41\x1a\xa4\xec\x02\xe0\x03\x25\x5f\x6f\x30\xae\x8a\x0e\
\x20\x22\x8d\x74\x65\x74\x00\x60\xf3\xe8\x00\xd2\x1c\x65\x17\x00\
\x1b\x96\x7c\xbd\xc1\xb8\x21\x3a\x80\x88\x34\x52\x0e\xcf\x96\x0d\
\xa2\x03\x48\x73\x94\x5d\x00\xac\x5f\xf2\xf5\x06\x6a\x2a\x70\x77\
\x70\x06\x11\x69\xa6\xbf\x91\x9e\x31\x91\xd6\x0b\xbe\xbf\x34\x48\
\x69\x05\x80\x99\x19\xf0\x9e\xb2\xae\x37\x48\x7f\x71\xf7\xe8\x7d\
\xbb\x45\xa4\x81\x8a\x67\xcb\xed\xc1\x31\xd6\x2f\x9e\xb5\x22\x1d\
\x2b\xb3\x03\x30\x06\x58\xac\xc4\xeb\x0d\x46\x0e\x47\x77\x8a\x48\
\x73\x45\x0f\x03\x2c\x01\xac\x12\x9c\x41\x1a\xa2\xcc\x02\x20\xba\
\xfd\x0f\x2a\x00\x44\xa4\x5a\x39\x3c\x63\x34\x0c\x20\xa5\x68\x52\
\x01\xf0\x26\x70\x6b\x70\x06\x11\x69\xb6\x9b\x48\xcf\x9a\x48\xd1\
\xcf\x5a\x69\x88\x32\x0b\x80\xe8\xaa\xf4\xef\xee\x3e\x39\x38\x83\
\x88\x34\x98\xbb\xbf\x0a\x3c\x12\x1c\x23\xfa\x59\x2b\x0d\xd1\xa4\
\x0e\x80\x66\xff\x8b\x48\x37\x44\x3f\x6b\xa2\x9f\xb5\xd2\x10\xa5\
\x14\x00\x66\x36\x0c\x78\x57\x19\xd7\xea\xc0\x3d\xc1\xf7\x17\x91\
\x76\x88\x7e\xd6\xac\x69\x66\x0b\x04\x67\x90\x06\x28\xab\x03\xb0\
\x2a\x30\xb4\xa4\x6b\x0d\x56\x74\x55\x2e\x22\xed\x10\xfd\xac\x59\
\x10\x58\x29\x38\x83\x34\x40\x59\x05\xc0\xe8\x92\xae\xd3\x89\xe8\
\x1f\x4a\x11\x69\x87\xe8\x0e\x00\xa4\x65\xd7\x22\x1d\x29\xab\x00\
\x88\xfe\xc3\xf8\x0a\xf0\x44\x70\x06\x11\x69\x87\x89\xc0\xab\xc1\
\x19\x46\x07\xdf\x5f\x1a\xa0\x29\x1d\x80\xbb\xbd\xcc\x73\x8d\x45\
\x44\x7a\x51\x3c\x6b\xee\x0d\x8e\x11\xfd\xa5\x4b\x1a\xa0\x29\x05\
\xc0\xdf\x83\xef\x2f\x22\xed\xf2\x60\xf0\xfd\x55\x00\x48\xc7\x9a\
\x32\x04\x30\x29\xf8\xfe\x22\xd2\x2e\x93\x82\xef\x3f\x3a\xf8\xfe\
\xd2\x00\x4d\xe9\x00\x4c\x0c\xbe\xbf\x88\xb4\xcb\xa4\xe0\xfb\x47\
\x7f\xe9\x92\x06\xe8\xb8\x00\x30\xb3\xe1\xc0\xf2\x25\x64\xe9\xc4\
\xa4\xe0\xfb\x8b\x48\xbb\x44\x7f\xe9\x58\xd1\xcc\x16\x0a\xce\x20\
\x35\x57\x46\x07\x60\x45\x20\xfa\x78\xca\xe8\x1f\x46\x11\x69\x97\
\xe8\x67\xce\x10\xe2\xbf\x78\x49\xcd\x95\x51\x00\x2c\x55\xc2\x35\
\x3a\x31\x1d\x78\x36\x38\x83\x88\xb4\xcb\x53\xc0\xeb\xc1\x19\xa2\
\x9f\xbd\x52\x73\x65\x14\x00\x4b\x97\x70\x8d\x4e\x3c\xa6\x25\x80\
\x22\xd2\x4d\xc5\x33\x27\x7a\xef\x91\xe8\x67\xaf\xd4\x5c\x19\x05\
\xc0\x92\x25\x5c\xa3\x13\xd1\x3f\x84\x22\xd2\x4e\x8f\x07\xdf\x5f\
\x1d\x00\xe9\x48\x19\x05\xc0\x32\x25\x5c\xa3\x13\xcf\x07\xdf\x5f\
\x44\xda\xe9\x85\xe0\xfb\xab\x03\x20\x1d\x69\xc2\x1c\x80\xe8\x1f\
\x42\x11\x69\xa7\xe8\x67\x4f\xf4\xb3\x57\x6a\xae\x09\x05\xc0\x8b\
\xc1\xf7\x17\x91\x76\x52\x01\x20\xb5\xd6\x84\x49\x80\xd1\x3f\x84\
\x22\xd2\x4e\xd1\x5f\x3e\xa2\x9f\xbd\x52\x73\x4d\x98\x04\xf8\x52\
\xf0\xfd\x45\xa4\x9d\xa2\x0b\x00\x75\x00\xa4\x23\x65\x14\x00\x8b\
\x96\x70\x8d\x4e\x68\x12\xa0\x88\x44\x88\xee\x3e\x8e\x0c\xbe\xbf\
\xd4\x5c\x19\x05\xc0\xb0\x12\xae\xd1\x89\x97\x83\xef\x2f\x22\xed\
\x14\xdd\x7d\xd4\x56\xc0\xd2\x91\x32\x0a\x80\xe8\x3f\x84\xd3\x83\
\xef\x2f\x22\xed\x14\xfd\xec\x89\x7e\xf6\x4a\xcd\x35\xa1\x03\xf0\
\x46\xf0\xfd\x45\xa4\x9d\x66\x04\xdf\x3f\xfa\xd9\x2b\x35\xd7\x84\
\x0e\x40\xf4\x0f\xa1\x88\xb4\x53\xf4\x97\x8f\xe8\x67\xaf\xd4\x5c\
\x13\x3a\x00\x2a\x00\x44\x24\x82\x0a\x00\xa9\xb5\x26\x74\x00\xa2\
\x7f\x08\x45\xa4\x9d\xa2\xbf\x7c\x44\x7f\xf9\x92\x9a\x53\x07\x40\
\x44\x64\x70\xa2\xbf\x7c\x44\x7f\xf9\x92\x9a\x53\x01\x20\x22\x32\
\x38\x2a\x00\xa4\xd6\xca\x28\x00\x44\x44\xa4\xfb\x2c\x3a\x80\xd4\
\x5b\x19\x05\x40\xf4\x37\xf0\xe8\x0e\x84\x88\xb4\x53\xf4\x37\xf0\
\x99\xc1\xf7\x97\x9a\x53\x01\x20\x22\x32\x38\x2a\x00\xa4\xd6\xca\
\x28\x00\x34\x0e\x26\x22\x6d\x14\xfd\xe5\x43\x05\x80\x74\x44\x1d\
\x00\x11\x91\xc1\x89\xfe\xf2\xa1\x02\x40\x3a\xd2\x84\x0e\x80\x0a\
\x00\x11\x89\xa0\x02\x40\x6a\xad\x09\x05\x40\xf4\x0f\xa1\x88\xb4\
\x53\xf4\x97\x0f\x15\x00\xd2\x91\x26\x0c\x01\x2c\x1c\x7c\x7f\x11\
\x69\xa7\xe8\x67\xcf\xd4\xe0\xfb\x4b\xcd\x35\xa1\x00\x58\x32\xf8\
\xfe\x22\xd2\x4e\x4b\x05\xdf\x7f\x72\xf0\xfd\xa5\xe6\xca\x28\x00\
\xa6\x94\x70\x8d\x4e\x2c\x1d\x7c\x7f\x11\x69\xa7\xe8\x02\xe0\xd5\
\xe0\xfb\x4b\xcd\x95\x51\x00\xbc\x58\xc2\x35\x3a\xa1\x02\x40\x44\
\x22\x2c\x13\x7c\x7f\x75\x00\xa4\x23\x65\x14\x00\x2f\x94\x70\x8d\
\x4e\x44\x57\xe1\x22\xd2\x4e\xd1\xcf\x1e\x75\x00\xa4\x23\x4d\xe8\
\x00\x44\xff\x10\x8a\x48\x3b\x45\x3f\x7b\xd4\x01\x90\x8e\x34\xa1\
\x00\xd0\x10\x80\x88\x44\x50\x01\x20\xb5\xd6\x84\x21\x00\x15\x00\
\x22\x12\x21\xfa\xd9\xf3\x6c\xf0\xfd\xa5\xe6\x9a\xd0\x01\x58\x25\
\xf8\xfe\x22\xd2\x4e\xab\x06\xdf\xff\xa9\xe0\xfb\x4b\xcd\x35\xa1\
\x03\x30\xda\xcc\x74\x2e\xb6\x88\x74\x8d\x99\x0d\x21\xbe\x00\x78\
\x26\xf8\xfe\x52\x73\x4d\xe8\x00\x0c\x07\x96\x0f\xce\x20\x22\xed\
\xb2\x22\xf1\xdb\x90\xab\x00\x90\x8e\x94\x51\x00\x3c\x0d\x78\x09\
\xd7\xe9\xc4\xe8\xe0\xfb\x8b\x48\xbb\x8c\x0e\xbe\xff\x6c\xe0\xb9\
\xe0\x0c\x52\x73\x1d\x17\x00\xee\xfe\x3a\xf1\x95\xe8\x98\xe0\xfb\
\x8b\x48\xbb\x44\x3f\x73\x9e\x77\xf7\x59\xc1\x19\xa4\xe6\xca\xe8\
\x00\x00\x4c\x2c\xe9\x3a\x83\x35\x3a\xf8\xfe\x22\xd2\x2e\xa3\x83\
\xef\xff\x64\xf0\xfd\xa5\x01\x9a\x52\x00\x44\x57\xe3\x22\xd2\x2e\
\xd1\xcf\x9c\x09\xc1\xf7\x97\x06\x28\xab\x00\x98\x54\xd2\x75\x06\
\x6b\xed\xe0\xfb\x8b\x48\xbb\xac\x13\x7c\xff\x47\x83\xef\x2f\x0d\
\xd0\x94\x02\x60\x7d\x2d\x05\x14\x91\x6e\x28\x9e\x35\xeb\x06\xc7\
\x88\xee\xba\x4a\x03\x34\xa5\x00\x58\x0c\x58\x2d\x38\x83\x88\xb4\
\xc3\xea\xc0\xa2\xc1\x19\xd4\x01\x90\x8e\x35\x65\x0e\x00\xc0\xfa\
\xd1\x01\x44\xa4\x15\x72\x78\xd6\x68\x0e\x80\x74\xac\xac\x02\xe0\
\x71\xe0\xcd\x92\xae\x35\x58\xeb\x05\xdf\x5f\x44\xda\xe1\x3d\xc1\
\xf7\x9f\x45\x7a\xe6\x8a\x74\xa4\x94\x02\xc0\xdd\x67\x02\x0f\x97\
\x71\xad\x0e\xa8\x00\x10\x91\x6e\x78\x6f\xf0\xfd\x1f\xd6\x1e\x00\
\x52\x86\xb2\x3a\x00\x00\x77\x97\x78\xad\xc1\xc8\xa1\x2d\x27\x22\
\xcd\x17\xfd\x65\xe3\x9e\xe0\xfb\x4b\x43\x94\x59\x00\x44\xff\xa1\
\x5c\xcb\xcc\x16\x0f\xce\x20\x22\x0d\x66\x66\x4b\x00\x63\x83\x63\
\xdc\x1b\x7c\x7f\x69\x88\x26\x75\x00\x86\x00\xef\x0f\xce\x20\x22\
\xcd\xb6\x39\xe5\x3e\x37\x07\x23\xfa\xcb\x96\x34\x44\x93\x0a\x00\
\x80\x71\xd1\x01\x44\xa4\xd1\x72\x78\xc6\xa8\x03\x20\xa5\x28\xb3\
\x00\x78\x0c\x78\xa5\xc4\xeb\x0d\x46\x0e\x3f\x9c\x22\xd2\x5c\xd1\
\xcf\x98\xd7\xd0\x12\x40\x29\x49\x69\x05\x80\xbb\x3b\x70\x5f\x59\
\xd7\x1b\xa4\xcd\xcc\x6c\x81\xe0\x0c\x22\xd2\x40\x66\xb6\x20\xb0\
\x49\x70\x8c\x7b\xdd\x7d\x76\x70\x06\x69\x88\xb2\xc7\xb2\xee\x2a\
\xf9\x7a\x03\x35\x02\xd8\x20\x38\x83\x88\x34\xd3\xc6\xc0\x22\xc1\
\x19\x6e\x09\xbe\xbf\x34\x48\xd3\x0a\x00\x88\x6f\xd1\x89\x48\x33\
\x6d\x1e\x1d\x00\xb8\x2d\x3a\x80\x34\x47\xd9\x05\xc0\x4d\x25\x5f\
\x6f\x30\xb6\x8b\x0e\x20\x22\x8d\xb4\x7d\x74\x00\xe0\x2f\xd1\x01\
\xa4\x39\x2c\x0d\xdd\x97\x74\xb1\x74\x4a\xd6\x0b\xc0\x92\xa5\x5d\
\x74\xe0\xa6\x01\x4b\xb9\xfb\x1b\x81\x19\x44\xa4\x41\xcc\x6c\x38\
\xf0\x22\xb1\x43\x00\x2f\x01\x4b\x7b\x99\x0f\x6d\x69\xb5\x52\x3b\
\x00\xc5\x1f\xcc\xe8\x0a\x75\x04\xb0\x45\x70\x06\x11\x69\x96\xad\
\x89\x1f\xff\xbf\x4d\x2f\x7f\x29\x53\x15\x1b\x5a\xdc\x58\xc1\x35\
\x07\x6a\xd7\xe8\x00\x22\xd2\x28\x39\x3c\x53\x34\x01\x50\x4a\xa5\
\x02\x40\x44\xa4\x6f\x39\x3c\x53\x72\x78\xb6\x4a\x83\x94\x3a\x07\
\x00\xc0\xcc\x16\x26\x6d\x08\x34\xac\xd4\x0b\x0f\xdc\x68\x77\x7f\
\x2c\x38\x83\x88\xd4\x9c\x99\x8d\x21\x7e\xf3\x9d\x99\xc0\x28\x77\
\x9f\x16\x9c\x43\x1a\xa4\xf4\x0e\x80\xbb\x4f\x07\xee\x2c\xfb\xba\
\x83\x90\x43\xc5\x2e\x22\xf5\xf7\xc1\xe8\x00\xc0\xad\x7a\xf9\x4b\
\xd9\xaa\x3a\xd4\x22\x87\x56\xd5\x27\xa2\x03\x88\x48\x23\xe4\xf0\
\x2c\xb9\x3a\x3a\x80\x34\x4f\x55\x05\xc0\x95\x15\x5d\x77\x20\xb6\
\x33\xb3\x65\xa3\x43\x88\x48\x7d\x99\xd9\xf2\xa4\x15\x00\xd1\x54\
\x00\x48\xe9\xaa\x2a\x00\xae\x02\xa6\x57\x74\xed\xfe\x1a\x4a\x1e\
\x95\xbb\x88\xd4\xd7\x27\x49\xcf\x92\x48\x6f\x00\x37\x07\x67\x90\
\x06\xaa\xa4\x00\x28\xe6\x01\x5c\x5f\xc5\xb5\x07\x68\xcf\xe8\x00\
\x22\x52\x6b\x39\x3c\x43\x6e\x2e\x9e\xa9\x22\xa5\xaa\xaa\x03\x00\
\x70\x59\x85\xd7\xee\xaf\xad\xcd\x6c\xc5\xe8\x10\x22\x52\x3f\xc5\
\xb3\x23\x87\xb3\x45\x7e\x1f\x1d\x40\x9a\xa9\xca\x02\xe0\x8f\x15\
\x5e\xbb\xbf\x86\xa0\x61\x00\x11\x19\x9c\x4f\x51\xed\x33\xb2\xbf\
\x54\x00\x48\x25\x2a\xfb\xc3\xed\xee\x0f\x02\x13\xab\xba\xfe\x00\
\xec\x15\x1d\x40\x44\x6a\xe9\x53\xd1\x01\x80\x89\xee\xfe\x40\x74\
\x08\x69\xa6\xaa\xab\xdb\x1c\x86\x01\xc6\x99\xd9\xbb\xa3\x43\x88\
\x48\x7d\x98\xd9\x7a\xc0\x66\xd1\x39\x80\xdf\x45\x07\x90\xe6\xaa\
\xba\x00\xc8\x61\x18\x00\xe0\xc0\xe8\x00\x22\x52\x2b\x07\x47\x07\
\x28\xa8\xfd\x2f\x95\x29\x7d\x2b\xe0\x77\x5c\xdc\x6c\x04\xf0\x1c\
\xf1\xa7\x68\xbd\x00\xac\xac\x23\x82\x45\xa4\x2f\xc5\xd1\xbf\x4f\
\x12\x7b\xac\x39\xc0\x6b\xa4\xa3\xcd\x5f\x0f\xce\x21\x0d\x55\x69\
\x07\xa0\xd8\xba\x32\x87\x0a\x76\x69\xe0\xe3\xd1\x21\x44\xa4\x16\
\x76\x27\xfe\xe5\x0f\xf0\x7b\xbd\xfc\xa5\x4a\xdd\x98\xe1\x7a\x7e\
\x17\xee\xd1\x1f\xb9\xb4\xf4\x44\x24\x6f\xb9\x3c\x2b\x7e\x13\x1d\
\x40\x9a\xad\xd2\x21\x00\x78\xab\x9d\xf6\x2c\xb0\x58\xa5\x37\xea\
\x9b\x03\x6b\xb9\xfb\xc3\xc1\x39\x44\x24\x53\x66\xb6\x26\xf0\x20\
\x60\xc1\x51\xa6\x01\xcb\xe9\x00\x20\xa9\x52\xe5\x1d\x80\xa2\x85\
\x95\xc3\x4c\x56\x03\x3e\x1f\x1d\x42\x44\xb2\xf6\x05\xe2\x5f\xfe\
\x00\x97\xe8\xe5\x2f\x55\xeb\xd6\x26\x17\xd9\x0c\x03\x98\xd9\x52\
\xd1\x21\x44\x24\x3f\x66\x36\x0a\xd8\x3f\x3a\x47\x41\xed\x7f\xa9\
\x5c\xb7\x0a\x80\x3f\x01\x93\xbb\x74\xaf\xf9\x19\x01\x1c\x14\x1d\
\x42\x44\xb2\xf4\x79\x60\x64\x74\x08\x60\x0a\xe9\x99\x29\x52\xa9\
\xae\x14\x00\xc5\xf2\xbb\x8b\xbb\x71\xaf\x7e\xf8\xa2\x99\x0d\x8b\
\x0e\x21\x22\xf9\x30\xb3\x85\x80\xc3\xa3\x73\x14\x2e\xd4\xe1\x3f\
\xd2\x0d\xdd\xdc\xe7\xfa\xdc\x2e\xde\x6b\x7e\x56\x02\xf6\x8e\x0e\
\x21\x22\x59\xd9\x07\x58\x21\x3a\x44\xe1\x97\xd1\x01\xa4\x1d\x2a\
\x5f\x05\xf0\xd6\x8d\xcc\x86\x00\x13\x80\xd5\xba\x72\xc3\xf9\xbb\
\x17\x58\xdf\xbb\xf5\x9b\x17\x91\x6c\x99\x99\x91\x9e\x09\x39\x6c\
\x19\x3e\x11\x78\x97\x9e\x4d\xd2\x0d\x5d\xeb\x00\xb8\xfb\x6c\xe0\
\x8c\x6e\xdd\xaf\x0f\xef\x01\x76\x8d\x0e\x21\x22\x59\xd8\x8d\x3c\
\x5e\xfe\x00\x67\xe8\xe5\x2f\xdd\xd2\xb5\x0e\x00\x80\x99\xad\x0c\
\x4c\x02\x86\x76\xed\xa6\xbd\xbb\x03\xd8\x44\x3f\x6c\x22\xed\x55\
\x7c\xfb\xbf\x03\xd8\x30\x3a\x0b\x30\x1b\x18\xe3\xee\x8f\x47\x07\
\x91\x76\xe8\xea\x59\xd7\xee\xfe\x0f\xf2\x38\x21\x10\x60\x63\xe0\
\x23\xd1\x21\x44\x24\xd4\xee\xe4\xf1\xf2\x07\xb8\x52\x2f\x7f\xe9\
\xa6\xae\x16\x00\x85\x53\x03\xee\xd9\x9b\x63\x8a\xb9\x09\x22\xd2\
\x32\xc5\xcf\xfe\x77\xa2\x73\xf4\x70\x7a\x74\x00\x69\x97\x88\x97\
\xdf\xef\x81\xa7\x02\xee\x3b\x2f\xeb\x03\x9f\x8c\x0e\x21\x22\x21\
\xf6\x02\xd6\x8d\x0e\x51\x78\x1a\xb8\x30\x3a\x84\xb4\x4b\xd7\x0b\
\x00\x77\x9f\x45\x5e\xcb\x5c\xbe\x6b\x66\x0b\x44\x87\x10\x91\xee\
\x31\xb3\xa1\xc0\xb7\xa2\x73\xf4\x70\x92\xbb\xcf\x88\x0e\x21\xed\
\x12\xd5\xfe\x3e\x15\x78\x33\xe8\xde\x73\x5b\x93\xb4\x06\x58\x44\
\xda\xe3\xb3\xc0\xda\xd1\x21\x0a\x33\xc8\x6b\x68\x54\x5a\x22\xa4\
\x00\x70\xf7\x49\xe4\xd5\xee\xfa\x9e\x99\x8d\x88\x0e\x21\x22\xd5\
\x33\xb3\x91\xc0\x77\xa3\x73\xf4\x30\xde\xdd\x9f\x8e\x0e\x21\xed\
\x13\x39\x01\xee\xbf\x03\xef\x3d\xb7\x95\x80\xaf\x46\x87\x10\x91\
\xae\xf8\x06\xb0\x62\x74\x88\x1e\x4e\x88\x0e\x20\xed\xd4\xd5\x7d\
\x00\xfe\xe9\xe6\x66\xd7\x03\x5b\x84\x05\x78\xa7\xe9\xc0\x3a\xee\
\xfe\x58\x74\x10\x11\xa9\x86\x99\x8d\x01\xee\x07\x86\x47\x67\x29\
\xdc\xee\xee\x9b\x44\x87\x90\x76\x8a\x5e\x02\x77\x5c\xf0\xfd\x7b\
\x5a\x18\xf8\x61\x74\x08\x11\xa9\xd4\x8f\xc8\xe7\xe5\x0f\x7a\xe6\
\x48\xa0\xe8\x0e\x80\x01\xf7\x01\xeb\x84\x85\xf8\x67\x5b\xbb\xfb\
\x75\xd1\x21\x44\xa4\x5c\x66\xb6\x2d\x70\x55\x74\x8e\x1e\x1e\x05\
\xd6\x72\xf7\x5c\x26\x44\x4b\xcb\x84\x76\x00\x8a\x6d\x78\x8f\x8f\
\xcc\x30\x0f\xff\x5b\x2c\x11\x12\x91\x86\x28\x96\xfa\xfe\x38\x3a\
\xc7\x5c\x7e\xa8\x97\xbf\x44\x8a\x1e\x02\x80\xb4\x27\xc0\xb3\xd1\
\x21\x7a\xd8\x08\xf8\x52\x74\x08\x11\x29\xd5\x97\x49\x1b\x7f\xe5\
\xe2\x19\xe0\xcc\xe8\x10\xd2\x6e\xe1\x05\x80\xbb\xbf\x0e\xfc\x34\
\x3a\xc7\x5c\x8e\x29\x26\x0b\x89\x48\xcd\x99\xd9\x58\xe0\xa8\xe8\
\x1c\x73\xf9\x9f\xe2\xd9\x27\x12\x26\x74\x0e\xc0\x5b\x21\xcc\x16\
\x05\x26\x00\x4b\x47\x67\xe9\xe1\xcf\xee\xbe\x53\x74\x08\x11\x19\
\xbc\x62\x9e\xd1\x15\xc0\x76\xd1\x59\x7a\x78\x19\x58\xcd\xdd\xa7\
\x44\x07\x91\x76\x0b\xef\x00\x00\x14\x3f\x08\x39\xed\x0b\x00\xb0\
\xa3\x99\x7d\x26\x3a\x84\x88\x74\xe4\x00\xf2\x7a\xf9\x03\x1c\xa7\
\x97\xbf\xe4\x20\x8b\x0e\x00\x80\x99\x2d\x0c\x3c\x42\x5e\x1b\x74\
\xbc\x04\xbc\xdb\xdd\x73\x9a\xa3\x20\x22\xfd\x60\x66\xcb\x93\xd6\
\xfc\x8f\x8a\xce\xd2\xc3\x0b\xc0\xea\x2a\x00\x24\x07\x59\x74\x00\
\x00\xdc\x7d\x3a\xf0\x83\xe8\x1c\x73\x59\x92\xfc\x56\x29\x88\x48\
\xff\x9c\x40\x5e\x2f\x7f\x80\xff\xd2\xcb\x5f\x72\x91\x4d\x07\x00\
\xc0\xcc\x7c\x46\xa9\x9b\x00\x00\x1e\xd3\x49\x44\x41\x54\x86\x03\
\x0f\x01\xab\x44\x67\x99\xcb\x67\xdd\x5d\x33\x76\x45\x6a\xc2\xcc\
\x0e\x00\x4e\x8b\xce\x31\x97\xa7\x80\xb1\xc5\x97\x1d\x91\x70\xd9\
\x74\x00\xe0\xad\x15\x01\xff\x15\x9d\x63\x1e\x7e\x66\x66\x6b\x44\
\x87\x10\x91\xbe\x99\xd9\xbb\xc8\x6f\xcd\x3f\xc0\xd1\x7a\xf9\x4b\
\x4e\xb2\xea\x00\x00\x98\xd9\x30\xe0\x41\x20\xb7\x65\x78\x37\x03\
\x5b\xb9\xfb\xac\xe8\x20\x22\x32\x6f\x66\xb6\x20\x70\x03\xb0\x69\
\x74\x96\xb9\x3c\x4a\x3a\x6b\x64\x66\x74\x10\x91\x39\xb2\xea\x00\
\x00\xb8\xfb\x0c\xe0\x6b\xd1\x39\xe6\xe1\x03\xc0\x37\xa3\x43\x88\
\xc8\x7c\x1d\x45\x7e\x2f\x7f\x80\x7f\xd7\xcb\x5f\x72\x93\x5d\x07\
\x60\x0e\x33\xbb\x16\xd8\x2a\x3a\xc7\x5c\x66\x03\xdb\xb9\xfb\xb5\
\xd1\x41\x44\xe4\x9d\xcc\x6c\x0b\xe0\x1a\x20\xb7\xad\xbc\x6f\x02\
\xb6\xf0\x5c\x1f\xb6\xd2\x5a\x39\x17\x00\x1b\x01\xb7\x91\x5f\x97\
\xe2\x31\xe0\x7d\xee\xfe\x42\x74\x10\x11\x49\xcc\x6c\x59\xe0\x76\
\xf2\x9b\x40\x3c\x1b\xd8\xd4\xdd\xef\x88\x0e\x22\x32\xb7\xdc\x5e\
\xae\x6f\x71\xf7\xbf\x02\x67\x44\xe7\x98\x87\xd5\x80\xf3\x74\x60\
\x90\x48\x1e\x8a\x9f\xc5\xb3\xc8\xef\xe5\x0f\x70\xa6\x5e\xfe\x92\
\xab\x6c\x3b\x00\xf0\x56\x55\xff\x10\xb0\x78\x74\x96\x79\x38\xd6\
\xdd\xff\x23\x3a\x84\x48\xdb\x99\xd9\x7f\x03\x5f\x89\xce\x31\x0f\
\xaf\x01\x6b\xbb\xfb\x13\xd1\x41\x44\xe6\x25\xdb\x0e\x00\x80\xbb\
\x3f\x07\x7c\x2f\x3a\x47\x2f\xbe\x6a\x66\x1f\x8f\x0e\x21\xd2\x66\
\x66\xf6\x49\xd2\x49\x7f\x39\xfa\xbe\x5e\xfe\x92\xb3\xac\x3b\x00\
\xf0\xd6\xb2\xc0\x7b\x80\x35\xa3\xb3\xcc\xc3\x54\x60\x33\x77\xbf\
\x3f\x3a\x88\x48\xdb\x98\xd9\x5a\xc0\xad\xc0\x62\xd1\x59\xe6\xe1\
\x61\x60\x7d\x9d\xf8\x27\x39\xcb\xba\x03\x00\x6f\x2d\x0b\x3c\x32\
\x3a\x47\x2f\x46\x02\x17\x98\x59\x8e\x43\x14\x22\x8d\x65\x66\x4b\
\x00\x17\x93\xe7\xcb\xdf\x81\x43\xf5\xf2\x97\xdc\x65\x5f\x00\x00\
\xb8\xfb\x1f\x81\x5f\x47\xe7\xe8\xc5\x3a\xc0\x45\x45\xa7\x42\x44\
\x2a\x56\x6c\xf6\x33\x1e\x58\x2b\x3a\x4b\x2f\xce\x72\xf7\xab\xa3\
\x43\x88\xf4\x25\xfb\x21\x80\x39\xcc\x6c\x69\xe0\x3e\x60\xd9\xe8\
\x2c\xbd\x38\xdd\xdd\x0f\x8c\x0e\x21\xd2\x64\x66\x66\xa4\xd5\x41\
\x9f\x8d\xce\xd2\x8b\x97\x48\x3b\xfe\x3d\x17\x1d\x44\xa4\x2f\xb5\
\xe8\x00\x00\x14\xeb\xee\x73\x9c\xe9\x3b\xc7\x01\x66\xf6\x8d\xe8\
\x10\x22\x0d\x77\x14\xf9\xbe\xfc\x01\xbe\xaa\x97\xbf\xd4\x45\x6d\
\x3a\x00\x73\x98\xd9\x1f\x81\x5d\xa2\x73\xf4\xc2\x81\x7d\xdd\x3d\
\xd7\xe1\x0a\x91\xda\x32\xb3\x4f\x03\xbf\x02\x2c\x3a\x4b\x2f\xae\
\x03\xb6\x75\xf7\xd9\xd1\x41\x44\xfa\xa3\x8e\x05\xc0\x68\xd2\xaa\
\x80\x91\xb1\x49\x7a\xf5\x06\xb0\x93\xbb\x5f\x17\x1d\x44\xa4\x29\
\xcc\x6c\x5b\xe0\x32\x20\xd7\xb9\x36\x53\x81\xf7\xba\xfb\x84\xe8\
\x20\x22\xfd\x55\x9b\x21\x80\x39\xdc\x7d\x12\xf0\xad\xe8\x1c\xf3\
\xb1\x10\x70\xa9\x99\x6d\x12\x1d\x44\xa4\x09\xcc\x6c\x53\xd2\x8c\
\xff\x5c\x5f\xfe\x90\x0e\xfb\xd1\xcb\x5f\x6a\xa5\x76\x1d\x00\x78\
\x6b\xeb\xcf\x6b\x81\x71\xd1\x59\xe6\xe3\x45\x60\x1b\x77\xbf\x37\
\x3a\x88\x48\x5d\x99\xd9\xfa\xc0\xd5\xc0\x92\xd1\x59\xe6\xe3\x4a\
\x60\x47\x1d\xf6\x23\x75\x53\xcb\x02\x00\xc0\xcc\xc6\x00\x77\x92\
\xe7\x3a\xe0\x39\x9e\x03\xb6\x76\xf7\x07\xa3\x83\x88\xd4\x8d\x99\
\xad\x41\x1a\x57\x5f\x3e\x3a\xcb\x7c\xbc\x0a\xac\xe7\xee\x8f\x47\
\x07\x11\x19\xa8\xda\x0d\x01\xcc\xe1\xee\x13\x81\xc3\xa3\x73\xf4\
\x61\x59\xe0\x72\x33\x5b\x2d\x3a\x88\x48\x9d\x14\x73\x7d\xae\x22\
\xef\x97\x3f\xc0\x37\xf4\xf2\x97\xba\xaa\x6d\x07\x60\x0e\x33\xfb\
\x35\xb0\x77\x74\x8e\x3e\x3c\x0a\x6c\xe5\xee\x4f\x45\x07\x11\xc9\
\x9d\x99\xad\x44\x1a\xe2\x7b\x57\x74\x96\x7e\x78\x95\x74\x12\xe1\
\x89\xda\x12\x5c\xea\xa6\x09\x05\xc0\xe2\xa4\xa1\x80\xd1\xc1\x51\
\xfa\x32\x09\xd8\xc1\xdd\x1f\x8d\x0e\x22\x92\xab\xa2\x5b\x76\x05\
\x30\x36\x3a\xcb\x20\xdc\x01\x1c\x0f\x9c\xeb\xee\x33\xa3\xc3\x88\
\xf4\xa5\xf6\x05\x00\x80\x99\x6d\x01\x5c\x03\x0c\x0d\x8e\xd2\x97\
\xa7\x49\x93\x85\xee\x8b\x0e\x22\x92\x9b\xe2\x70\x9f\x3f\x03\xab\
\x44\x67\xe9\xd0\xb3\xc0\x2f\x81\x9f\xbb\xfb\x63\xc1\x59\x44\x7a\
\xd5\x88\x02\x00\xc0\xcc\xfe\x13\xa8\xc3\x4e\x7c\xcf\x02\x3b\xbb\
\xfb\x5d\xd1\x41\x44\x72\x61\x66\xef\x26\xbd\xfc\x57\x8c\xce\x52\
\xa2\xd9\xa4\x79\x0c\xa7\x00\x17\xba\xfb\x9b\xc1\x79\x44\xde\xa1\
\x49\x05\xc0\x82\xa4\x1f\xb6\x2d\xa2\xb3\xf4\xc3\x8b\xc0\x2e\xee\
\x7e\x7b\x74\x10\x91\x68\xc5\x3a\xff\x3f\x92\xf7\x52\xbf\x4e\x3d\
\x0c\x9c\x04\xfc\xd2\xdd\x5f\x8a\x0e\x23\x02\x0d\x2a\x00\x00\xcc\
\x6c\x05\xd2\x38\xdc\x0a\xd1\x59\xfa\xe1\x55\xe0\xa3\xee\x7e\x4d\
\x74\x10\x91\x28\xc5\x0e\x7f\x17\x03\x8b\x46\x67\xe9\x92\xe9\xc0\
\x79\xa4\xe1\x81\xdb\xa2\xc3\x48\xbb\x35\xaa\x00\x00\x30\xb3\x0f\
\x90\xe6\x03\xe4\xbc\x6b\xd8\x1c\x33\x80\x03\xdd\xfd\xec\xe8\x20\
\x22\xdd\x66\x66\x7b\x92\xf6\xf6\x1f\x1e\x9d\x25\xc8\x1d\xa4\xe1\
\x81\x73\xdc\x7d\x5a\x74\x18\x69\x9f\xda\xee\x03\xd0\x1b\x77\xbf\
\x99\xbc\x4f\x0d\xec\x69\x18\x70\xa6\x99\x7d\xa7\x38\xe6\x54\xa4\
\x15\xcc\xec\x4b\xa4\x6f\xc2\x6d\x7d\xf9\x03\x6c\x0c\x9c\x0c\x3c\
\x69\x66\x27\x9b\xd9\xba\xd1\x81\xa4\x5d\x1a\xd7\x01\x98\xc3\xcc\
\xce\x00\xf6\x8b\xce\x31\x00\xbf\x04\x0e\xd1\xf2\x21\x69\x32\x33\
\x5b\x00\xf8\x19\x70\x48\x74\x96\x4c\xdd\x08\xfc\x04\xf8\x3f\x77\
\x9f\x15\x1d\x46\x9a\xad\xc9\x05\xc0\x70\xd2\x0f\xd3\x46\xd1\x59\
\x06\xe0\x4a\xe0\x93\xee\xfe\x4a\x74\x10\x91\xb2\x99\xd9\xa2\xc0\
\x6f\xc8\xf7\x38\xef\x9c\x3c\x0d\x9c\x09\xfc\xcc\xdd\x9f\x88\x0e\
\x23\xcd\xd4\xd8\x02\x00\xc0\xcc\x56\x07\x6e\x07\x46\x45\x67\x19\
\x80\x07\x80\x4f\xe8\xfc\x00\x69\x12\x33\x5b\x07\xf8\x3f\x60\xad\
\xe8\x2c\x35\x33\x93\xf4\xff\xb7\x13\xdd\xfd\xda\xe8\x30\xd2\x2c\
\x8d\x2e\x00\x00\xcc\x6c\x2b\xe0\x72\xd2\x31\xbd\x75\x31\x15\xd8\
\xdf\xdd\x2f\x88\x0e\x22\xd2\x29\x33\xfb\x08\xe9\xdb\xec\xe2\xd1\
\x59\x6a\xee\x21\xe0\x74\xe0\x54\x2d\x25\x94\x32\x34\xbe\x00\x00\
\x30\xb3\xbd\x80\x5f\x03\x75\x9a\x68\xe7\xc0\x4f\x81\x2f\x6b\x2c\
\x50\xea\xa8\x38\xb6\xfb\x7b\xc0\xbf\x53\xaf\x9f\xbd\xdc\xbd\x0e\
\x8c\x07\xfe\xc7\xdd\xef\x8c\x0e\x23\xf5\xd5\x8a\x02\x00\xc0\xcc\
\xbe\x03\x1c\x15\x9d\x63\x10\xae\x05\x3e\xe5\xee\xcf\x46\x07\x11\
\xe9\x2f\x33\x5b\x1a\x38\x17\xd8\x21\x3a\x4b\xc3\xcd\x59\x4a\x78\
\x96\xbb\x4f\x8f\x0e\x23\xf5\xd2\xa6\x02\xc0\x80\x33\x80\xcf\x46\
\x67\x19\x84\xc7\x80\x7d\xdc\xfd\xc6\xe8\x20\x22\x7d\x29\x86\xdd\
\xce\xa6\xfe\x7b\xfa\xd7\xc9\xf3\xc0\x69\xc0\xc9\xee\x3e\x29\x38\
\x8b\xd4\x44\x6b\x0a\x00\x78\x6b\xbb\xe0\x3f\x50\xcf\x6f\x25\x6f\
\x02\xc7\x01\xdf\xd2\x52\x41\xc9\x51\xb1\xc4\xef\x9b\xc5\x27\xf7\
\x83\xb9\x9a\x4a\xe7\x0f\x48\xbf\xb5\xaa\x00\x00\x30\xb3\xc5\x80\
\x1b\x80\xf5\xa2\xb3\x0c\xd2\xad\xc0\xbe\xee\xfe\x70\x74\x10\x91\
\x39\xcc\x6c\x34\xe9\x5b\xff\xb8\xd8\x24\xd2\xc3\x93\xc0\x2f\x48\
\x4b\x09\x9f\x8f\x0e\x23\xf9\x69\x5d\x01\x00\x6f\x9d\x39\x7e\x3d\
\xf5\x6d\x51\x4e\x01\xbe\xe8\xee\xbf\x8a\x0e\x22\x62\x66\xfb\x03\
\xc7\x03\x23\xa3\xb3\xc8\x3c\xbd\x41\x9a\x34\x78\x62\xb1\x53\xaa\
\x08\xd0\xd2\x02\x00\xc0\xcc\xd6\x04\xae\x03\x96\x8b\xce\xd2\x81\
\xf1\xa4\x42\x40\x13\x04\xa5\xeb\xcc\x6c\x79\xe0\x04\x60\xf7\xe8\
\x2c\xd2\x6f\x77\x02\x27\x02\xbf\xd6\xf9\x03\xd2\xda\x02\x00\xc0\
\xcc\xd6\x03\xae\x06\x96\x8a\xce\xd2\x81\x57\x80\xaf\x92\xd6\x06\
\xb7\xf7\x3f\xa6\x74\x95\x99\xed\x41\x7a\x91\x2c\x1d\x9d\x45\x06\
\xe5\x55\xd2\x59\x0c\x27\xb8\xfb\x3d\xd1\x61\x24\x46\xab\x0b\x00\
\x00\x33\xdb\x80\x34\x69\xa6\x4e\xbb\x05\xce\xcb\x75\xc0\xc1\xee\
\xfe\x50\x74\x10\x69\xae\x62\x77\xcd\x93\x80\x1d\xa3\xb3\x48\x69\
\xee\x20\x0d\xe1\x9c\xab\x09\xc6\xed\xd2\xfa\x02\x00\xde\x3a\x42\
\xf8\x72\xea\x3f\x86\x39\x1d\x38\x1a\x38\x4e\xb3\x7f\xa5\x4c\xc5\
\x0c\xff\xc3\x49\x1b\xfb\x8c\x08\x8e\x23\xd5\x78\x86\x74\x3c\xf3\
\xcf\xdd\xfd\xb1\xe8\x30\x52\x3d\x15\x00\x05\x33\xdb\x11\xb8\x94\
\x7a\x6d\x19\xdc\x9b\xbf\x01\x47\xba\xfb\x75\xd1\x41\xa4\xfe\xcc\
\x6c\x5b\xe0\xc7\xc0\xfa\xd1\x59\xa4\x2b\x66\x01\x97\x00\x3f\x07\
\xae\xd4\xd0\x62\x73\xa9\x00\xe8\xc1\xcc\x76\x23\x4d\xac\x6b\x42\
\x11\x00\xe9\xf7\xf2\xef\xda\x18\x44\x06\xc3\xcc\xc6\x00\xff\x8d\
\x26\xf9\xb5\xd9\xdf\x49\x43\x3e\xbf\xd4\x29\xa5\xcd\xa3\x02\x60\
\x2e\x66\xb6\x0d\xa9\x13\x50\xf7\xe1\x80\x39\x66\x90\x7e\x80\xbf\
\xe9\xee\x53\xa2\xc3\x48\xfe\xcc\x6c\x04\xf0\x6f\xa4\xc9\xa5\xc3\
\x83\xe3\x48\x1e\xde\x20\x75\x05\x7e\xa2\x1d\x49\x9b\x43\x05\xc0\
\x3c\x98\xd9\x96\xc0\xef\x80\xc5\xa2\xb3\x94\xe8\x49\xd2\x0e\x6d\
\x67\x69\x7e\x80\xcc\x4b\x31\xce\xff\x19\xe0\x3f\x81\x15\x82\xe3\
\x48\xbe\x6e\x05\xfe\xcb\xdd\x2f\x8e\x0e\x22\x9d\x51\x01\xd0\x0b\
\x33\xdb\x08\xf8\x13\xcd\x5b\xe6\x34\x11\x38\x16\x38\x4d\x85\x80\
\x00\x98\xd9\x10\x52\x9b\xff\xbb\xc0\x5a\xc1\x71\xa4\x1e\x1c\x38\
\xdc\xdd\x7f\x1e\x1d\x44\x06\x4f\x05\xc0\x7c\x98\xd9\x3a\xc0\x15\
\xc0\x8a\xd1\x59\x2a\x70\x3f\xf0\x1d\xe0\x02\x4d\xf2\x69\xa7\xe2\
\x80\xac\x0f\x03\xc7\x00\x1b\x04\xc7\x91\xfa\x51\x11\x50\x73\x2a\
\x00\xfa\x50\xec\x18\x78\x05\xf5\xdd\x36\xb8\x2f\x7f\x25\x1d\x93\
\xfc\x7b\x15\x02\xed\xd0\xe3\xc5\x7f\x34\xb0\x61\x70\x9c\x5c\xcc\
\x02\x16\x88\x0e\x51\x43\xb3\x81\x43\xdc\xfd\xb4\xe8\x20\x32\x70\
\x43\xa2\x03\xe4\xae\xd8\x58\x67\x4b\xe0\xbe\xe8\x2c\x15\xd9\x88\
\x34\xe9\xf1\x6e\x33\xdb\xdf\xcc\x86\x45\x07\x92\x6a\x98\xd9\x42\
\x66\x76\x00\x70\x2f\x69\x42\x97\x5e\xfe\x6f\x7b\x80\xb4\xb9\xd1\
\x85\xa4\x62\x40\xfa\x67\x08\x70\x8a\x99\x1d\x18\x1d\x44\x06\x4e\
\x1d\x80\x7e\x32\xb3\x45\x81\xf3\x81\x5d\xa3\xb3\x54\xec\x59\xd2\
\xaa\x81\xe3\xdd\xfd\xa5\xe8\x30\xd2\xb9\xe2\x04\xcc\xfd\x81\xaf\
\x00\x2b\x07\xc7\xc9\xd9\x16\xee\x7e\xa3\x99\xad\x40\x9a\x0c\xf9\
\x79\x60\xd5\xe0\x4c\x75\xa1\xe1\x80\x1a\x52\x01\x30\x00\xc5\xb7\
\xe3\x93\x81\xfd\x82\xa3\x74\xc3\x54\xe0\x74\xd2\x5e\xe1\x3a\x7a\
\xb8\x86\x8a\xe1\xab\xc3\x81\x03\x68\xce\xb2\xd6\x2a\x9d\xe3\xee\
\xfb\xce\xf9\x1f\x66\xb6\x20\xf0\x31\xe0\x30\x60\x1b\xc0\x82\x72\
\xd5\x85\x86\x03\x6a\x46\x05\xc0\x20\x98\xd9\x97\x80\xff\xa5\x3d\
\x0f\x84\x3b\x80\x53\x80\xb3\xdd\xfd\xb5\xe8\x30\xd2\x3b\x33\x5b\
\x08\xf8\x08\x70\x08\xb0\x3d\xed\xf9\x33\x5a\x86\x19\xc0\xaa\xf3\
\x3a\x5d\xb3\x28\xa6\x0e\x00\x0e\x06\x96\xec\x76\xb0\x1a\x51\x27\
\xa0\x46\x54\x00\x0c\x52\x71\x1a\xda\x99\xb4\x6b\xa3\x94\xc9\xa4\
\x61\x90\x13\xdd\xfd\xae\xe8\x30\xf2\x36\x33\x5b\x9b\xd4\x99\x3a\
\x90\xe6\x2d\x5d\xed\xa6\xaf\xbb\xfb\xf7\x7b\xfb\x3f\x9a\xd9\x70\
\x60\x4f\xe0\x48\x34\x87\xa2\x37\x2a\x02\x6a\x42\x05\x40\x07\x8a\
\x5d\x03\x7f\x4b\x3b\xbf\x11\xfc\x05\x38\x97\xb4\x8c\xf0\xa9\xe8\
\x30\x6d\x64\x66\x2b\x01\x7b\x00\x7b\x01\x9b\x05\xc7\x69\x8a\x49\
\xc0\xd8\xfe\xec\x91\x51\x1c\x22\x76\x18\xe9\xbf\x41\x9b\xbe\x08\
\xf4\x87\x86\x03\x6a\x40\x05\x40\x87\xcc\x6c\x15\x52\x11\xb0\x49\
\x74\x96\x20\xb3\x81\x9b\x49\xe7\x0e\x9c\xef\xee\xcf\x04\xe7\x69\
\x34\x33\x5b\x0a\xf8\x10\xe9\xa5\xb3\x0b\x5a\xba\x56\x85\xdd\xdc\
\xfd\x77\xfd\xfd\x87\xcd\x6c\x09\xe0\xb3\xc0\x11\xc0\xea\x95\xa5\
\xaa\x1f\x75\x02\x32\xa7\x02\xa0\x04\x66\xb6\x30\x69\xe6\xfc\x67\
\xa2\xb3\x04\x7b\x13\xb8\x86\x54\x10\x5d\xe6\xee\x13\x63\xe3\x34\
\x83\x99\xad\x4e\x7a\xd9\xef\x0e\x6c\x0d\x0c\x8d\x4d\xd4\x78\x7f\
\x70\xf7\x0f\x0d\xf4\x5f\x2a\x76\x54\xdc\x99\xb4\x7a\xe0\x83\x68\
\x99\x35\xa8\x13\x90\x35\x15\x00\x25\x32\xb3\x43\x80\x9f\x02\x5a\
\x4b\x9f\x4c\x20\x6d\xa2\xf4\x3b\xe0\xcf\xee\xfe\x7a\x70\x9e\x5a\
\x28\xc6\x99\xb7\x00\x76\x28\x3e\x1b\xc7\x26\x6a\x1d\x07\xd6\xea\
\x64\xf5\x8b\x99\xad\x48\x9a\x88\x79\x18\xb0\x6c\x59\xc1\x6a\x4a\
\x9d\x80\x4c\xa9\x00\x28\x99\x99\x6d\x4e\x6a\x87\x37\x71\xfb\xe0\
\x4e\xbc\x06\x5c\x05\x5c\x09\xdc\x04\xfc\xcd\xdd\x67\xc6\x46\xca\
\x43\xb1\xdc\x6c\x23\x60\x73\xd2\x0b\x7f\x1b\x60\x91\xc8\x4c\xc2\
\x0f\xdd\xfd\xab\x9d\x5e\xa4\x58\x95\xb1\x3b\xa9\x2b\x30\xae\xe3\
\x54\xf5\xa5\x4e\x40\x86\x54\x00\x54\xc0\xcc\x96\x21\x4d\x90\xdb\
\x3e\x3a\x4b\xc6\x5e\x03\xfe\x46\x5a\x62\x78\x03\x70\x95\xbb\xbf\
\x18\x1b\xa9\x3b\x8a\x4d\xa5\x36\x23\x7d\xcb\x1f\x47\x7a\xf1\xeb\
\x85\x9f\x97\x17\x81\x95\xcb\xec\x5a\xf5\x58\xa9\x71\x28\xb0\x44\
\x59\xd7\xad\x11\x75\x02\x32\xa3\x02\xa0\x22\xc5\xd1\xaa\xdf\x06\
\xbe\x8e\xc6\x6c\xfb\x63\x36\xf0\x30\x70\x77\xf1\xb9\xa7\xf8\x4c\
\xac\xeb\x19\x05\xc5\x9e\xfb\x63\x80\xf5\x81\xf5\x8a\x5f\xd7\x07\
\xc6\xa2\xf1\xe1\x3a\xf8\x8c\xbb\x9f\x55\xf6\x45\x8b\x9d\x19\x3f\
\x4d\x1a\x1e\x58\xb7\xec\xeb\x67\x4e\x9d\x80\x8c\xa8\x00\xa8\x98\
\x99\x8d\x03\xce\x06\x46\x07\x47\xa9\xab\x29\xa4\xbd\xeb\x1f\x20\
\x2d\xd1\x9a\xd8\xe3\xd7\xa7\xa2\x8b\x83\xe2\x25\xbf\x22\xe9\x45\
\x3f\xe7\x33\x1a\x58\x87\xf4\x70\x5f\x34\x2c\x9c\x74\xea\x66\x77\
\xdf\xbc\xca\x1b\x98\xd9\xd6\xa4\x42\xe0\xe3\xb4\x67\xee\x90\x8a\
\x80\x4c\xa8\x00\xe8\x02\x33\x5b\x1c\xf8\x19\xb0\x4f\x74\x96\x86\
\x79\x03\x78\x0c\xf8\x07\xf0\x1c\xa9\x6d\xfb\x42\xf1\x6b\xcf\xcf\
\xf4\xe2\x03\x69\x33\xa3\xd9\xc0\x4c\x77\x9f\x0a\x60\x66\x23\x81\
\x05\x49\xdf\xca\x17\x2f\xfe\xb9\x45\x48\x6b\xbb\x97\x2a\x3e\x4b\
\xf7\xf8\xeb\xa5\x48\x13\xbb\x56\x06\x56\x03\x16\xaa\xf0\xf7\xd8\
\x46\x13\xc8\x67\x39\xdd\x46\xee\xfe\xb7\xaa\x6f\x62\x66\xcb\x93\
\x36\x71\x3a\x94\xe6\x9e\x3c\xda\x93\x8a\x80\x0c\xa8\x00\xe8\xa2\
\x62\xf7\xc0\x93\x81\x51\xd1\x59\x44\x32\xf4\x2a\xf0\x6f\xc0\x6f\
\x48\x45\xdd\x88\xd8\x38\x00\x9c\xea\xee\x87\x74\xeb\x66\xc5\x52\
\xc2\xed\x48\x2b\x08\x3e\x41\xb3\x87\x0f\x35\x27\x20\x98\x0a\x80\
\x2e\x33\xb3\xd1\xa4\x21\x81\x36\xcf\x08\x16\x99\xdb\x55\xc0\xfe\
\xee\xfe\x38\x80\x99\x9d\x0a\x1c\x14\x1b\x09\x80\x69\xc0\x4a\xee\
\x3e\xb9\xdb\x37\x36\xb3\xb1\xc0\xe7\x48\x27\x39\x36\x75\xb7\xd1\
\xd9\xc0\xa1\xee\xfe\x8b\xe8\x20\x6d\xa4\x89\x48\x5d\xe6\xee\x93\
\x80\x2d\x49\xad\xbe\x29\xb1\x69\x44\xc2\x4d\x07\xbe\x06\xec\x38\
\xe7\xe5\x5f\x38\x21\x28\xcf\xdc\x46\x90\x76\xf9\xeb\x3a\x77\x7f\
\xc4\xdd\xbf\x42\x9a\x63\xb2\x27\x69\x4f\x8d\xa6\x19\x02\x9c\x62\
\x66\x87\x45\x07\x69\x23\x75\x00\x02\x99\xd9\x6a\xc0\xcf\x81\x5d\
\xa3\xb3\x88\x04\xb8\x0e\x38\xa8\xb7\x0d\x77\xcc\xec\x66\xe0\xfd\
\xdd\x8d\x34\x4f\x0f\x00\xeb\x46\x4f\x38\x05\x30\xb3\xf7\x91\x26\
\x0d\xee\x45\xb3\x96\x8e\xaa\x13\x10\x40\x1d\x80\x40\xee\xfe\x98\
\xbb\x7f\x90\x54\xdd\x3f\x1f\x9d\x47\xa4\x4b\x5e\x21\x9d\xa6\xb7\
\x6d\x1f\xbb\xed\xe5\x32\x36\xbc\x0e\x69\x73\xa6\x70\xee\x7e\xbb\
\xbb\x1f\x48\xea\x0a\x1c\x0a\xdc\x17\x1c\xa9\x2c\xea\x04\x04\x50\
\x07\x20\x13\x66\x36\x0a\x38\x96\x34\xf9\x47\xa4\xa9\xc6\x03\x5f\
\x70\xf7\xe7\xfa\xfa\x07\x8b\x5d\xf4\x1e\x27\x8f\xad\x74\xc7\xbb\
\xfb\x9e\xd1\x21\xe6\xc5\xcc\xb6\x20\x1d\x44\xf4\x31\xd2\x6a\x96\
\x3a\xd3\xc4\xc0\x2e\x52\x01\x90\x19\x33\xdb\x05\x38\x1e\x58\x23\
\x3a\x8b\x48\x89\x1e\x01\x3e\xef\xee\x7f\x1e\xc8\xbf\x64\x66\x3f\
\x24\xad\x0c\x88\x36\x13\x18\x9d\xf3\xd1\xd7\xc5\xf1\xd0\x87\x00\
\x07\x03\x2b\x04\xc7\xe9\x84\x86\x03\xba\x44\x43\x00\x99\x71\xf7\
\xcb\x80\xf7\x90\x1e\x7a\x5d\x9f\x79\x2c\x52\xb2\xa9\xc0\x37\x81\
\xf5\x06\xfa\xf2\x2f\x9c\x44\x7a\x21\x44\x5b\x90\xf4\x62\xcd\x96\
\xbb\x3f\xe9\xee\x47\x91\xf6\xa6\xd8\x13\xb8\x9a\xf4\x8d\xba\x6e\
\x86\x00\x27\x9b\x59\x0e\xab\x40\x1a\x4d\x1d\x80\x8c\x15\x67\xbf\
\x7f\x1b\x38\x9c\x66\xaf\x07\x96\xe6\x71\xe0\x02\xe0\x2b\x73\xcd\
\xee\x1f\x30\x33\xfb\x03\x79\x4c\x94\x7d\x1a\x58\xad\x4e\x87\x58\
\x99\xd9\x9a\xc0\x01\xa4\xe2\xa5\x6e\x4b\x09\x35\x1c\x50\x31\x75\
\x00\x32\xe6\xee\x2f\xba\xfb\x97\x80\x4d\x80\x6b\xa3\xf3\x88\xf4\
\xd3\x4d\xc0\x66\xee\xbe\x67\xa7\x2f\xff\x42\x2e\x2f\x80\x15\x80\
\xdd\xa2\x43\x0c\x84\xbb\x3f\xe4\xee\x5f\x03\x56\x25\x4d\x1a\xfc\
\x7b\x70\xa4\x81\x30\xe0\x04\x75\x02\xaa\xa3\x0e\x40\x8d\x14\x3b\
\x09\x1e\x4b\x3e\xdb\xa4\x8a\xf4\xf4\x28\xa9\xdd\x7f\x7e\x99\x4b\
\xe6\xcc\x6c\x68\x71\xed\xd5\xca\xba\x66\x07\xae\x70\xf7\x1d\xa3\
\x43\x0c\x56\x31\xd9\xf8\x0a\xd2\xf1\xd3\x75\xa1\x39\x01\x15\x51\
\x07\xa0\x46\xdc\x7d\x3c\xb0\x36\x69\x63\x92\x09\xc1\x71\x44\xe6\
\x78\x8e\xb4\x99\xcf\xba\xee\x7e\x5e\xd9\xeb\xe5\xdd\xfd\x4d\xd2\
\x16\xda\x39\xd8\xde\xcc\xd6\x8a\x0e\x31\x58\xee\xfe\x32\xe9\x98\
\xf2\xdb\xa2\xb3\x0c\x80\x96\x08\x56\x44\x05\x40\xcd\xb8\xfb\x4c\
\x77\x3f\x93\xb4\x36\xf9\x50\x20\xdb\x59\xc9\xd2\x78\x2f\x92\x5e\
\xfc\xa3\xdd\xfd\x07\xee\xfe\x46\x85\xf7\xfa\x05\xe9\xf0\xa7\x68\
\x46\xda\x9e\xb7\xb6\xdc\xfd\x15\x60\x27\xea\x55\x04\x18\xf0\x33\
\x15\x01\xe5\xd2\x10\x40\xcd\x99\xd9\xc2\xc0\xe7\x81\xaf\x02\xcb\
\x04\xc7\x91\x76\x78\x89\xb4\x54\xf5\x7f\xdd\xfd\xd5\x6e\xdd\xd4\
\xcc\xce\x01\xfe\xa5\x5b\xf7\x9b\x8f\x97\x81\x95\xdd\xfd\xb5\xe8\
\x20\x9d\xd0\x70\x80\xa8\x03\x50\x73\xee\x3e\xdd\xdd\x7f\x44\x9a\
\x17\xf0\x75\x52\x3b\x56\xa4\x0a\x4f\x93\x96\xa7\x8e\x76\xf7\xa3\
\xbb\xf9\xf2\x2f\xe4\x32\x19\x70\x14\xb0\x77\x74\x88\x4e\x15\xc3\
\x01\x3b\x00\x7f\x8d\xce\x32\x00\x5a\x22\x58\x22\x75\x00\x1a\xc6\
\xcc\x86\x91\xf6\x09\xff\x2a\xf0\xee\xe0\x38\xd2\x0c\x13\x81\x9f\
\x00\xa7\xb8\xfb\xf4\xc8\x20\x66\xf6\x57\x60\xc3\xc8\x0c\x85\x3b\
\xdd\x3d\x87\x1c\x1d\x33\xb3\x25\x80\xcb\x49\xab\x8d\xea\x42\x4b\
\x04\x4b\xa0\x0e\x40\xc3\xb8\xfb\x8c\x62\x8e\xc0\x7a\xc0\x47\x81\
\xeb\x83\x23\x49\x7d\xdd\x46\x6a\xb9\xaf\xe1\xee\x3f\x89\x7e\xf9\
\x17\x4e\x89\x0e\x50\xd8\xc0\xcc\x36\x8b\x0e\x51\x86\x62\x4e\xc0\
\xce\xd4\xab\x13\xa0\x25\x82\x25\x50\x07\xa0\x05\xcc\x6c\x43\xe0\
\x5f\x49\x6d\xcb\x05\x82\xe3\x48\xde\x66\x02\x17\x91\xbe\xed\x67\
\x77\xfc\xac\x99\x8d\x04\x9e\x04\x16\x8b\xce\x02\xfc\xca\xdd\xf7\
\x8b\x0e\x51\x16\x75\x02\xda\x47\x05\x40\x8b\x98\xd9\x68\xe0\x20\
\x60\x7f\xd2\x69\x62\x22\x73\x3c\x4b\xfa\x76\xfd\x73\x77\x7f\x3a\
\x3a\xcc\xfc\x98\xd9\x09\xa4\xdd\x31\xa3\x4d\x07\x56\x71\xf7\x17\
\xa3\x83\x94\x45\x13\x03\xdb\x45\x05\x40\x0b\x99\xd9\x02\xc0\x07\
\x49\xdb\x83\xee\x8a\xb6\x19\x6e\xab\xd9\xa4\x87\xfd\xe9\xc0\x45\
\x15\x2f\xe3\x2b\x8d\x99\xad\x0b\xdc\x1b\x9d\xa3\xf0\x6f\xee\x7e\
\x5c\x74\x88\x32\xa9\x08\x68\x0f\x15\x00\x2d\x67\x66\x2b\x00\x9f\
\x21\x9d\x22\xa6\x1d\x06\xdb\xe1\x1f\xc0\x39\xc0\xc9\xee\x3e\x31\
\x3a\xcc\x60\x98\xd9\x35\xc0\xd6\xd1\x39\x48\x3b\x14\xae\xe9\xee\
\x39\x1c\x58\x54\x1a\x0d\x07\xb4\x83\x0a\x00\x01\xc0\xcc\x86\x90\
\x76\x08\xdb\x9b\x74\xae\xf8\xa8\xd8\x44\x52\xb2\x57\x81\x8b\x81\
\x5f\x01\x57\xd7\xfd\x85\x65\x66\x9f\x02\xce\x8b\xce\x51\xd8\xb5\
\x38\xc5\xb3\x51\xd4\x09\x68\x3e\x15\x00\xf2\x4f\x8a\xbd\xd7\xb7\
\x25\x75\x06\x3e\x02\x2c\x1e\x9b\x48\x06\x69\x3a\x70\x25\x30\x1e\
\xf8\xad\xbb\x4f\x0b\xce\x53\x1a\x33\x5b\x10\x98\x44\x1e\x73\x59\
\x2e\x71\xf7\x8f\x46\x87\xa8\x82\x3a\x01\xcd\xa6\x02\x40\xe6\xcb\
\xcc\x86\x03\xbb\x00\x9f\x22\x9d\x84\x36\x22\x36\x91\xf4\x61\x1a\
\xf0\x27\xe0\x37\xc0\xa5\x75\xdf\xad\x6e\x7e\xcc\xec\xbb\xa4\xc3\
\x87\xa2\xbd\x09\xac\x5e\xd2\xc9\x87\xd9\x51\x27\xa0\xb9\x54\x00\
\x48\xbf\x15\xdb\x0e\x6f\x4b\x9a\x38\xb8\x0b\x30\x36\x36\x91\x14\
\x26\x01\xbf\x07\x2e\x05\xae\x75\xf7\xd7\x63\xe3\x74\x87\x99\xad\
\x42\xda\xa4\x28\x87\x49\xac\xdf\x73\xf7\x1c\x8a\x91\x4a\xa8\x08\
\x68\x26\x15\x00\x32\x68\x66\x36\x96\x54\x0c\xec\x0a\x6c\x03\x2c\
\x1c\x1a\xa8\x3d\xde\x00\x6e\x06\x2e\x03\x7e\xef\xee\xb9\xcc\x88\
\xef\x3a\x33\xbb\x88\xb4\xe1\x55\xb4\x67\x81\x55\xdd\x7d\x46\x74\
\x90\xaa\xa8\x08\x68\x1e\x15\x00\x52\x8a\xa2\x3b\xb0\x35\x69\x22\
\xe1\xe6\xc0\xfb\x80\x61\xa1\xa1\x9a\x63\x16\x70\x2b\x70\x75\xf1\
\xb9\x29\x93\x5d\xf9\xc2\x99\xd9\x4e\xa4\x21\x8f\x1c\xec\xed\xee\
\xb9\x4c\x4c\xac\x84\x8a\x80\x66\x51\x01\x20\x95\x28\xe6\x0e\x6c\
\x02\x8c\x2b\x3e\x9b\x03\x4b\x86\x86\xaa\x8f\x57\x80\x5b\x48\x2f\
\xfd\x9b\x81\xeb\xdd\x7d\x6a\x6c\xa4\x3c\x99\x99\x01\x0f\x91\xc7\
\x70\xd4\xf5\xee\xbe\x55\x74\x88\xaa\xa9\x08\x68\x0e\x15\x00\xd2\
\x15\xc5\x83\x7a\x1d\x52\x21\xb0\x01\xe9\xac\x82\xf5\x81\x25\x22\
\x73\x65\x60\x1a\x70\x1f\x69\xdf\xfd\x5b\x49\x2f\xfe\x87\x5c\x3f\
\x98\xfd\x66\x66\x5f\x06\x72\xd9\x8c\x67\xbd\x36\x0c\xc9\xa8\x08\
\x68\x06\x15\x00\x12\xca\xcc\x56\x25\x15\x03\xeb\x01\xef\x2d\x7e\
\x5d\x13\x58\x30\x32\x57\x05\x66\x02\x13\x80\xbb\x81\x7b\x48\x3b\
\xd9\xdd\x0d\x4c\xac\xfb\x9a\xfc\x68\x66\xb6\x24\x69\x73\xa3\x1c\
\xe6\xa0\x9c\xe8\xee\x39\x6c\x53\x5c\x39\x15\x01\xf5\xa7\x02\x40\
\xb2\x53\x6c\x55\xbc\x12\x30\x06\x18\x5d\xfc\x3a\xa6\xc7\xff\x5e\
\x91\xfc\x4e\xb2\x9c\x0d\x3c\x07\x3c\x45\x7a\xd1\x3f\x5a\xfc\x3a\
\xe7\xf3\xb8\xbb\xcf\x8a\x8b\xd7\x6c\x66\x76\x06\xb0\x5f\x74\x0e\
\x60\x0a\xb0\x92\xbb\x4f\x89\x0e\xd2\x0d\x2a\x02\xea\x4d\x05\x80\
\xd4\x8e\x99\x2d\x04\x2c\x07\x2c\x0d\x2c\x03\x2c\x35\x8f\xcf\xd2\
\xbc\x3d\xe7\x60\x21\x60\x91\xe2\xaf\x17\x27\x15\x0f\x0b\x02\x23\
\x8b\xbf\x37\x13\xe8\x39\xc6\x3e\x99\xf4\x90\x78\x8d\xb4\x83\xde\
\x9c\xcf\x2b\xc5\xe7\x55\xe0\x19\xd2\xcc\xef\xa7\xe6\xfc\xb5\xbb\
\xbf\x59\xee\xef\x54\xfa\xcb\xcc\x36\x25\x0d\x9f\xe4\xe0\xf3\x6d\
\xda\x84\x46\x45\x40\x7d\xa9\x00\x10\x91\x46\x30\xb3\xdb\x48\xab\
\x4f\xa2\xdd\x0f\xbc\xa7\x4d\xf3\x38\x6a\xbc\x63\xe0\x17\xdc\xfd\
\xc4\xe8\x20\x51\x72\x6b\xa3\x8a\x88\x0c\x56\x2e\xdf\xba\xdf\x0d\
\x6c\x11\x1d\xa2\x9b\xdc\xfd\x15\x60\x27\xd2\x64\xd6\xba\x30\xe0\
\x04\x33\xfb\x7c\x74\x90\x28\x2a\x00\x44\xa4\x29\xce\x05\x5e\x8a\
\x0e\x51\x38\x2c\x3a\x40\xb7\xa9\x08\xa8\x1f\x15\x00\x22\xd2\x08\
\xc5\xe6\x48\xbf\x8a\xce\x51\xd8\xdd\xcc\x96\x8b\x0e\xd1\x6d\x2a\
\x02\xea\x45\x05\x80\x88\x34\xc9\x89\xa4\x09\x5e\xd1\x86\x01\x07\
\x46\x87\x88\xa0\x22\xa0\x3e\x34\x09\x50\x44\x1a\xc5\xcc\x2e\x07\
\x76\x8c\xce\x01\x3c\x4e\x3a\x25\xb0\x95\xab\x43\x34\x31\x30\x7f\
\xea\x00\x88\x48\xd3\xe4\x32\x19\x70\x55\xe0\x43\xd1\x21\xa2\xa8\
\x13\x90\x3f\x15\x00\x22\xd2\x34\x97\x00\x8f\x45\x87\x28\xb4\x6e\
\x32\x60\x4f\x2a\x02\xf2\xa6\x02\x40\x44\x1a\xa5\x68\xb9\x9f\x1e\
\x9d\xa3\xb0\xb3\x99\xad\x11\x1d\x22\x92\x8a\x80\x7c\xa9\x00\x10\
\x91\x26\x3a\x85\xb4\xc3\x63\x34\x03\x0e\x8e\x0e\x11\x4d\x45\x40\
\x9e\x54\x00\x88\x48\xe3\xb8\xfb\x33\xc0\xff\x45\xe7\x28\x1c\x50\
\x1c\x8f\xdd\x6a\x2a\x02\xf2\xa3\x02\x40\x44\x9a\x2a\x97\xc9\x80\
\x4b\x01\xfb\x46\x87\xc8\x41\x51\x04\xec\x0c\xfc\x35\x3a\xcb\x00\
\x18\xf0\x53\x33\x3b\x28\x3a\x48\xd9\xb4\x0c\x50\x44\x1a\xcb\xcc\
\xee\x01\xde\x13\x9d\x03\x98\x01\xec\xee\xee\xbf\x8b\x0e\x92\x03\
\x2d\x11\xcc\x83\x3a\x00\x22\xd2\x64\xa7\x44\x07\x28\x0c\x03\x7e\
\x6b\x66\x1f\x8e\x0e\x92\x03\x0d\x07\xe4\x41\x1d\x00\x11\x69\x2c\
\x33\x5b\x14\x78\x12\x58\x34\x3a\x4b\x41\x9d\x80\x1e\xd4\x09\x88\
\xa5\x0e\x80\x88\x34\x96\xbb\x4f\x01\x7e\x1d\x9d\xa3\x07\x75\x02\
\x7a\x50\x27\x20\x96\x3a\x00\x22\xd2\x68\x66\xb6\x3e\x70\x57\x74\
\x8e\xb9\xa8\x13\xd0\x83\x3a\x01\x31\xd4\x01\x10\x91\x46\x73\xf7\
\xbb\x81\x9b\xa2\x73\xcc\x45\x9d\x80\x1e\xd4\x09\x88\xa1\x02\x40\
\x44\xda\x20\x97\x25\x81\x3d\xa9\x08\xe8\x41\x45\x40\xf7\x69\x08\
\x40\x44\x1a\xcf\xcc\x86\x01\x4f\x00\xcb\x46\x67\x99\x07\x0d\x07\
\xf4\xa0\xe1\x80\xee\x51\x07\x40\x44\x1a\xcf\xdd\x67\x90\xcf\xf9\
\x00\x73\x53\x27\xa0\x07\x75\x02\xba\x47\x1d\x00\x11\x69\x05\x33\
\x5b\x15\x98\x00\x0c\x8d\xce\xd2\x0b\x75\x02\x7a\x50\x27\xa0\x7a\
\xea\x00\x88\x48\x2b\xb8\xfb\xe3\xc0\x65\xd1\x39\xe6\x43\x9d\x80\
\x1e\xd4\x09\xa8\x9e\x0a\x00\x11\x69\x93\x1c\x27\x03\xf6\xa4\x22\
\xa0\x07\x15\x01\xd5\xd2\x10\x80\x88\xb4\x86\x99\x0d\x01\x1e\x01\
\xc6\x44\x67\xe9\x83\x86\x03\x7a\xd0\x70\x40\x35\xd4\x01\x10\x91\
\xd6\x70\xf7\xd9\xc0\xc9\xd1\x39\xfa\x41\x9d\x80\x1e\xd4\x09\xa8\
\x86\x3a\x00\x22\xd2\x2a\x66\xb6\x34\x69\x49\xe0\xf0\xe8\x2c\xfd\
\xa0\x4e\x40\x0f\xea\x04\x94\x4b\x1d\x00\x11\x69\x15\x77\x7f\x01\
\xb8\x20\x3a\x47\x3f\xa9\x13\xd0\x83\x3a\x01\xe5\x52\x01\x20\x22\
\x6d\x94\xfb\x64\xc0\x9e\x54\x04\xf4\xa0\x22\xa0\x3c\x1a\x02\x10\
\x91\x56\x32\xb3\x3b\x80\x8d\xa2\x73\x0c\xc0\xeb\xc0\xc7\xdc\xfd\
\x4f\xd1\x41\x72\x60\x66\xa3\x80\x2b\xa8\xd7\x7f\xc3\xd9\xc0\xa1\
\xee\xfe\x8b\xe8\x20\xa0\x0e\x80\x88\xb4\xd7\xc7\x49\x1b\x03\xd5\
\xc5\x70\xe0\x12\x75\x02\x12\x77\x7f\x19\xd8\x9e\x7a\x75\x02\x86\
\x00\xa7\xe4\xd2\x09\x50\x07\x40\x44\x5a\xcb\xcc\x46\x03\xd7\x00\
\xab\x85\x06\x19\x18\x75\x02\x7a\xa8\x71\x27\xe0\x10\x77\x3f\x2d\
\x32\x84\x0a\x00\x11\x69\xb5\x62\x8b\xe0\xab\x81\xd5\xa3\xb3\x0c\
\x80\x56\x07\xf4\x50\xd3\xd5\x01\xb3\x81\xbd\xdc\x7d\x7c\x54\x00\
\x15\x00\x22\xd2\x7a\x2a\x02\xea\xaf\xa6\x45\xc0\x0c\xe0\x43\xee\
\x7e\x45\xc4\xcd\x55\x00\x88\x88\xa0\x22\xa0\x09\x6a\x5a\x04\xbc\
\x0a\x6c\xe3\xee\x7f\xeb\xf6\x8d\x55\x00\x88\x88\x14\x34\x27\xa0\
\xfe\x6a\x3a\x27\xe0\x29\x60\x9c\xbb\x4f\xea\xe6\x4d\xb5\x0a\x40\
\x44\xa4\x50\x3c\x80\xb7\x42\xab\x03\x6a\xab\xa6\xab\x03\x56\x24\
\xfd\x37\x5c\xb8\x9b\x37\x55\x01\x20\x22\xd2\x43\x71\x6c\xf0\xb6\
\xd4\xab\x08\xd0\x66\x41\x3d\xd4\x74\xb3\xa0\xf5\x80\x63\xbb\x79\
\x43\x0d\x01\x88\x88\xcc\x83\xe6\x04\xd4\x5f\x0d\xe7\x04\x38\xf0\
\x09\x77\xbf\xa8\x1b\x37\x53\x01\x20\x22\xd2\x0b\x15\x01\xf5\x57\
\xc3\x22\xe0\x65\x60\x43\x77\x7f\xac\xea\x1b\x69\x08\x40\x44\xa4\
\x17\xc5\x70\xc0\xf6\x40\xe5\x0f\xe3\x12\x0d\x03\xc6\x9b\xd9\xce\
\xd1\x41\x72\x50\x0c\x07\xec\x0c\xfc\x35\x3a\x4b\x3f\x8d\x02\x7e\
\x65\x66\x56\xf5\x8d\x54\x00\x88\x88\xcc\x87\x26\x06\xd6\x5f\x0d\
\x27\x06\x6e\x0d\xec\x5b\xf5\x4d\x34\x04\x20\x22\xd2\x0f\x1a\x0e\
\xa8\xbf\x9a\x0d\x07\x3c\x0b\xac\xe5\xee\x93\xab\xba\x81\x3a\x00\
\x22\x22\xfd\xa0\xd5\x01\xf5\x57\xb3\xd5\x01\xcb\x01\xdf\xac\xf2\
\x06\xea\x00\x88\x88\x0c\x80\x3a\x01\xf5\x57\xa3\x4e\xc0\x2c\xd2\
\x84\xc0\x7b\xab\xb8\xb8\x3a\x00\x22\x22\x03\x50\x74\x02\x76\x40\
\x13\x03\x6b\xab\x46\x13\x03\x17\x00\xfe\xab\xaa\x8b\xab\x03\x20\
\x22\x32\x08\xea\x04\xd4\x5f\x4d\x3a\x01\x0e\xac\x5f\x45\x17\x40\
\x1d\x00\x11\x91\x41\xd0\x9c\x80\xfa\xab\xc9\x9c\x00\x03\xbe\x52\
\xc9\x85\xd5\x01\x10\x11\x19\x3c\x75\x02\xea\xaf\x06\x9d\x80\x99\
\xc0\xd8\xa2\xe8\x2c\x8d\x3a\x00\x22\x22\x1d\x50\x27\xa0\xfe\x6a\
\xd0\x09\x58\x10\x38\xb2\xec\x8b\xaa\x03\x20\x22\x52\x02\x33\x1b\
\x43\xea\x04\xe8\x28\xe1\x9a\xca\xfc\x28\xe1\x29\xc0\xf2\xee\xfe\
\x5a\x59\x17\x54\x07\x40\x44\xa4\x04\xee\x3e\x91\xb4\x63\xe0\xc4\
\xe8\x2c\x03\x30\x1c\xb8\x58\x9d\x80\x24\xf3\x1d\x03\x17\x05\x76\
\x2b\xf3\x82\x2a\x00\x44\x44\x4a\x52\x0c\x07\x6c\x43\xbd\x8a\x80\
\x85\x80\x0b\x54\x04\x24\x99\x0f\x07\xec\x5d\xe6\xc5\x34\x04\x20\
\x22\x52\xb2\x62\x62\xe0\x35\xc0\x98\xe0\x28\x03\xf1\x06\xf0\x49\
\x4d\x0c\x4c\x32\x9d\x18\x38\x03\x58\xc1\xdd\x5f\x2a\xe3\x62\xea\
\x00\x88\x88\x94\xac\xa6\xa7\x08\x2e\x84\x36\x0b\x7a\x4b\x8f\xcd\
\x82\xee\x89\xce\xd2\xc3\x30\xe0\x13\x65\x5d\x4c\x05\x80\x88\x48\
\x05\x8a\x39\x01\xdb\x52\xaf\x22\x60\x38\x70\x91\x8a\x80\xa4\x98\
\x13\xb0\x2b\x50\xea\xf2\xbb\x0e\xed\x5e\xd6\x85\x34\x04\x20\x22\
\x52\x21\xad\x0e\xa8\x3f\x33\x5b\x1f\xf8\x0b\xb0\x70\x74\x16\x60\
\x2a\x30\xca\xdd\x67\x75\x7a\x21\x75\x00\x44\x44\x2a\xa4\xd5\x01\
\xf5\xe7\xee\x77\x03\x5f\x8e\xce\x51\x18\x49\x49\xcb\x14\x55\x00\
\x88\x88\x54\x4c\x73\x02\xea\xcf\xdd\x7f\x4e\xda\x23\x20\x07\x5b\
\x97\x71\x11\x15\x00\x22\x22\x5d\xa0\x4e\x40\x23\x1c\x41\xda\x96\
\x37\xda\x96\x65\x5c\x44\x05\x80\x88\x48\x97\xd4\xbc\x13\xb0\x53\
\x74\x90\x68\xee\xfe\x00\x70\x46\x74\x0e\x60\x4b\x33\xb3\x4e\x2f\
\xa2\x49\x80\x22\x22\x5d\xa6\x7d\x02\xea\xcb\xcc\x56\x07\x1e\x02\
\x86\x06\x47\x59\xd1\xdd\x9f\xee\xe4\x02\xea\x00\x88\x88\x74\x99\
\x3a\x01\xf5\xe5\xee\x13\x80\x3f\x44\xe7\x00\xd6\xec\xf4\x02\x2a\
\x00\x44\x44\x02\xd4\x78\x4e\xc0\x25\x9a\x13\xc0\xaf\xa3\x03\x00\
\x63\x3b\xbd\x80\x0a\x00\x11\x91\x20\xea\x04\xd4\xd6\xa5\xa4\xbd\
\x12\x22\xad\xd1\xe9\x05\x54\x00\x88\x88\x04\xaa\xf1\x8e\x81\x17\
\xb7\xb5\x08\x70\xf7\x69\xc0\x2d\xc1\x31\x54\x00\x88\x88\xd4\x9d\
\x8a\x80\x5a\xba\x3e\xf8\xfe\xcb\x75\x7a\x01\x15\x00\x22\x22\x19\
\xd0\x9c\x80\xda\xb9\x2f\xf8\xfe\x23\x3b\xbd\x80\x0a\x00\x11\x91\
\x4c\x14\x73\x02\xb6\xa1\x5e\x45\xc0\x42\xc0\x05\x2d\x2c\x02\x1e\
\x0e\xbe\xbf\x0a\x00\x11\x91\x26\x51\x11\x50\x1b\x1d\xad\xc1\x2f\
\x81\x0a\x00\x11\x91\xa6\x51\x11\x50\x0b\x53\x82\xef\xbf\x68\xa7\
\x17\x50\x01\x20\x22\x92\x21\x2d\x11\xcc\xde\x8c\xe0\xfb\x2f\xd4\
\xe9\x05\x54\x00\x88\x88\x64\x4a\x13\x03\xb3\x36\x22\xf8\xfe\x53\
\x3b\xbd\x80\x0a\x00\x11\x91\x8c\xa9\x13\x90\xad\xc5\x82\xef\xaf\
\x02\x40\x44\xa4\xe9\xd4\x09\xc8\x52\xf4\x41\x4e\x1d\xcf\x41\x50\
\x01\x20\x22\x52\x03\xea\x04\x64\xa7\xe3\xbd\xf8\x3b\x34\xad\xd3\
\x0b\xa8\x00\x10\x11\xa9\x09\xed\x18\x98\x95\xf7\x05\xdf\xff\xd5\
\x4e\x2f\xa0\x02\x40\x44\xa4\x46\x34\x1c\x90\x8d\x6d\x82\xef\xdf\
\x71\x11\xa8\x02\x40\x44\xa4\x66\x34\x1c\x10\xcb\xcc\x56\xa7\x84\
\xc3\x78\x3a\xd4\xf1\x4e\x84\x2a\x00\x44\x44\x6a\x48\x9d\x80\x50\
\x7b\x03\x16\x9c\x41\x05\x80\x88\x48\x5b\xa9\x13\xd0\x7d\x66\x36\
\x04\xd8\x37\x3a\x07\x2a\x00\x44\x44\xda\x4d\x9d\x80\xae\xfb\x08\
\xb0\x76\x74\x08\xe0\xd1\x4e\x2f\xa0\x02\x40\x44\xa4\xe6\xd4\x09\
\xe8\x0e\x33\x33\xe0\x3f\xa2\x73\x00\x0f\xb9\xbb\xf6\x01\x10\x11\
\x11\x75\x02\xba\xe4\x33\xc0\xa6\xd1\x21\x80\x6b\xcb\xb8\x88\x0a\
\x00\x11\x91\x86\x50\x27\xa0\x3a\x66\xb6\x24\x70\x6c\x74\x8e\xc2\
\xf5\x65\x5c\x44\x05\x80\x88\x48\x83\xa8\x13\x50\x99\xd3\x80\xe5\
\xa3\x43\x14\xd4\x01\x10\x11\x91\x7f\xa6\x4e\x40\xb9\xcc\xec\xff\
\x01\x1f\x8b\xce\x51\x98\x54\xfc\xf7\xed\x98\x0a\x00\x11\x91\x06\
\xd2\xb6\xc1\xe5\x30\xb3\x3d\x80\xff\x8e\xce\xd1\xc3\xe5\x65\x5d\
\x48\x05\x80\x88\x48\x43\xd5\xbc\x08\xd8\x2d\x3a\x88\x99\x7d\x04\
\x38\x8b\xbc\xde\x95\xe7\x95\x75\xa1\x9c\x7e\x53\x22\x22\x52\xb2\
\x1a\x17\x01\x17\x9a\xd9\x41\x51\x01\xcc\xec\x10\xe0\x42\xd2\xd0\
\x44\x2e\x9e\xa2\xa4\xf1\x7f\x50\x01\x20\x22\xd2\x78\x35\x9d\x18\
\xb8\x00\x70\xaa\x99\x9d\x69\x66\x23\xba\x75\x53\x33\x1b\x6e\x66\
\x3f\x01\x4e\x06\x86\x76\xeb\xbe\xfd\x74\x9e\xbb\xcf\x2e\xeb\x62\
\x2a\x00\x44\x44\x5a\xa0\xa6\x13\x03\x01\x3e\x0d\xdc\x62\x66\x5b\
\x54\x7d\x23\x33\xdb\x0a\xb8\x03\x38\xa2\xea\x7b\x0d\x52\x69\xed\
\x7f\x50\x01\x20\x22\xd2\x1a\x35\x1d\x0e\x00\x58\x17\xb8\xce\xcc\
\xce\x31\xb3\xd2\x4f\xe1\x33\xb3\xb5\xcc\xec\x5c\xe0\x1a\xe0\xdd\
\x65\x5f\xbf\x24\xf7\xbb\xfb\x6d\x65\x5e\x50\x05\x80\x88\x48\x8b\
\xd4\xb8\x08\x30\xe0\x5f\x80\x07\xcd\xec\x02\x33\xdb\xd1\xcc\x06\
\xdd\xa2\x37\xb3\xa1\x66\xb6\x93\x99\xfd\x16\xb8\x1f\xd8\x8b\xf8\
\x13\xfe\xe6\xe7\xb8\xb2\x2f\x68\xee\x5e\xf6\x35\x45\x44\x24\x73\
\x66\x36\x06\xb8\x1a\x58\x2d\x3a\x4b\x07\x9e\x05\x2e\x05\xae\x03\
\x6e\x04\x1e\x73\xf7\x37\xe7\xf5\x0f\x16\xc5\xc2\x68\x60\x1c\xb0\
\x35\xf0\x61\x60\xd9\xee\xc4\xec\xd8\x3f\x80\x77\xb9\xfb\x8c\x32\
\x2f\xaa\x02\x40\x44\xa4\xa5\x1a\x52\x04\xf4\x34\x03\x98\x00\xbc\
\x0c\x4c\x2b\xfe\xde\x08\x60\x14\xb0\x3a\x30\x2c\x28\x57\xa7\xbe\
\xe2\xee\x3f\x2a\xfb\xa2\x2a\x00\x44\x44\x5a\xcc\xcc\x56\x25\x8d\
\x7d\x8f\x09\x8e\x22\xf3\xf6\x32\xb0\x5a\x19\xa7\xff\xcd\x4d\x73\
\x00\x44\x44\x5a\xac\xc6\xab\x03\xda\xe2\xc7\x55\xbc\xfc\x41\x1d\
\x00\x11\x11\x41\x9d\x80\x4c\x3d\x0e\xac\xe3\xee\xaf\x55\x71\x71\
\x75\x00\x44\x44\x64\x4e\x27\x60\x1b\xea\xb5\x59\x50\xd3\x1d\x59\
\xd5\xcb\x1f\xd4\x01\x10\x11\x91\x1e\xd4\x09\xc8\xc6\x95\xee\xbe\
\x43\x95\x37\x50\x01\x20\x22\x22\xef\xa0\x22\x20\xdc\x2c\x60\x43\
\x77\xbf\xb7\xca\x9b\x68\x08\x40\x44\x44\xde\xa1\xc7\xc4\xc0\x52\
\xce\x9d\x97\x01\xfb\x6e\xd5\x2f\x7f\x50\x07\x40\x44\x44\x7a\xa1\
\x4e\x40\x88\xeb\x80\xed\x7a\xdb\xd0\xa8\x4c\x2a\x00\x44\x44\xa4\
\x57\x2a\x02\xba\xea\x79\x52\xeb\xff\xc9\x6e\xdc\x4c\x43\x00\x22\
\x22\xd2\x2b\xad\x0e\xe8\x1a\x07\x0e\xea\xd6\xcb\x1f\x54\x00\x88\
\x88\x48\x1f\x34\x27\xa0\x2b\x8e\x73\xf7\x4b\xba\x79\x43\x0d\x01\
\x88\x88\x48\xbf\x68\x38\xa0\x32\x17\x03\xbb\x77\x63\xdc\xbf\x27\
\x15\x00\x22\x22\xd2\x6f\x2a\x02\x4a\x77\x0d\xb0\xab\xbb\xbf\xde\
\xed\x1b\xab\x00\x10\x11\x91\x01\x51\x11\x50\x9a\x7b\x80\xad\xdc\
\xfd\x95\x88\x9b\xab\x00\x10\x11\x91\x01\x2b\x8e\x12\xbe\x06\x58\
\x35\x38\x4a\x5d\x4d\x04\xc6\xb9\xfb\xd3\x51\x01\x34\x09\x50\x44\
\x44\x06\xcc\xdd\x27\x02\x1f\x00\xee\x8e\xce\x52\x43\x0f\x00\xdb\
\x44\xbe\xfc\x41\x05\x80\x88\x88\x0c\x92\xbb\x3f\x45\x5a\x22\x78\
\x43\x70\x94\x3a\xb9\x85\xd4\xf6\x0f\x5f\x51\xa1\x02\x40\x44\x44\
\x06\xcd\xdd\x5f\x06\x76\x00\x7e\x1b\x9d\xa5\x06\x2e\x25\xed\xf2\
\xf7\x42\x74\x10\x50\x01\x20\x22\x22\x1d\x72\xf7\x37\x80\xbd\x80\
\x5f\x44\x67\xc9\xd8\x29\xc0\x27\xaa\x3c\xde\x77\xa0\x54\x00\x88\
\x88\x48\xc7\xdc\x7d\x96\xbb\x1f\x0c\x7c\x16\x98\x1a\x9d\x27\x23\
\xd3\x81\x23\xdd\xfd\x50\x77\x9f\x15\x1d\xa6\x27\xad\x02\x10\x11\
\x91\x52\x99\xd9\x5a\xc0\x79\xc0\x06\xd1\x59\x82\xdd\x07\xec\xd5\
\x8d\x93\xfd\x06\x43\x1d\x00\x11\x11\x29\x95\xbb\xff\x9d\xb4\x42\
\xe0\x78\xd2\x1e\xf7\x6d\x74\x16\xb0\x49\xae\x2f\x7f\x50\x07\x40\
\x44\x44\x2a\x64\x66\x3b\x92\x0a\x81\xb5\xa3\xb3\x74\xc9\xfd\xc0\
\x11\xee\x7e\x65\x74\x90\xbe\xa8\x03\x20\x22\x22\x95\x71\xf7\x3f\
\x03\xeb\x03\x47\x02\xaf\x06\xc7\xa9\xd2\x34\xe0\x68\xd2\x71\xbe\
\xd9\xbf\xfc\x41\x1d\x00\x11\x11\xe9\x12\x33\x5b\x01\xf8\x21\xb0\
\x0f\x60\xc1\x71\xca\x32\x9b\xd4\xee\xff\x9a\xbb\x3f\x13\x1d\x66\
\x20\x54\x00\x88\x88\x48\x57\x99\xd9\x58\xe0\x8b\xc0\x21\xc0\xf0\
\xe0\x38\x83\x35\x03\x38\x1f\x38\xd6\xdd\xef\x8f\x0e\x33\x18\x2a\
\x00\x44\x44\x24\x84\x99\x2d\x0f\x7c\x0e\xf8\x12\xb0\x44\x70\x9c\
\xfe\x9a\x0a\x9c\x0e\x1c\xe7\xee\x4f\x44\x87\xe9\x84\x0a\x00\x11\
\x11\x09\x65\x66\xa3\x80\xbd\x8b\xcf\x38\xf2\x1b\x1e\x98\x4d\xda\
\xee\xf8\x3c\xe0\xdc\xa8\xd3\xfb\xca\xa6\x02\x40\x44\x44\xb2\x61\
\x66\x2b\x03\xbb\x03\x7b\x90\x8a\x81\x48\xf7\x03\xe3\x81\x33\xdd\
\x7d\x42\x70\x96\xd2\xa9\x00\x10\x11\x91\x2c\x15\x93\x06\xb7\x28\
\x3e\xe3\x80\x8d\xa8\xb6\x3b\x30\x01\xb8\x91\xf4\x6d\xff\x72\x77\
\x9f\x54\xe1\xbd\xc2\xa9\x00\x10\x11\x91\x5a\x28\xe6\x0c\x6c\x06\
\xac\x09\xac\x51\x7c\xc6\x02\x2b\x0f\xe0\x32\x0e\xfc\x03\x78\x04\
\x78\xb8\xf8\xf5\xef\xc0\x2d\xee\xfe\x6c\xa9\x81\x33\xa7\x02\x40\
\x44\x44\x6a\xcd\xcc\x16\x06\x16\x07\x46\x90\x26\x13\x8e\x28\x3e\
\x0e\xbc\x46\x5a\xa3\xff\x4a\xf1\xeb\x64\x77\x9f\x1e\x14\x35\x2b\
\x2a\x00\x44\x44\x44\x5a\x48\x3b\x01\x8a\x88\x88\xb4\x90\x0a\x00\
\x11\x11\x91\x16\x52\x01\x20\x22\x22\xd2\x42\x2a\x00\x44\x44\x44\
\x5a\x48\x05\x80\x88\x88\x48\x0b\xa9\x00\x10\x11\x11\x69\x21\x15\
\x00\x22\x22\x22\x2d\xa4\x02\x40\x44\x44\xa4\x85\x54\x00\x88\x88\
\x88\xb4\x90\x0a\x00\x11\x11\x91\x16\x52\x01\x20\x22\x22\xd2\x42\
\x2a\x00\x44\x44\x44\x5a\x48\x05\x80\x88\x88\x48\x0b\xa9\x00\x10\
\x11\x11\x69\x21\x15\x00\x22\x22\x22\x2d\xf4\xff\x01\xfb\x46\xca\
\x98\x52\xfa\xeb\xff\x00\x00\x00\x00\x49\x45\x4e\x44\xae\x42\x60\
\x82\
"

qt_resource_name = b"\
\x00\x09\
\x0a\x6c\x78\x43\
\x00\x72\
\x00\x65\x00\x73\x00\x6f\x00\x75\x00\x72\x00\x63\x00\x65\x00\x73\
\x00\x05\
\x00\x6f\xa6\x53\
\x00\x69\
\x00\x63\x00\x6f\x00\x6e\x00\x73\
\x00\x08\
\x08\x37\x09\xcf\
\x00\x63\
\x00\x53\x00\x4e\x00\x50\x00\x69\x00\x6e\x00\x66\x00\x6f\
\x00\x17\
\x05\x53\x90\xd4\
\x00\x4e\
\x00\x43\x00\x30\x00\x30\x00\x31\x00\x35\x00\x32\x00\x36\x00\x5f\x00\x4e\x00\x75\x00\x63\x00\x6c\x00\x50\x00\x6f\x00\x73\x00\x5f\
\x00\x36\x00\x34\x00\x37\x00\x2e\x00\x6d\x00\x64\
\x00\x17\
\x05\x63\x70\xd4\
\x00\x4e\
\x00\x43\x00\x30\x00\x30\x00\x31\x00\x35\x00\x32\x00\x36\x00\x5f\x00\x4e\x00\x75\x00\x63\x00\x6c\x00\x50\x00\x6f\x00\x73\x00\x5f\
\x00\x37\x00\x34\x00\x39\x00\x2e\x00\x6d\x00\x64\
\x00\x17\
\x05\x83\xb0\xd4\
\x00\x4e\
\x00\x43\x00\x30\x00\x30\x00\x31\x00\x35\x00\x32\x00\x36\x00\x5f\x00\x4e\x00\x75\x00\x63\x00\x6c\x00\x50\x00\x6f\x00\x73\x00\x5f\
\x00\x31\x00\x34\x00\x35\x00\x2e\x00\x6d\x00\x64\
\x00\x17\
\x05\xa2\xb0\xd4\
\x00\x4e\
\x00\x43\x00\x30\x00\x30\x00\x31\x00\x35\x00\x32\x00\x36\x00\x5f\x00\x4e\x00\x75\x00\x63\x00\x6c\x00\x50\x00\x6f\x00\x73\x00\x5f\
\x00\x33\x00\x33\x00\x35\x00\x2e\x00\x6d\x00\x64\
\x00\x17\
\x05\xac\xc0\xd4\
\x00\x4e\
\x00\x43\x00\x30\x00\x30\x00\x31\x00\x35\x00\x32\x00\x36\x00\x5f\x00\x4e\x00\x75\x00\x63\x00\x6c\x00\x50\x00\x6f\x00\x73\x00\x5f\
\x00\x33\x00\x35\x00\x30\x00\x2e\x00\x6d\x00\x64\
\x00\x18\
\x09\xf6\x6b\x94\
\x00\x4e\
\x00\x43\x00\x30\x00\x30\x00\x31\x00\x35\x00\x32\x00\x36\x00\x5f\x00\x4e\x00\x75\x00\x63\x00\x6c\x00\x50\x00\x6f\x00\x73\x00\x5f\
\x00\x32\x00\x38\x00\x36\x00\x30\x00\x2e\x00\x6d\x00\x64\
\x00\x18\
\x0a\x3b\x6b\x94\
\x00\x4e\
\x00\x43\x00\x30\x00\x30\x00\x31\x00\x35\x00\x32\x00\x36\x00\x5f\x00\x4e\x00\x75\x00\x63\x00\x6c\x00\x50\x00\x6f\x00\x73\x00\x5f\
\x00\x33\x00\x34\x00\x31\x00\x30\x00\x2e\x00\x6d\x00\x64\
\x00\x18\
\x0a\xd4\x2b\x94\
\x00\x4e\
\x00\x43\x00\x30\x00\x30\x00\x31\x00\x35\x00\x32\x00\x36\x00\x5f\x00\x4e\x00\x75\x00\x63\x00\x6c\x00\x50\x00\x6f\x00\x73\x00\x5f\
\x00\x33\x00\x36\x00\x38\x00\x34\x00\x2e\x00\x6d\x00\x64\
\x00\x18\
\x0b\x78\x0b\x94\
\x00\x4e\
\x00\x43\x00\x30\x00\x30\x00\x31\x00\x35\x00\x32\x00\x36\x00\x5f\x00\x4e\x00\x75\x00\x63\x00\x6c\x00\x50\x00\x6f\x00\x73\x00\x5f\
\x00\x34\x00\x30\x00\x34\x00\x32\x00\x2e\x00\x6d\x00\x64\
\x00\x11\
\x06\x47\x9f\xc7\
\x00\x63\
\x00\x69\x00\x6c\x00\x2d\x00\x63\x00\x68\x00\x65\x00\x63\x00\x6b\x00\x2d\x00\x61\x00\x6c\x00\x74\x00\x2e\x00\x70\x00\x6e\x00\x67\
\
\x00\x0c\
\x0b\x0b\xb0\xa7\
\x00\x63\
\x00\x69\x00\x6c\x00\x2d\x00\x68\x00\x6f\x00\x6d\x00\x65\x00\x2e\x00\x70\x00\x6e\x00\x67\
\x00\x13\
\x0d\x1f\xe1\xe7\
\x00\x63\
\x00\x69\x00\x6c\x00\x2d\x00\x6f\x00\x70\x00\x65\x00\x6e\x00\x2d\x00\x66\x00\x6f\x00\x6c\x00\x64\x00\x65\x00\x72\x00\x2e\x00\x70\
\x00\x6e\x00\x67\
\x00\x18\
\x0d\xa6\x65\x27\
\x00\x63\
\x00\x69\x00\x6c\x00\x2d\x00\x6d\x00\x61\x00\x67\x00\x6e\x00\x69\x00\x66\x00\x79\x00\x69\x00\x6e\x00\x67\x00\x2d\x00\x67\x00\x6c\
\x00\x61\x00\x73\x00\x73\x00\x2e\x00\x70\x00\x6e\x00\x67\
"

qt_resource_struct_v1 = b"\
\x00\x00\x00\x00\x00\x02\x00\x00\x00\x01\x00\x00\x00\x01\
\x00\x00\x00\x00\x00\x02\x00\x00\x00\x02\x00\x00\x00\x02\
\x00\x00\x00\x18\x00\x02\x00\x00\x00\x04\x00\x00\x00\x0d\
\x00\x00\x00\x28\x00\x02\x00\x00\x00\x09\x00\x00\x00\x04\
\x00\x00\x00\x3e\x00\x00\x00\x00\x00\x01\x00\x00\x00\x00\
\x00\x00\x00\x72\x00\x00\x00\x00\x00\x01\x00\x00\x05\xae\
\x00\x00\x00\xa6\x00\x00\x00\x00\x00\x01\x00\x00\x0c\xc4\
\x00\x00\x00\xda\x00\x00\x00\x00\x00\x01\x00\x00\x11\x0d\
\x00\x00\x01\x0e\x00\x00\x00\x00\x00\x01\x00\x00\x15\x54\
\x00\x00\x01\x42\x00\x00\x00\x00\x00\x01\x00\x00\x21\xfa\
\x00\x00\x01\x78\x00\x00\x00\x00\x00\x01\x00\x00\x24\xa6\
\x00\x00\x01\xae\x00\x00\x00\x00\x00\x01\x00\x00\x2c\x2d\
\x00\x00\x01\xe4\x00\x00\x00\x00\x00\x01\x00\x00\x31\x87\
\x00\x00\x02\x1a\x00\x00\x00\x00\x00\x01\x00\x00\x36\xf6\
\x00\x00\x02\x42\x00\x00\x00\x00\x00\x01\x00\x00\x49\x6a\
\x00\x00\x02\x60\x00\x00\x00\x00\x00\x01\x00\x00\x6d\x68\
\x00\x00\x02\x8c\x00\x00\x00\x00\x00\x01\x00\x00\x85\xef\
"

qt_resource_struct_v2 = b"\
\x00\x00\x00\x00\x00\x02\x00\x00\x00\x01\x00\x00\x00\x01\
\x00\x00\x00\x00\x00\x00\x00\x00\
\x00\x00\x00\x00\x00\x02\x00\x00\x00\x02\x00\x00\x00\x02\
\x00\x00\x00\x00\x00\x00\x00\x00\
\x00\x00\x00\x18\x00\x02\x00\x00\x00\x04\x00\x00\x00\x0d\
\x00\x00\x00\x00\x00\x00\x00\x00\
\x00\x00\x00\x28\x00\x02\x00\x00\x00\x09\x00\x00\x00\x04\
\x00\x00\x00\x00\x00\x00\x00\x00\
\x00\x00\x00\x3e\x00\x00\x00\x00\x00\x01\x00\x00\x00\x00\
\x00\x00\x01\x7b\xbf\xdb\x5e\x70\
\x00\x00\x00\x72\x00\x00\x00\x00\x00\x01\x00\x00\x05\xae\
\x00\x00\x01\x7b\xbf\xdb\x5e\x70\
\x00\x00\x00\xa6\x00\x00\x00\x00\x00\x01\x00\x00\x0c\xc4\
\x00\x00\x01\x7b\xc8\xec\xe6\xf0\
\x00\x00\x00\xda\x00\x00\x00\x00\x00\x01\x00\x00\x11\x0d\
\x00\x00\x01\x7b\xc8\xed\x44\xb0\
\x00\x00\x01\x0e\x00\x00\x00\x00\x00\x01\x00\x00\x15\x54\
\x00\x00\x01\x7b\xbf\xdb\x5e\x70\
\x00\x00\x01\x42\x00\x00\x00\x00\x00\x01\x00\x00\x21\xfa\
\x00\x00\x01\x7b\xbf\xdb\x5e\x70\
\x00\x00\x01\x78\x00\x00\x00\x00\x00\x01\x00\x00\x24\xa6\
\x00\x00\x01\x7b\xbf\xdb\x5e\x70\
\x00\x00\x01\xae\x00\x00\x00\x00\x00\x01\x00\x00\x2c\x2d\
\x00\x00\x01\x7b\xc8\xee\x3e\xb0\
\x00\x00\x01\xe4\x00\x00\x00\x00\x00\x01\x00\x00\x31\x87\
\x00\x00\x01\x7b\xbf\xdb\x5e\x70\
\x00\x00\x02\x1a\x00\x00\x00\x00\x00\x01\x00\x00\x36\xf6\
\x00\x00\x01\xa0\x9d\x3e\x66\xc0\
\x00\x00\x02\x42\x00\x00\x00\x00\x00\x01\x00\x00\x49\x6a\
\x00\x00\x01\xa0\x9d\x3e\x63\xad\
\x00\x00\x02\x60\x00\x00\x00\x00\x00\x01\x00\x00\x6d\x68\
\x00\x00\x01\xa0\x9d\x6f\xcd\x44\
\x00\x00\x02\x8c\x00\x00\x00\x00\x00\x01\x00\x00\x85\xef\
\x00\x00\x01\xa0\x9d\x3e\x65\x3a\
"

qt_version = [int(v) for v in QtCore.qVersion().split('.')]
if qt_version < [5, 8, 0]:
    rcc_version = 1
    qt_resource_struct = qt_resource_struct_v1
else:
    rcc_version = 2
    qt_resource_struct = qt_resource_struct_v2

def qInitResources():
    QtCore.qRegisterResourceData(rcc_version, qt_resource_struct, qt_resource_name, qt_resource_data)

def qCleanupResources():
    QtCore.qUnregisterResourceData(rcc_version, qt_resource_struct, qt_resource_name, qt_resource_data)

qInitResources()
